        1922        3840
   6.8720593499999996E-002  0.24445146000000001        1.7466883000000000     
   6.8720431900000004E-002  0.24445162100000001        1.7466883000000000     
   6.8718920500000003E-002  0.24444994800000000        1.7466885200000000     
  -5.0404558699999998E-002  0.18346979199999999        1.7492201300000001     
  -4.9805147399999999E-002  0.18343125299999999        1.7492657599999999     
  -4.9539247799999998E-002  0.18357993100000000        1.7492741400000000     
   1.8359984600000000E-002  0.21170471399999999        1.7492741400000000     
   1.8647467000000001E-002  0.21174130599999999        1.7492562000000000     
   1.8929096999999999E-002  0.21202293600000000        1.7492562000000000     
  0.14432362400000001       0.29969882399999997        1.7287118600000000     
  0.14330360600000000       0.29926158000000003        1.7289731500000001     
  0.10951169900000000       0.26546967300000002        1.7393689999999999     
  0.10897344400000000       0.26358517300000001        1.7396559000000000     
  0.17894301500000001       0.26358517300000001        1.7244349500000000     
  0.16763374300000000       0.29088817200000000        1.7244349500000000     
   7.3872484599999996E-002  0.25529033400000001        1.7447947100000001     
   7.3872484599999996E-002  0.32802089200000001        1.7289731500000001     
   6.5631735600000005E-002  0.34862736100000002        1.7237479400000000     
 -0.23870366700000001       0.22256751000000000        1.7237479400000000     
 -0.20965447300000001       0.21053494000000000        1.7289829900000000     
 -0.11891515100000000       0.18461780400000000        1.7427971300000000     
 -0.11855615799999999       0.18458755199999999        1.7428360599999999     
 -0.10226557100000000       0.18346979199999999        1.7445471100000001     
   6.4704062699999995E-002  0.24043509099999999        1.7472001399999999     
 -0.20675587900000000       0.20915712800000000        1.7294893899999999     
 -0.15059392499999999       0.18517104000000001        1.7389803100000001     
 -0.11930758000000000       0.18461780400000000        1.7427506600000000     
 -0.49106703899999998       0.30672097500000001        1.6664036400000000     
 -0.48656548199999999       0.30303903399999998        1.6677146599999999     
 -0.42561974800000002       0.27866617799999999        1.6831687500000001     
 -0.24788645000000001       0.22470347299999999        1.7219428100000000     
  -4.9805147399999999E-002  0.16173997300000001        1.7445471100000001     
   7.7718654600000006E-002  0.19486928200000000        1.7402632000000000     
  -2.2683065499999999E-002   9.3919642100000006E-002   1.7273498199999999     
  0.11969384700000001       0.15289409000000001        1.7273498199999999     
  0.25074379600000002       0.23487126600000000        1.7062283300000001     
  0.20214745500000000       0.11754932200000000        1.7062283300000001     
   1.1544186100000000       0.16717789399999999        1.3998895000000000     
  0.79178802000000004       0.35506739500000001        1.5163660699999999     
  0.70415600199999995       0.34581199699999998        1.5499761000000001     
  0.62768455300000003       0.31522393599999998        1.5815554500000000     
  0.59749927100000000       0.23487126600000000        1.6008444100000001     
  0.81883490999999997       0.16717789399999999        1.5250557499999999     
  0.21014456900000000       0.83982343000000004        1.5499761000000001     
  0.16721824399999999       0.73250579599999999        1.5942935600000001     
   8.7886019900000001E-002  0.70270385400000002        1.6133375599999999     
   6.5631735600000005E-002  0.62993947500000003        1.6382531800000000     
  0.28401016800000001        1.5391981200000000        1.2817407100000000     
   8.7886019900000001E-002   1.5917494299999999        1.2817407100000000     
  -4.9183161099999997E-002   1.8623318400000000        1.1671200100000001     
 -0.77460597899999994        1.6679553700000000        1.1671200100000001     
 -0.82866224899999996        1.5636256700000000        1.2006306099999999     
 -0.87173926400000001        1.4607088300000000        1.2347114900000000     
 -0.87751604400000005        1.1817314000000001        1.3381873600000000     
 -0.85610964000000001       0.97905116599999997        1.4159225300000000     
 -0.85476791100000005       0.97569678699999995        1.4173077400000000     
 -0.84188213700000003       0.73210013100000004        1.4929623599999999     
 -0.81475747399999998       0.63796863400000003        1.5249848600000000     
 -0.75818498199999995       0.51856746399999998        1.5683942300000000     
 -0.75400199400000001       0.51350017500000000        1.5704608300000000     
 -0.72109493899999999       0.48059312100000001        1.5846042700000000     
 -0.57387276300000001       0.35738507899999999        1.6405820700000000     
 -0.39693641099999999       0.26678515000000003        1.6903903800000000     
 -0.87671860099999999       0.95844220499999999        1.4159225300000000     
 -0.89278415200000005       0.86371541100000004        1.4391252400000001     
 -0.74931531399999995       0.50102432100000005        1.5734557000000000     
 -0.76126381899999995       0.50707708600000001        1.5683942300000000     
 -0.50227792599999999       0.26121279600000002        1.6576741100000001     
 -0.54366743699999998       0.24465727200000001        1.6405820700000000     
 -0.16172053400000000       -2.5169832300000000E-002   1.6736540400000000     
 -0.66410519099999998       0.10101515400000000        1.5626864300000001     
 -0.26920485100000002      -0.29388518600000002        1.5626864300000001     
  -2.2683065499999999E-002   2.7060980299999999E-002   1.7070305200000000     
   8.4522607799999996E-002 -0.32346722200000000        1.5870043800000000     
 -0.28743345199999998      -0.46647732900000000        1.4964911200000000     
   8.4522607799999996E-002 -0.56614265699999999        1.4964911200000000     
   1.1221304800000000       -1.0410381000000000        1.2156658700000000     
  0.96783475799999996      -0.65529224500000005        1.3749619300000000     
  0.38377545299999999       -1.1568848899999999        1.2462483700000000     
  0.43943903000000001       -1.2239647199999999        1.2156658700000000     
  0.96743517499999998      -0.64773839700000002        1.3773079600000000     
   1.1281602200000000      -0.65624042900000001        1.3273910499999999     
   1.2553054800000001       -1.1526996199999999        1.1434464400000000     
   1.4599083200000000      -0.94809678500000005        1.1434464400000000     
   1.4693702300000000      -0.89230682900000002        1.1571118300000001     
   1.3437388200000000      -0.74247040600000003        1.2383665699999999     
   1.5033602699999999       -1.5613502800000000E-002   1.2514728399999999     
   1.4550072599999999        2.4510351400000002E-002   1.2735175500000000     
   1.1961122600000000       0.15565903300000000        1.3831873800000001     
   1.4952743399999999      -0.17693217000000000        1.2383665699999999     
   1.5042479700000000       -1.5613502800000000E-002   1.2509881199999999     
   1.5003209799999999        6.4321220200000001E-002   1.2444503600000001     
   1.4974731500000000        9.1783385600000003E-002   1.2430226099999999     
   1.4925010900000000       0.11677960400000000        1.2430226099999999     
   1.4773633900000001       0.15402213000000001        1.2455510200000000     
   1.4916354700000001       0.14051477800000001        1.2403297000000000     
   1.4189137500000000       0.55036831600000002        1.1441599800000000     
  0.91443063599999996        1.3053806500000000        1.1441599800000000     
  0.77099897799999995        1.6346356099999999        1.0796982799999999     
  0.30769598700000000        1.5748440699999999        1.2611586500000000     
  0.87935979399999997        1.5262747900000000        1.0796982799999999     
  0.69501302600000003        1.8689169400000001       0.98954348999999997     
  0.32110291800000001        2.1187556900000000       0.98954348900000000     
  0.30490844700000003        2.0537962699999999        1.0267729699999999     
  -4.9183161099999997E-002   1.9099103200000001        1.1438000800000001     
  0.31532017000000001        2.1778687200000002       0.95789342099999997     
   7.0748876299999999E-002   2.2265169800000000       0.95789342000000000     
  -5.8836699399999998E-002   2.2328831899999999       0.96849206099999996     
  -5.8836699399999998E-002   1.9513434599999999        1.1222243900000000     
  -7.3077886999999994E-002   2.2488561200000001       0.95822338500000004     
 -0.14946864000000001        2.2451032299999998       0.95197548099999996     
 -0.31887907700000001        2.2114053999999999       0.95197548200000004     
 -0.32485054499999999        2.2086709999999998       0.95281999200000000     
 -0.38739281599999997        2.1708696600000001       0.96666809399999998     
 -0.46557645199999997        2.1166231000000000       0.98779709100000002     
 -0.47066914700000001        2.1137471900000002       0.98853784800000000     
 -0.53455868299999998        2.0591295000000001        1.0069172399999999     
 -0.57489240399999997        2.0165122800000002        1.0225083900000000     
 -0.62655609899999998        1.9514122899999999        1.0476311700000001     
 -0.74897169799999996        1.7732033599999999        1.1189007600000000     
 -0.77444403600000000        1.6957803100000000        1.1535032800000000     
 -0.77854347700000004        1.6930411500000000        1.1535032800000000     
 -0.80166320199999996        1.6468696400000000        1.1685971399999999     
 -0.88573534300000001        1.1299620399999999        1.3532947799999999     
 -0.88862531400000000        1.0507030200000000        1.3797870400000001     
 -0.91294723200000005       0.88577644099999997        1.4219776300000000     
 -0.81528714999999996       0.62344499600000003        1.5266326600000000     
 -0.76800077899999997       0.50707708600000001        1.5650922000000000     
 -0.83940047200000001       0.50221914400000001        1.5266326600000000     
 -0.78885114000000001       0.50221914400000001        1.5542346899999999     
  -1.0130832299999999       -4.9597764500000002E-002   1.3718594600000000     
 -0.94575754499999998       0.43674070100000001        1.4614454100000001     
  -1.1980592699999999       0.21179282099999999        1.2992456699999999     
  -1.1397825500000001       -8.1184077199999996E-002   1.2992456699999999     
 -0.89183196499999995       -5.0303456400000002E-002   1.4311963999999999     
  -1.0424617500000000       -1.2174791700000001       0.97405250700000001     
  -1.7027951600000000      -0.69719306199999997       0.82043377299999998     
  -1.7167082600000001      -0.71426492900000005       0.80799442799999999     
  -1.7453156700000001      -0.78823608300000003       0.76965802400000005     
  -1.7303591100000000      -0.88965635899999995       0.74371326199999999     
  -1.3265681300000001       -1.4939722600000001       0.74371326400000004     
  -1.3128844300000000       -1.4879018500000001       0.75242852400000004     
 -0.76244223799999999       -1.1813412700000001        1.0837268300000000     
 -0.75987982799999998       -1.6216118799999999       0.86827083500000002     
 -0.98172991899999995       -1.7091722199999999       0.75242852299999996     
 -0.78880170100000002       -1.7376235700000000       0.80178232800000004     
 -0.67060421999999997       -1.9227354900000000       0.71354151499999996     
  0.40926621699999999       -2.1375350800000001       0.71354151300000002     
  0.41995395800000002       -2.1380601399999999       0.71441564999999996     
  0.46560796399999999       -2.0868545699999999       0.74733468800000002     
  0.48149401500000000       -2.0610507500000002       0.76315009300000003     
  0.48149401500000000       -1.4044653499999999        1.1216728499999999     
  0.77427818500000001       -2.0028123600000001       0.76315009300000003     
  0.82749605699999995       -1.9658879300000001       0.77753213399999999     
  0.86124034500000002       -1.9287490599999999       0.79414637700000001     
  0.95769801300000001       -1.7868206799999999       0.86116844299999995     
  0.98301625000000004       -1.7471691800000000       0.88006987599999997     
   1.0458834900000000       -1.6338063300000001       0.93514239099999996     
   1.2854622800000000       -1.2286830200000001        1.1022437000000000     
   1.2856388299999999       -1.1983497500000000        1.1170879400000000     
   1.0492813999999999       -1.6288597600000001       0.93712063199999995     
   1.3060072300000001       -1.2016422300000000        1.1087841800000000     
   1.3063194600000001       -1.2010186899999999        1.1089880200000000     
   1.4680524500000001       -1.0112026700000001        1.1187299700000000     
   1.4249488400000001       -1.0823893099999999        1.1089880200000000     
   1.4695315300000000       -1.0095679200000001        1.1185399499999999     
   1.5295525400000001      -0.91974013200000004        1.1185399499999999     
   1.5336533299999999      -0.89193269600000002        1.1256534899999999     
   1.6043768599999999      -0.82499866399999999        1.0997798900000000     
   1.6221099999999999      -0.79359663199999997        1.0952123100000000     
   1.6323015900000000      -0.51414509300000000        1.1269178600000000     
   1.6398480000000000      -0.35091375600000002        1.1405264799999999     
   1.5352744300000001       -7.3331751599999995E-002   1.2277773599999999     
   1.5051529100000001       -1.6420329899999999E-002   1.2504063599999999     
   1.6354865199999999      -0.49813340000000000        1.1269178600000000     
   1.6423451300000000      -0.35852482600000002        1.1383362699999999     
   1.5012576799999999        5.8407092799999998E-002   1.2444503600000001     
   1.4952285900000000       0.14038275700000000        1.2378384700000000     
   1.5146764800000001       0.17170670099999999        1.2128203000000000     
   1.4478988300000000       0.60221418100000002        1.1050150500000000     
   1.4327884900000001       0.63186988600000005        1.1050150500000000     
   1.5099933600000000       0.15759600500000001        1.2212092400000001     
   1.0928262200000001        1.5300761500000000       0.95595662800000003     
   1.3274702400000000        1.2895455199999999       0.91360696799999996     
   1.0594015800000001        1.6463646000000001       0.90876277699999997     
  0.69749461999999995        2.0082715599999998       0.90876277699999997     
  0.69462113999999997        2.0178126999999999       0.90439692100000002     
  0.57894867000000005        2.1306542700000000       0.88403074199999998     
  0.46926945799999997        2.1955650200000001       0.88882819700000004     
  0.43048583899999998        2.2017757100000002       0.90011567299999995     
  0.31774820199999998        2.1825833800000001       0.95426319100000001     
  0.37833528300000002        2.2283477500000002       0.90011567299999995     
  0.31570978199999999        2.2380618299999999       0.91579799799999995     
  0.30262502899999999        2.2508225300000002       0.90870325100000005     
  0.29565064099999999        2.2544666699999998       0.90712697799999997     
  0.15552138900000001        2.2609385299999998       0.92207470800000002     
   9.6302541100000000E-002   2.2703178700000000       0.92207470800000002     
  -6.8119987100000001E-002   2.2788770700000001       0.93516214900000005     
  -7.3077886999999994E-002   2.2739426699999998       0.93944382699999995     
 -0.13239824500000000        2.2708546900000002       0.93472213999999998     
 -0.19030229900000001        2.2616835800000001       0.93472213999999998     
 -0.22579030600000000        2.2600445699999998       0.93093659799999995     
 -0.55058076899999997        2.0509658399999999        1.0069172399999999     
 -0.75666004799999997        1.7657031700000001        1.1202544299999999     
 -0.82625193900000005        1.6222809000000000        1.1685971399999999     
 -0.87268754599999998        1.4607257199999999        1.2341617899999999     
 -0.91482206799999999        1.4175341500000000        1.2265571500000001     
 -0.92445291900000004        1.3573928500000001        1.2440605100000000     
  -1.1651540000000000       0.88499038699999999        1.2440605100000000     
  -1.1249242500000001       0.87798786200000001        1.2750063800000000     
  -1.1741211700000000       0.88251599800000002        1.2376411400000000     
  -1.2829726500000000       0.19525482199999999        1.2376411400000000     
  -1.3718786000000001       0.11777975000000000        1.1647821500000000     
  -1.4275485500000000        7.5970096000000001E-002   1.1181509700000001     
  -1.7729583099999999      -0.27108483000000000       0.81843186400000001     
  -1.7661322200000000      -0.40221432099999999       0.80799442799999999     
  -1.8777565000000001      -0.94263993499999998       0.62049290899999998     
  -1.8651856200000001       -1.0236828700000000       0.60019859399999997     
  -1.7812272099999999       -1.1884605399999999       0.60019859399999997     
  -1.7802327499999999       -1.1946705900000001       0.59839123900000002     
  -1.7601056600000000       -1.2286791699999999       0.59690367600000005     
  -1.5845411400000000       -1.4227765200000000       0.62318242899999998     
  -1.4998762800000001       -1.5154238200000001       0.63622069500000000     
  -1.4473499599999999       -1.5692678900000001       0.64570089300000000     
  -1.4010390699999999       -1.5684431999999999       0.67254626500000003     
  -1.4451101500000001       -1.5770604500000001       0.64253840600000001     
  -1.4404996600000000       -1.5835344600000001       0.64147706199999999     
  -1.4019935200000000       -1.6220406000000001       0.64147706199999999     
  -1.3989510800000000       -1.6321427600000000       0.63685449599999999     
  -1.3674091399999999       -1.6774993499999999       0.62294489399999997     
  -1.3089609200000001       -1.7345171300000000       0.61265405500000003     
  -1.2170579600000000       -1.7492342100000000       0.63940123699999996     
 -0.74438117699999995       -1.9900750500000000       0.63940123900000001     
 -0.66769292400000002       -2.0019704599999999       0.65860507800000001     
 -0.25296209100000000       -2.4064303300000001       0.43373188200000001     
 -0.21286940600000001       -2.4582764899999998       0.39967392299999999     
   1.5642301599999998E-002  -2.4944691899999998       0.39967392200000001     
   4.0574651500000003E-002  -2.4957670699999999       0.40165844800000000     
  0.14054800500000000       -2.4499594199999999       0.44780298200000002     
  0.27696406200000001       -2.3765303499999999       0.51894547700000004     
  0.37535580499999999       -2.2786050200000001       0.60391728899999997     
  0.41995395800000002       -2.2192221499999998       0.65365853299999999     
  0.54479025900000000       -2.1994500200000000       0.65365853299999999     
  0.54633947999999999       -2.1985119399999999       0.65417709000000002     
  0.60790830200000001       -2.1446350700000001       0.68720889100000004     
  0.69369064700000005       -2.0814041200000002       0.71945433700000005     
  0.97729884099999997       -1.7590431000000000       0.87373853400000001     
   1.5336546200000001      -0.94383614599999999        1.1069667100000000     
   1.5471478500000000      -0.93733902300000005        1.0997719300000000     
   1.5515293900000000      -0.93424725600000003        1.0977891700000000     
   1.6031437500000001      -0.83294837600000005        1.0977891700000000     
   1.6297571600000000      -0.78575527800000000        1.0909606199999999     
   1.6415032300000001      -0.53142846099999996        1.1180899200000001     
   1.6410292500000001      -0.51178389700000004        1.1211501500000001     
   1.6483276400000000      -0.37158140800000000        1.1323097600000001     
   1.5136749599999999        9.0732561300000000E-002   1.2277773599999999     
   1.4677311399999999       0.71205763700000002        1.0418740700000000     
   1.6276533200000001       0.32597134900000002        1.0418740700000000     
   1.3673716600000001        1.2872920900000000       0.88132589200000000     
   1.3808450100000000        1.3130333300000001       0.85322832999999998     
   1.3712770000000001        1.3455170200000000       0.84024090200000001     
   1.0724272800000001        1.7349855700000001       0.84024090200000001     
   1.0622708900000000        1.7395593300000001       0.84586190000000006     
  0.79854647899999998        2.0032837400000001       0.84586190000000006     
  0.74630401000000002        2.0194039300000002       0.86951406799999997     
  0.61525726199999997        2.1199596399999998       0.86951406799999997     
  0.44181689899999999        2.2202627300000000       0.87990692400000003     
  0.38675861700000003        2.2298685900000002       0.89527371400000000     
  0.35923732800000002        2.2412682799999999       0.89527371400000000     
  0.27719348999999999        2.2702921699999998       0.89486054699999995     
  0.26542419800000000        2.2757416099999999       0.89145184499999996     
  0.12985448899999999        2.2832062799999999       0.90476910399999999     
   6.6419287899999999E-002   2.2915576799999999       0.90476910399999999     
  -6.2081101299999997E-002   2.2987742500000001       0.91446993799999998     
  -6.8119987100000001E-002   2.2937005500000001       0.92033866700000000     
  -9.0412806700000001E-002   2.2924485899999998       0.91865572299999998     
 -0.16354767100000001        2.2828202000000002       0.91865572299999998     
 -0.19330743400000000        2.2811815900000001       0.91573236700000005     
 -0.21031853100000000        2.2733050800000001       0.92065923599999999     
 -0.21034035700000001        2.2732916400000001       0.92066872200000005     
 -0.46327229100000000        2.1394393500000000       0.96666809399999998     
 -0.47913748499999997        2.1152761500000001       0.98367001899999995     
 -0.55055201899999995        2.0510280299999999        1.0068776399999999     
 -0.82032591200000005        1.8027274799999999        1.0476311700000001     
 -0.82940693099999996        1.7825623799999999        1.0587914400000000     
 -0.82555125200000001        1.7678242200000001        1.0737569800000000     
 -0.83026285799999999        1.7525548000000000        1.0806700300000001     
  -1.0951476000000000        1.4073502800000000        1.0806700300000001     
  -1.1486896600000001        1.3825952800000001        1.0465767699999999     
  -1.2588076500000001        1.2601944400000000        1.0068001000000000     
  -1.1920058099999999       0.89020510600000002        1.2194799199999999     
  -1.4689964200000001        1.1221876600000000       0.85890522199999997     
  -1.5750952400000000       0.86604245499999999       0.85890522199999997     
  -1.6999143900000000       0.78571344600000004       0.75233236000000003     
  -1.7001007800000001       0.78549605700000003       0.75218788500000000     
  -1.7435368300000000       0.74432682900000002       0.71417186899999996     
  -1.8740373400000001      -0.24692293200000001       0.71417186799999999     
  -1.8753942600000000      -0.27108483000000000       0.71599591299999998     
  -1.9675885099999999      -0.38081759399999998       0.60935508000000005     
  -1.9661055000000001      -0.40722445400000001       0.60736155599999997     
  -1.9155542200000000      -0.79119953600000004       0.60736155599999997     
  -1.9073183499999999      -0.94077537600000005       0.59266844799999996     
  -1.9249188100000001      -0.96480798300000004       0.56603705000000004     
  -1.8759156200000000       -1.0831121399999999       0.56603705000000004     
  -1.8754240600000001       -1.0859296400000000       0.56525068400000000     
  -1.8564793100000001       -1.1099192899999999       0.57084956200000003     
  -1.4252551000000000       -1.6058387400000000       0.63685449599999999     
  -1.3555262699999999       -1.7038861800000000       0.60834124300000003     
  -1.3393456100000001       -1.7290020300000000       0.59760127100000004     
  -1.3079101399999999       -1.7531233100000001       0.59760127100000004     
  -1.2548275000000000       -1.8679346200000000       0.52449439799999997     
  -1.0564368099999999       -2.0464169200000000       0.46002326799999999     
 -0.96756053900000005       -2.1817783400000001       0.36477906999999998     
 -0.21053105000000000       -2.4953502300000001       0.36477906799999998     
 -0.18722535700000001       -2.5315637500000001       0.33385930000000003     
 -0.15433619700000001       -2.5597635200000002       0.31200150500000001     
 -0.15219032800000001       -2.5620275399999999       0.31001999200000002     
  -8.6435538600000000E-002  -2.5706843199999998       0.31001999200000002     
  -8.5718139200000001E-002  -2.5707246100000001       0.31007414999999999     
  -5.4222955300000000E-002  -2.5589038799999999       0.32604129599999998     
  -1.3826365500000000E-002  -2.5414732099999999       0.34879028299999998     
  0.36634053400000000       -2.3647637100000001       0.51894547700000004     
  0.42861272500000003       -2.2990627500000000       0.57644815000000005     
  0.84279241199999999       -1.9686496899999999       0.76873937699999995     
  0.82765125399999995       -2.0259158199999998       0.71945433700000005     
  0.84065199599999996       -2.0061152700000000       0.73338657399999996     
  0.99770790499999995       -1.7433826800000001       0.87373853400000001     
   1.4249581400000000       -1.0826913199999999        1.1087841800000000     
   1.4412420600000000       -1.0753581299999999        1.0997719300000000     
   1.6089661000000000      -0.89998754800000003        1.0644857800000000     
   1.6120530900000001      -0.88229374199999999        1.0694241300000000     
   1.5970990700000001      -0.91317826099999999        1.0687723700000000     
   1.6339494400000001      -0.78549085799999996        1.0870147200000000     
   1.6257494100000001      -0.84922788999999999        1.0694241300000000     
   1.6360272600000001      -0.78832802199999996        1.0838707599999999     
   1.6471317100000000      -0.54608091000000003        1.1105324000000001     
   1.6490829100000000      -0.53126013299999997        1.1105324000000001     
   1.6574412599999999      -0.38242874399999999        1.1217680699999999     
   2.0520397400000001        8.4063769799999993E-002  0.52443282000000002     
   2.0252360600000001       0.32195300100000002       0.52443282000000002     
   1.8667081400000001       0.30839575200000002       0.73824187799999996     
   1.7252371600000000      -0.38242874399999999        1.0312033500000000     
   1.8277040200000001      -0.25622361999999999       0.87532808600000001     
   2.0493102900000002        7.5642774800000007E-002  0.52934641400000004     
   1.6376542599999999       0.32975023300000000        1.0284093000000001     
   1.9117255700000000        1.1126552100000000       0.31075946599999998     
   1.7850605600000000        1.2233271100000001       0.42591838799999998     
   2.1260174500000000       0.49957170699999998       0.31106761900000002     
   2.1257611500000002       0.50097667499999998       0.31075946599999998     
   1.7731424700000000        1.2383551900000001       0.43254617899999998     
   1.7249655100000001        1.2702247000000000       0.47326364399999998     
   1.5180147399999999        1.5995849600000001       0.47326364199999998     
   1.4451080300000001        1.6464053800000000       0.52535242699999996     
   1.3778982799999999        1.6470332999999999       0.60538285500000000     
   1.2206158300000001        1.7231102700000001       0.70299071000000002     
  0.99520715599999998        1.9485189400000000       0.70299071000000002     
  0.79553892900000001        2.0408141199999998       0.81110178200000005     
  0.74450832800000000        2.0878240199999998       0.80335214600000004     
  0.64508959700000001        2.1206147500000001       0.84627696799999996     
  0.50192950999999997        2.2105682000000000       0.84627696900000005     
  0.44063405600000000        2.2297711100000002       0.86940813600000000     
  0.43618914199999997        2.2332961700000000       0.86744780799999999     
  0.37819129099999999        2.2443949700000001       0.88249407400000002     
  0.33357608000000000        2.2600064999999998       0.88249407400000002     
  0.24314243399999999        2.2917357900000002       0.87470080400000005     
  0.21757174200000001        2.3017829700000001       0.86613242199999996     
  0.11476748500000000        2.3081936900000000       0.87526894600000005     
   3.5439934100000001E-002   2.3171317600000001       0.87526894600000005     
  -5.6578635400000001E-002   2.3226768199999999       0.88171164700000004     
  -6.2081101299999997E-002   2.3190024999999999       0.88744814999999999     
  -7.0221389699999998E-002   2.3185119699999999       0.88687820600000000     
 -0.13868659600000000        2.3107977900000001       0.88687820600000000     
 -0.14095598200000001        2.3098398599999999       0.88781627600000002     
 -0.16167303299999999        2.3016997600000000       0.89475826999999997     
 -0.17156922099999999        2.2967855899999998       0.89938995799999999     
 -0.35774161500000001        2.2217137100000000       0.92066872200000005     
 -0.37033143099999999        2.2161736200000002       0.92215467299999998     
 -0.41863273099999998        2.1961665699999999       0.92215467299999998     
 -0.44792145200000000        2.1812488600000002       0.92539789699999997     
 -0.45918211599999997        2.1723185400000000       0.93036415500000003     
 -0.60195814999999997        2.1275890300000002       0.87648452700000001     
 -0.62505536799999994        2.1185507800000001       0.86992699900000003     
 -0.66986296899999997        2.0996538100000000       0.85883847099999999     
 -0.74060818100000003        2.0552016499999999       0.85883847099999999     
 -0.80170847800000000        2.0350492700000000       0.83245793499999998     
 -0.82668301200000005        2.0406228500000001       0.80169985399999999     
 -0.89116038399999997        2.0108186600000000       0.76678835099999998     
  -1.1174989900000001        1.7844800500000000       0.76678835099999998     
  -1.1295016700000000        1.7585138600000001       0.78084783700000004     
  -1.1554093000000001        1.7303903899999999       0.77657693500000002     
  -1.1562699200000000        1.7277810499999999       0.77770353699999994     
  -1.5425378900000000        1.1130390900000000       0.77770353999999997     
  -1.6771389800000001        1.0239992400000000       0.66394347700000000     
  -1.7285322700000001       0.95919500700000004       0.63536305800000004     
  -1.9300077200000001       0.78315845600000000       0.45218937799999998     
  -1.9503419399999999       0.72504658000000000       0.45218937799999998     
  -2.0785308300000001       0.61273195199999997       0.30674510900000002     
  -2.1402489600000001       0.52675135900000003       0.24210640000000000     
  -2.1570113000000002       0.50670568000000005       0.22273168300000001     
  -2.1645887099999999       0.48875436900000002       0.21531135700000001     
  -2.1647319000000000       0.48826267499999998       0.21519408400000001     
  -2.2451720499999999      -0.22566341800000000       0.21519408400000001     
  -2.2528020799999999      -0.35228143499999998       0.22405927300000000     
  -2.2371589200000002      -0.37570783600000002       0.24848207000000000     
  -2.2330102799999998      -0.38081759399999998       0.25479310399999999     
  -2.1943909300000000      -0.72357372799999997       0.25479310399999999     
  -2.1329808699999999      -0.83775862199999995       0.31964098600000002     
  -2.1197083600000002      -0.85363089900000000       0.33498199099999998     
  -2.0848365499999999      -0.90221142200000004       0.37150398000000001     
  -2.0206709200000001      -0.95843110300000001       0.44430687800000002     
  -1.9303318800000000      -0.96685332800000001       0.55874915500000000     
  -2.0163826299999998      -0.97068633100000001       0.44430687800000002     
  -1.9417248600000001       -1.0359175899999999       0.51218283300000000     
  -1.9314594700000001       -1.0488617000000000       0.51789153899999996     
  -1.7929029900000000       -1.2111004200000000       0.57084956200000003     
  -1.7601811000000001       -1.2321143000000001       0.59422797900000002     
  -1.4009131399999999       -1.6584993100000001       0.60834124300000003     
  -1.2743400600000001       -1.8633952800000000       0.51419820999999999     
  -1.2690729000000001       -1.8682474499999999       0.51339832600000002     
  -1.0554076800000001       -2.2009576000000002       0.27569087900000000     
 -0.95752344000000000       -2.2624623499999998       0.27569088000000003     
 -0.80078407399999996       -2.4994044299999998        7.5435835000000007E-002
 -0.69363490500000002       -2.5843795599999999        2.8180150200000000E-002
 -0.60741494500000004       -2.6008791000000002        5.0548021100000000E-002
 -0.49840351599999999       -2.6390238500000001        5.0548021100000000E-002
 -0.39770067999999997       -2.6573947000000002        7.2635315699999994E-002
 -0.28669198699999998       -2.6547609500000000       0.12695110700000001     
 -0.20327982100000000       -2.6414618399999998       0.18258810000000000     
 -0.15103031000000000       -2.6118153099999999       0.24535303899999999     
 -0.14936456700000000       -2.5923374099999998       0.27162318600000002     
 -0.14779877399999999       -2.6121794199999999       0.24535303899999999     
  0.27171389200000001       -2.5093005499999999       0.34879028299999998     
  0.28375206900000000       -2.4992341400000000       0.36042552300000003     
  0.35818753199999998       -2.4458032699999999       0.41638480500000002     
  0.35885647100000001       -2.4450397900000000       0.41725106099999998     
  0.66853093699999999       -2.3366799999999999       0.41725106099999998     
  0.68662448600000003       -2.3260613000000001       0.42286566700000000     
  0.73880118699999997       -2.2880930700000000       0.44867752900000002     
  0.76207111400000005       -2.2692977800000000       0.46262766399999999     
  0.78234374900000003       -2.2460955600000001       0.48372222199999998     
  0.78484552100000005       -2.2378563900000001       0.49336527200000002     
  0.80509356799999998       -2.2072475200000001       0.51923480200000005     
  0.91234284600000004       -2.0076896000000000       0.67754490300000003     
  0.86907734000000003       -2.1670438600000002       0.51923480099999997     
  0.91147078599999998       -2.1010306299999999       0.56639848100000001     
  0.98927264000000004       -1.8486440000000000       0.77624694699999996     
   1.5861216600000001       -1.0929299100000001       0.93620396200000000     
   1.5797235500000000       -1.0642607200000000       0.97151229600000000     
   1.4511214400000001       -1.3867951999999999       0.77624694699999996     
   1.5857587500000001       -1.0955254500000000       0.93395598899999999     
   1.5991250600000000       -1.0054369700000001       0.99690991500000004     
   1.6256726300000000      -0.91431437999999998        1.0336922399999999     
   1.6192629500000000      -0.89870661900000004        1.0531163900000000     
   1.6160613200000000      -0.97848306900000004       0.99690991500000004     
   1.6261393399999999      -0.94631414700000005        1.0090495500000001     
   1.6271299600000000      -0.85759678200000000        1.0637814299999999     
   1.6279078400000000      -0.85537374700000002        1.0637814299999999     
   1.6402098700000001      -0.78793808099999996        1.0785721900000000     
   1.6938188900000000      -0.66127354800000004        1.0312033500000000     
   1.6765500200000001      -0.73731199000000003        1.0405123800000000     
   1.6908763099999999      -0.70846160599999997        1.0270096099999999     
   2.2059814400000000       0.45155422400000000       0.17638246099999999     
   2.2017237399999998       0.49478339399999999       0.17638246099999999     
   2.1718752600000002       0.49336995500000003       0.23130082099999999     
   2.0570957000000001        9.3197626800000002E-002  0.51368439300000002     
   2.1139214700000002       0.19176510299999999       0.39183679799999999     
   2.2081830700000000       0.38480011900000000       0.18439116300000000     
   2.2097341300000002       0.39271211400000000       0.18012348800000000     
   2.2074111099999998       0.50964393399999997       0.15788978600000000     
   2.1922034400000001       0.58805914900000000       0.14232817800000000     
   2.1529693399999998       0.71739663899999995       0.14232817800000000     
   2.0791316900000001       0.88863215799999995       0.16510450400000001     
   1.9319282300000000        1.1085128099999999       0.28007442900000001     
   2.1502311199999999       0.73066363599999995       0.13921258000000000     
   1.8987420699999999        1.2083953900000000       0.24561323199999999     
   1.7707363100000000        1.4478773300000001       0.24561322999999999     
   1.7097204600000000        1.5576779400000000       0.23407655299999999     
   1.7005024200000001        1.5641497000000000       0.24152747699999999     
   1.7490047700000000        1.5094250300000001       0.22111010100000000     
   1.4990063700000000        1.8096733599999999       0.24152747699999999     
   1.4810736799999999        1.8215784600000000       0.25385763000000000     
   1.4231119500000000        1.8263174499999999       0.33553960700000002     
   1.2451786899999999        1.9179573800000000       0.43926298300000000     
   1.0741581600000001        2.0583103000000000       0.43926298300000000     
  0.83433649499999996        2.1747754800000001       0.56064175599999999     
  0.81381448199999995        2.1795164699999998       0.57892150799999997     
  0.72832546799999998        2.1711639699999998       0.69752100600000000     
  0.62058471299999995        2.2092055600000000       0.74041432699999998     
  0.60331864300000004        2.2184344600000001       0.74041432699999998     
  0.51515230300000003        2.2477278699999999       0.77083322200000004     
  0.49352846200000000        2.2514451800000002       0.78420831199999996     
  0.45374726700000001        2.2546364900000002       0.81503609799999999     
  0.43287117800000002        2.2494780400000001       0.84286978899999998     
  0.36358216300000001        2.2637788500000000       0.85914150000000000     
  0.32154603799999998        2.2765303700000001       0.85914150000000000     
  0.14664106900000001        2.3268768099999999       0.83592447199999997     
   8.4203127799999999E-002   2.3311182800000001       0.84085895899999996     
  0.20503950000000001        2.3088975000000000       0.85605981200000003     
  0.15606601300000000        2.3244585799999999       0.83832016899999995     
   1.5994503500000000E-003   2.3392540300000002       0.84085895899999996     
  -4.1736537200000000E-002   2.3420178100000002       0.84361414700000004     
  -5.0903952600000003E-002   2.3375412299999998       0.85346593699999995     
  -5.6578635400000001E-002   2.3342696900000002       0.86048089200000000     
  -9.9004372399999999E-002   2.3300911200000001       0.86048089200000000     
 -0.10382165000000000        2.3281493700000002       0.86316801600000004     
 -0.11711708000000000        2.3230427699999998       0.86954201600000003     
 -0.23200506400000001        2.2784525800000002       0.89938995799999999     
 -0.23595515800000000        2.2765281000000002       0.90070724099999999     
 -0.57020086500000000        2.1406213200000002       0.88320940800000003     
 -0.78546285500000002        2.0588372800000001       0.81281630400000004     
 -0.82603027900000003        2.0439843500000001       0.79743117200000002     
 -0.83904090399999998        2.0409786400000001       0.78584210499999996     
 -0.89754713300000000        2.0125661199999998       0.75623087499999997     
 -0.90423208399999999        2.0092205100000000       0.75299730200000003     
 -0.98830197600000003        1.9703073700000000       0.69871951099999996     
  -1.0467974000000000        1.9401808199999999       0.66462052800000004     
  -1.1020749400000001        1.9106376599999999       0.63368816600000000     
  -1.1062784600000000        1.9089586599999999       0.62941979199999998     
  -1.3408515599999999        1.7869738300000000       0.42630041400000002     
  -1.3654103099999999        1.7706698400000001       0.40941431200000000     
  -1.4445426600000000        1.6742467900000000       0.40941431200000000     
  -1.5297367399999999        1.6144341000000000       0.34055212600000001     
  -1.6723703599999999        1.4392372400000000       0.29347347800000001     
  -1.6869119100000001        1.4264040400000000       0.28036930999999998     
  -2.0370556199999998       0.77133123699999995       0.28036931599999998     
  -2.0406645700000001       0.76046914300000001       0.28411692500000002     
  -2.0881811500000000       0.68949271199999995       0.24700517899999999     
  -2.0999282799999999       0.67575859000000005       0.23325450800000000     
  -2.1049317599999999       0.66548871499999995       0.22982969500000000     
  -2.1262480400000001       0.60970619599999998       0.22185812099999999     
  -2.1561575999999998       0.51110757699999998       0.22185812099999999     
  -2.1719779799999999       0.46545795899999998       0.20693354200000000     
  -2.2237210200000002       0.26877665600000000       0.15468062399999999     
  -2.2966400500000002       -4.6223217400000002E-002   8.8571223199999993E-002
  -2.3258145799999999      -0.17087953300000000        5.7626760800000003E-002
  -2.3355180199999999      -0.26940022800000002        5.7626760800000003E-002
  -2.3399565000000000      -0.33899551600000000        6.2051447099999997E-002
  -2.3340082299999998      -0.35117677200000003        7.5142069100000000E-002
  -2.3333713700000001      -0.35228143499999998        7.6507636099999998E-002
  -2.3281785899999998      -0.40500459599999999        7.6507636099999998E-002
  -2.3117632299999999      -0.45450505200000002        9.7641560099999997E-002
  -2.2813801499999999      -0.52988259999999998       0.13968788900000001     
  -2.2610459999999999      -0.58282414500000002       0.16506874699999999     
  -2.2328125800000000      -0.65233379199999997       0.20110511000000000     
  -2.2211270500000002      -0.67690318699999996       0.21685606499999999     
  -2.1951820299999998      -0.72260529699999998       0.25358848200000000     
  -2.1322374300000000      -0.84020940600000005       0.31964098600000002     
  -2.1232628500000001      -0.85863015499999995       0.32578396500000001     
  -2.1120553599999998      -0.87681799999999999       0.33610525499999999     
  -2.0855412599999998      -0.90781687099999997       0.36714147600000002     
  -2.0745463000000002      -0.92424025099999996       0.37572883800000001     
  -2.0269044400000000      -0.96852891799999996       0.42832571400000002     
  -2.0043989400000002       -1.0106337500000000       0.42832571300000000     
  -1.9311561800000001       -1.0752719200000000       0.49432868299999999     
  -1.8257694200000001       -1.2047184500000001       0.52911337100000000     
  -1.8203230800000001       -1.2159333900000000       0.52343725399999996     
  -1.3910742100000000       -1.7389746600000000       0.52343725500000005     
  -1.3416113100000000       -1.8350146100000000       0.46745228400000000     
  -1.3186476899999999       -1.8579782199999999       0.46745228400000000     
  -1.0998365800000001       -2.1875739799999998       0.24082890800000001     
  -1.0500768700000001       -2.2284107199999998       0.24082890800000001     
 -0.87899897800000004       -2.4720851399999999        4.3867398199999998E-002
 -0.84608166799999995       -2.4988842299999998        3.5021905700000001E-002
 -0.79412588299999998       -2.5577563300000001       -1.8030897600000002E-002
 -0.71154345900000004       -2.6018975599999998       -1.8030896899999999E-002
 -0.68847116600000002       -2.6095633600000001       -1.0070561000000000E-002
 -0.68243123400000005       -2.6136069200000001       -1.3228685500000000E-002
 -0.55370382299999998       -2.6401754400000002        1.7001434900000001E-002
 -0.53184221600000003       -2.6432277499999999        2.4523974399999999E-002
 -0.45574071500000002       -2.6579866999999999        3.9626422600000002E-002
 -0.42610255400000002       -2.6592105400000001        5.3714224499999998E-002
 -0.20229896600000000       -2.6415284699999999       0.18266561700000000     
 -0.15027072399999999       -2.6266054599999999       0.21937960100000001     
 -0.17612121000000000       -2.6441067600000001       0.18266561700000000     
 -0.16576543799999999       -2.6447672000000000       0.18332401000000001     
 -0.15027072399999999       -2.6372009200000002       0.19997544800000000     
  -9.7434559800000001E-002  -2.6338312699999999       0.19661626300000001     
   9.8428673800000005E-002  -2.6145404299999999       0.19661626300000001     
  0.11560814899999999       -2.6076157499999999       0.20619914100000000     
  0.17485116900000000       -2.5848612800000001       0.23460100700000000     
  0.25641510200000001       -2.5385575600000001       0.30015684999999998     
  0.26916584700000001       -2.5281416399999999       0.31601738299999999     
  0.33528833000000002       -2.5080836000000000       0.31601738299999999     
  0.44159797800000000       -2.4562895899999999       0.35146968099999998     
  0.64722629700000001       -2.3509428200000002       0.40611141400000000     
  0.52515138900000002       -2.4186833600000002       0.36516455199999998     
  0.77862268000000001       -2.2604507800000002       0.46262766399999999     
  0.80055160599999997       -2.2458864599999999       0.46747740700000001     
  0.85127757100000001       -2.2152002500000001       0.46576055500000002     
  0.86131283400000003       -2.2070302100000001       0.46845721600000001     
  0.97381707299999998       -2.1523945000000002       0.41151646100000000     
   1.0126707900000000       -2.1289794299999998       0.39871964700000001     
   1.0704034000000000       -2.0815994999999998       0.39871964700000001     
   1.1410358800000000       -2.0452220699999999       0.35754555799999999     
   1.2469489600000001       -1.9393089900000000       0.35754555799999999     
   1.4260989300000000       -1.5914612900000000       0.56031787399999999     
   1.5923283699999999       -1.1627664200000001       0.84067213200000002     
   1.4468803299999999       -1.5661390799999999       0.56031787399999999     
   1.5465596699999999       -1.3608823100000000       0.66420263099999999     
   1.6157760600000000       -1.0033225699999999       0.97474843099999997     
   1.6103583100000001       -1.0242872800000000       0.96353169100000002     
   1.6297978900000001      -0.96112015500000003       0.98930898700000003     
   1.6316666900000001      -0.88527251100000004        1.0405123800000000     
   1.8748293700000001      -0.42052346699999998       0.75938908999999999     
   1.7580497100000001      -0.62623066000000005       0.92472330100000000     
   2.0235858699999998      -0.18554157600000001       0.52934641500000001     
   2.2125094700000001       0.48086713199999997       0.15200431700000000     
   2.2124329899999999       0.48201889900000000       0.15193920999999999     
   2.2106961300000001       0.39580259600000001       0.17681935100000001     
   2.2112230600000000       0.40727352999999999       0.17271589700000001     
   2.2107865400000000       0.50895005999999998       0.14933758599999999     
   2.2116084499999999       0.49750270400000002       0.15012776000000000     
   2.2010486500000002       0.57326188099999997       0.12924235500000000     
   2.1931309099999998       0.60281131499999996       0.12924235500000000     
   2.2123913499999999       0.51721668399999998       0.13909518200000001     
   2.1754984500000001       0.68381109500000004       0.11243587300000001     
   2.0705781600000002       0.91328043800000003       0.15753750100000000     
   1.8925192399999999        1.2951290200000001       0.15753750000000000     
   1.8220857800000001        1.4843333700000001        9.0174108000000003E-002
   1.8188746499999999        1.5246244900000001        3.1203901499999999E-002
   1.8081193200000001        1.5458410800000000        2.1531565400000001E-002
   1.6758278900000001        1.7347728300000000        2.1531566100000000E-002
   1.6603877700000000        1.7631669500000000        6.5367928800000004E-003
   1.6601758499999999        1.7640528099999999        5.1581441600000002E-003
   1.5818611100000000        1.8423675500000001        5.1581441600000002E-003
   1.5280840000000000        1.8795532100000001        3.9097979999999997E-002
   1.4596489399999999        1.8959242199999999       0.14560127900000000     
   1.2081987700000001        2.0326574900000001       0.27839069399999999     
   1.1783849799999999        2.0535333300000000       0.27839069399999999     
  0.95878042900000005        2.1648575200000000       0.37850523800000002     
  0.73456496599999999        2.2090179999999999       0.60713711699999995     
  0.71728011199999997        2.2166176300000000       0.60832212399999996     
  0.72114007899999999        2.2152781300000002       0.60713711699999995     
  0.34608445599999998        2.2780730899999999       0.83737483899999998     
  0.31132402599999998        2.2873871200000000       0.83737483899999998     
   6.1926799800000001E-002   2.3503091399999998       0.79690473200000000     
   5.5859518699999999E-002   2.3507447600000000       0.79732353700000003     
  -2.3042434899999999E-002   2.3576477900000001       0.79732353700000003     
  -2.3426635200000000E-002   2.3575282000000000       0.79773429799999995     
  -4.1736537200000000E-002   2.3509277300000000       0.81972571299999997     
  -6.0112335699999998E-002   2.3493200600000002       0.81972571299999997     
  -7.5045630700000004E-002   2.3426537500000002       0.83409592600000004     
  -7.9949098199999999E-002   2.3406124899999998       0.83812575700000003     
 -0.18227658399999999        2.3055833400000001       0.86954201700000000     
 -0.18605593300000001        2.3032327100000001       0.87312955999999997     
 -0.54549058699999997        2.1521439099999999       0.88320940800000003     
 -0.84195748000000004        2.0407461900000001       0.78157339500000000     
  -1.0057784299999999        1.9624860600000000       0.68628241400000001     
  -1.3835786200000000        1.7654341499999999       0.38295906800000001     
  -1.4004879500000000        1.7571356000000000       0.36369882399999998     
  -1.4425725000000000        1.7315557699999999       0.32347338799999997     
  -1.5133497000000000        1.6788954400000000       0.27091190999999998     
  -1.5180980300000000        1.6752484599999999       0.26756419999999997     
  -1.7225929799999999        1.4285992800000000       0.19258231500000000     
  -1.7314592600000001        1.4111091400000000       0.20055581500000000     
  -1.5333350699999999        1.6644424200000001       0.24947154199999999     
  -1.5879524899999999        1.6144468500000000       0.20321685300000000     
  -1.6070730200000001        1.5935788700000000       0.19258231500000000     
  -1.7847744200000000        1.3343033000000000       0.17364944500000001     
  -1.8106216700000000        1.2937181000000000       0.16453404999999999     
  -1.9910456100000000       0.96443900000000005       0.15483364299999999     
  -2.0308777199999999       0.85743860100000002       0.19292954000000001     
  -2.0621708900000000       0.78456214999999996       0.19985189800000000     
  -2.0467191900000001       0.82346646099999998       0.19292954000000001     
  -2.1532235000000002       0.53977892400000005       0.20789844199999999     
  -2.1568987200000000       0.52289573899999997       0.21140149999999999     
  -2.1600876300000000       0.51099455400000005       0.21140149999999999     
  -2.3324661799999999      -0.19833687400000000        4.7418978700000003E-002
  -2.3370492999999999      -0.26216940999999999        5.1825133500000002E-002
  -2.3386846499999998      -0.28086158300000003        5.1825133500000002E-002
  -2.3425450200000002      -0.33899551600000000        5.5111334599999999E-002
  -2.3425927299999998      -0.33914876900000002        5.4947487099999998E-002
  -2.3422418999999999      -0.34443188400000002        5.4648842599999997E-002
  -2.3405027700000001      -0.36431031100000000        5.4648842599999997E-002
  -2.3383686300000002      -0.37176692800000000        5.8621612699999999E-002
  -2.3308010600000002      -0.39870495700000003        7.1330383799999994E-002
  -2.2121857199999999      -0.69614201099999995       0.22700851200000000     
  -2.1952320099999998      -0.72340022699999995       0.25288334400000001     
  -2.0717467699999998      -0.96326004799999998       0.33610525499999999     
  -2.0613963499999999      -0.99106423799999999       0.32620598699999998     
  -2.0595516400000000       -1.0142103300000000       0.29232929800000002     
  -1.9654887900000000       -1.1997641699999999       0.20773798299999999     
  -1.7699814400000000       -1.4789775999999999       0.20773798399999999     
  -1.6424180200000000       -1.7135645700000000        8.3853928999999994E-002
  -1.6010340900000000       -1.7602549199999999        8.9701588999999998E-002
  -1.5486420900000000       -1.8360231400000000        4.1882718200000002E-002
  -1.0604636400000000       -2.3242015800000000        4.1882718200000002E-002
  -1.0273285200000000       -2.3687362699999999        8.8097934900000004E-003
 -0.91946535100000004       -2.4643406500000000       -4.6993599999999996E-003
 -0.89444009099999999       -2.4916793799999999       -2.7852122699999999E-002
 -0.79224381200000005       -2.5632379799999998       -2.7852122999999999E-002
 -0.77956943599999995       -2.5760128600000001       -4.1018936300000003E-002
 -0.75770619600000000       -2.5911893400000001       -4.8677994699999998E-002
 -0.73309442599999997       -2.6003513500000000       -3.9915340799999997E-002
 -0.71171963500000002       -2.6103185799999999       -3.9915340799999997E-002
 -0.69256449300000000       -2.6169658600000001       -3.4034726899999999E-002
 -0.68155463000000005       -2.6162997200000002       -1.9107072300000000E-002
 -0.58392825299999995       -2.6375515500000000        1.1492291400000000E-003
 -0.56464296400000002       -2.6408631800000002        7.2979337500000000E-003
 -0.48394846899999999       -2.6571945299999999        2.1484142500000001E-002
 -0.25196055000000001       -2.6572546400000001       0.12934850600000000     
 -0.24097010599999999       -2.6578398999999999       0.13063427799999999     
 -0.17349147700000001       -2.6623207999999998       0.13444871700000000     
 -0.16576543799999999       -2.6599158599999999       0.14270888200000001     
  -8.8647798400000005E-002  -2.6547948799999999       0.13834956800000001     
  -2.4814271299999999E-002  -2.6492101699999999       0.13834956800000001     
   2.1204927799999999E-002  -2.6459060299999999       0.13517301000000001     
   2.1579396000000001E-002  -2.6458153200000001       0.13531222600000001     
   3.2632561800000001E-002  -2.6427101999999998       0.14052686700000000     
   9.2690715899999998E-002  -2.6177086400000000       0.18988464499999999     
  0.27644611699999999       -2.5398168999999999       0.28238845600000001     
  0.18878001100000000       -2.5811290599999999       0.23460100700000000     
  0.27282726899999998       -2.5420677000000000       0.27895326900000000     
  0.66874653900000003       -2.3409077599999999       0.40611141400000000     
  0.97026378099999999       -2.1548825400000000       0.41151646100000000     
   1.1306133599999999       -2.0648447600000002       0.33643484099999998     
   1.1370166200000000       -2.0591692300000002       0.33723680900000003     
   1.1787929100000001       -2.0302818800000000       0.31087094300000001     
   1.2422259800000000       -1.9668488099999999       0.31087094300000001     
   1.2638356700000000       -1.9355973300000000       0.33059438699999999     
   1.2641323499999999       -1.9343571300000000       0.33252448000000001     
   1.4401372200000000       -1.6013730500000001       0.51803091899999998     
   1.4165860200000000       -1.6539973900000000       0.48058086999999999     
   1.5436701600000000       -1.3971379700000000       0.61113874300000004     
   1.6023554499999999       -1.1358308100000001       0.85026215299999996     
   1.6934933200000000      -0.94038503200000001       0.85026215299999996     
   1.7386882500000000      -0.88058660099999997       0.78472923600000000     
   1.7703499300000001      -0.82187717500000002       0.75117619700000005     
   2.0501560300000001      -0.18007964300000001       0.46202650800000000     
   1.9598066100000000      -0.51726824900000001       0.46202650899999997     
   2.1043433100000000       -8.1940985100000002E-002  0.34689287800000002     
   2.1491108200000002        2.5598441199999999E-002  0.25851341999999999     
   2.1906881600000001       0.17005725999999999       0.18092541500000001     
   2.2041117799999999       0.32348995300000000       0.18092541500000001     
   2.1712739100000000        7.5246320199999994E-002  0.21073758900000000     
   2.1746337800000002        8.8918517700000005E-002  0.20493647300000001     
   2.2125094700000001       0.50519293600000004       0.14320358399999999     
   2.2124796099999999       0.51681051899999997       0.13886323000000000     
   2.2124571300000002       0.51716070700000005       0.13882733500000000     
   2.2124546700000001       0.51719390300000001       0.13882537200000000     
   2.2024192000000000       0.64009871299999999        4.8012340399999999E-002
   2.2022292999999999       0.64176913899999999        4.7027625400000002E-002
   2.2003380600000000       0.65088766600000003        4.5638121400000002E-002
   2.1989258399999998       0.65676999999999996        4.5638121500000003E-002
   2.2124571300000002       0.51735903900000002       0.13862900300000000     
   2.2124581200000000       0.51743607400000002       0.13853813000000001     
   2.1953541200000002       0.67267414400000003        4.2790723699999998E-002
   2.1707451400000002       0.84552997299999999      -0.17191310100000001     
   2.1558285599999998       0.93461579699999997      -0.27236040099999997     
   2.1555012400000000       0.93585865999999995      -0.27321706699999998     
   2.1078479400000001        1.0697439700000000      -0.30887356900000001     
   2.0047031099999999        1.3187576200000000      -0.30887356900000001     
   2.1822222500000001       0.77680812600000004       -9.4291096699999993E-002
   1.9572275600000000        1.4422050099999999      -0.34706757700000002     
   1.9519236000000000        1.4615041000000000      -0.37515404499999999     
   1.9186186599999999        1.5254946000000000      -0.40059639699999999     
   1.7976759300000000        1.7228551999999999      -0.40059639600000002     
   1.7711098900000000        1.7465494399999999      -0.34872470600000000     
   1.7585377000000000        1.7526436800000000      -0.31066928100000002     
   1.7488049200000000        1.7465307999999999      -0.25262883899999999     
   1.6810799500000000        1.7825183800000000      -0.10906289100000000     
   1.6740791200000000        1.8066063400000001      -0.16174148499999999     
   1.6718517399999999        1.8043789600000000      -0.14571246199999999     
   1.6437836200000000        1.8324811500000000      -0.16174148499999999     
   1.6289027300000001        1.8430595000000001      -0.15346983500000000     
   1.5225513100000001        1.8899651700000000        1.7026312900000000E-002
   1.2915306400000000        2.0200928100000000       0.12382343899999999     
   1.1118372100000000        2.1302090900000001       0.12382343699999999     
   1.0350185900000000        2.1701906399999999       0.15436619500000001     
  0.95592205399999997        2.1919287100000000       0.26947746200000000     
  0.95098924500000004        2.1779361399999999       0.34274691499999999     
  0.94375462899999996        2.1969686199999998       0.26947746200000000     
  0.32189592500000003        2.2871183799999999       0.82679077199999995     
   2.3857907099999999E-002   2.3632325500000002       0.75470062999999998     
  -2.3017975699999998E-002   2.3577403200000000       0.79690701399999997     
   1.0529322700000000E-002   2.3679676299999999       0.73775591200000001     
  -1.1157159200000001E-002   2.3696743900000001       0.73775591200000001     
  -2.3017975699999998E-002   2.3676826100000001       0.75120304999999998     
  -5.3942798700000003E-002   2.3652487799999999       0.75120304999999998     
  -5.5494959900000002E-002   2.3647105300000000       0.75311576099999999     
  -5.5794638600000002E-002   2.3613206000000000       0.76859060499999998     
 -0.16385133099999999        2.3386964699999999       0.75311576199999997     
 -0.16382481600000001        2.3384803299999999       0.75415350199999998     
 -0.17024053400000000        2.3378907600000001       0.74470502400000005     
 -0.19831409300000000        2.3278986399999999       0.73722843900000001     
 -0.67239999399999995        2.1315258300000002       0.73722843999999998     
 -0.82219721700000004        2.0739166299999998       0.69088192299999995     
 -0.84494353799999999        2.0646974299999998       0.67055831600000004     
  -1.0172887200000000        1.9590841600000000       0.67055831700000001     
 -0.83286134000000001        2.0709858099999998       0.67536214600000000     
  -1.4486227899999999        1.7290017099999999       0.31332998699999998     
  -1.4319068300000000        1.7432784900000000       0.31332998699999998     
  -1.5543021100000001        1.6510460600000001       0.21249986400000001     
  -1.5665726000000000        1.6394794800000001       0.20321685300000000     
  -1.7054236199999999        1.4656678800000000       0.16292009499999999     
  -1.7184968700000001        1.4424584400000000       0.17364944600000001     
  -1.6172363999999999        1.5830125200000000       0.18324871700000001     
  -1.6986944500000001        1.4762480400000000       0.16062735900000000     
  -1.9955006600000000       0.95664646600000003       0.15172430900000000     
  -2.0648677900000001       0.77805126000000002       0.19985189800000000     
  -2.1599741899999998       0.51545737500000000       0.20693354300000000     
  -2.1560667699999998       0.53285630299999998       0.20381852600000000     
  -2.3388999799999999      -0.27902379199999999        5.0170412900000003E-002
  -2.3330976500000000      -0.20066444899999999        4.5536714499999999E-002
  -2.3436176899999999      -0.33914876900000002        5.0235810899999997E-002
  -2.3435272500000002      -0.33781886300000002        5.0170412900000003E-002
  -2.3443547300000001      -0.34422814899999998        4.5010054399999999E-002
  -2.3434961799999998      -0.35513705899999998        4.5010054399999999E-002
  -2.3434762000000000      -0.35540685799999999        4.4994100099999997E-002
  -2.3116321900000001      -0.45965996999999997        9.2480708400000000E-002
  -2.3219123700000002      -0.43572903200000002        7.1330383999999997E-002
  -2.1093119900000001      -0.94450117000000000       0.22700851300000000     
  -2.0893240899999999      -0.99647431200000003       0.21092828100000000     
  -2.0451690700000000       -1.1571375699999999       -2.2889170699999999E-002
  -1.9321353600000000       -1.3743150900000001      -0.10923803600000000     
  -1.8969112600000000       -1.4317955899999999      -0.10923803500000000     
  -1.7791126799999999       -1.6409279900000000      -0.20591656899999999     
  -1.4521287100000000       -2.0819387200000001      -0.39872174500000002     
  -1.4400085000000000       -2.0933636500000001      -0.38955242200000001     
  -1.7402274400000000       -1.7290943200000000      -0.34725947200000001     
  -1.6744139600000001       -1.8216761299999999      -0.39872174399999999     
  -1.1901001600000001       -2.3000239400000000      -0.26407925100000001     
  -1.3815631300000000       -2.1518090100000000      -0.38955242200000001     
 -0.89570166399999995       -2.5260380499999999      -0.16539224299999999     
 -0.87020787700000002       -2.5372819400000002      -0.12452215300000000     
  -1.0732418600000000       -2.3998303499999998      -0.26407925100000001     
 -0.82559975500000005       -2.5624084699999998      -0.10390053800000000     
 -0.77813949599999999       -2.5914921600000000      -0.10390053800000000     
 -0.76593731399999998       -2.5978429900000002       -9.9049002299999994E-002
 -0.75135506399999996       -2.6018506299999999       -7.7827073299999994E-002
 -0.74222180900000001       -2.6053630999999999       -7.5001289400000004E-002
 -0.68993778600000000       -2.6216489200000002       -5.0460889199999998E-002
 -0.70857986100000003       -2.6192980499999998       -7.5001289499999999E-002
 -0.62361937400000000       -2.6365425800000000       -3.8587575300000003E-002
 -0.51154462800000000       -2.6576053000000002       -1.1331365400000000E-002
 -0.60691320199999998       -2.6405533800000001       -3.8587575300000003E-002
 -0.54065286599999995       -2.6542961799999998       -2.8490659299999999E-002
 -0.39435449900000002       -2.6615614100000000        5.5591612800000002E-002
 -0.32610818000000003       -2.6659421600000002        6.2587026300000001E-002
 -0.23604815000000001       -2.6668366699999999        9.1057489599999999E-002
 -0.18417934899999999       -2.6650548800000000       0.11801363800000000     
 -0.17349147700000001       -2.6635040299999999       0.12900951199999999     
 -0.31295449300000000       -2.6668366699999999        6.3233858399999995E-002
 -0.11136092100000000       -2.6592788800000000       0.12595424399999999     
  -7.4881119400000001E-002  -2.6564078599999998       0.12595424399999999     
   4.0345325799999998E-003  -2.6505643299999999       0.12128764900000000     
   7.6892325999999997E-002  -2.6320843799999998       0.14052686700000000     
  0.11146835400000001       -2.6172312999999998       0.17108539400000000     
  0.14491127300000001       -2.6034955800000001       0.19079531299999999     
  0.50931784899999999       -2.4441101000000001       0.27895326900000000     
  0.56144343399999996       -2.4127872400000001       0.32341864799999998     
  0.66137630800000002       -2.3532797500000000       0.37228509100000001     
  0.64453761099999995       -2.3652817200000000       0.35657442499999997     
  0.99898175800000000       -2.1463948700000000       0.37228509300000001     
   1.1249971999999999       -2.0754138000000002       0.31403018900000002     
   1.1579896500000000       -2.0608626800000001       0.26113869800000000     
   1.2084569700000001       -2.0177595099999999       0.26113869699999998     
   1.2220019499999999       -2.0072741000000001       0.25226214299999999     
   1.2289494599999999       -1.9982993499999999       0.25814364200000001     
   1.2761790799999999       -1.9290383099999999       0.30442834899999999     
   1.2624423600000001       -1.9590842100000001       0.25814364200000001     
   1.2637205300000001       -1.9572861699999999       0.25914309600000002     
   1.4005607900000001       -1.7082186399999999       0.40650972000000002     
   1.5939564900000001       -1.3671814300000000       0.47365059100000001     
   1.5060667200000000       -1.5360486000000000       0.40650971899999999     
   1.6857076799999999       -1.2066950400000001       0.40961420399999998     
   1.7264668100000000       -1.1388661899999999       0.35175325600000001     
   1.9912452599999999      -0.49963446000000000       0.35175325499999999     
   2.0980672400000002      -0.23290360600000001       0.20582269600000000     
   2.1008170300000000      -0.22065935900000000       0.20801484400000000     
   1.9924995999999999      -0.49717424399999999       0.34929657400000003     
   2.0935614100000000      -0.25111509599999998       0.20427915399999999     
   2.1675680100000001        5.7378479300000000E-002  0.20801484300000000     
   2.1988028200000000       0.24534615000000001       0.17420403600000001     
   2.2047136100000002       0.31835335500000000       0.17630049500000000     
   2.1940272500000000       0.18780824600000001       0.17306746600000000     
   2.2091650999999999       0.37491493999999997       0.17630049500000000     
   2.1848647300000001       0.75911186600000002       -7.5741538600000005E-002
   2.1985360599999999       0.66685981299999997        2.0480043199999999E-002
   2.1215765100000001        1.0469922100000000      -0.39074187700000002     
   2.1106244300000001        1.0815986399999999      -0.42127809399999999     
   2.1010504399999999        1.1095587400000000      -0.43462329100000002     
   2.0791021000000001        1.1720858400000000      -0.45606499900000003     
   2.0742953900000001        1.1855278600000001      -0.45929587599999999     
   2.1478612899999998       0.96160719100000003      -0.30388305300000001     
   2.1329008800000002        1.0104887800000000      -0.35497029200000002     
   2.0679251900000000        1.2021027900000001      -0.46446809300000003     
   2.0145999699999999        1.3390086600000000      -0.49979093600000002     
   1.9763926300000001        1.4312493500000001      -0.49979093600000002     
   1.9761629700000001        1.4317858400000001      -0.49971328599999998     
   1.9246926000000000        1.5288214700000000      -0.52326784199999998     
   1.8835503199999999        1.6041679200000001      -0.52326784199999998     
   1.8803691100000000        1.6097383800000000      -0.52543674799999995     
   1.8409162800000001        1.6741195600000001      -0.52543674799999995     
   1.8224973000000000        1.7005861600000001      -0.50490032299999998     
   1.7992369200000000        1.7242433800000001      -0.42310634000000003     
   1.8166246699999999        1.7084310700000001      -0.50490032299999998     
   1.8128621199999999        1.7132162399999999      -0.50224187200000003     
   1.7945105200000000        1.7343750300000000      -0.46522132500000002     
   1.7934575300000000        1.7336194700000001      -0.44137062100000002     
   1.7739320199999999        1.7493715700000001      -0.39160765600000003     
   1.7849101500000000        1.7439754000000001      -0.46522132500000002     
   1.7810910700000000        1.7475808900000001      -0.46240458600000001     
   1.7704912799999999        1.7567743899999999      -0.44385862199999998     
   1.7692996299999999        1.7551136599999999      -0.40624200799999999     
   1.5842850700000000        1.8961666100000001      -0.44385862199999998     
   1.5521301100000000        1.9185443000000000      -0.41890839099999999     
   1.4945988699999999        1.9537994900000000      -0.41890839099999999     
   1.4483641700000001        1.9802034700000000      -0.40090653500000001     
   1.1963566400000001        2.1178100000000000      -0.40090653500000001     
   1.1200415900000000        2.1554391700000002      -0.33806712999999999     
   1.0152222099999999        2.2035846600000002      -0.19674470599999999     
   1.0033191200000000        2.2088803100000001      -0.17802780800000001     
  0.98753621700000005        2.2154400600000002      -0.14602709200000000     
  0.98737009499999995        2.2090546199999999       -4.5344738500000002E-002
  0.94200886200000000        2.2221996700000002        1.3586960000000000E-002
  0.95131162300000005        2.2269042500000000      -0.11406303399999999     
  0.92313195999999997        2.2352655499999998       -8.0501618600000005E-002
  0.93138078099999999        2.2290746499999998       -3.1869724500000002E-002
  0.89232961700000002        2.2421357199999998       -7.4439951000000004E-002
  0.88600496799999995        2.2430399799999998       -6.7346493399999999E-002
  0.89683049999999997        2.2412445999999999       -7.6628049399999995E-002
  0.86474350200000005        2.2473248699999999       -6.2228218000000002E-002
  0.59178675000000003        2.2978325700000002        7.1200050400000006E-002
   1.7299368200000002E-002   2.3718916100000000       0.68112695499999998     
  -9.9848070799999997E-003   2.3718916100000000       0.70841113000000000     
  -1.1157159200000001E-002   2.3700535199999999       0.73293858700000003     
   2.3328800199999999E-002   2.3741731300000000       0.64319771699999995     
  -9.9848070799999997E-003   2.3741731300000000       0.67651132500000000     
  -5.1003573800000000E-002   2.3712394099999998       0.67651132500000000     
  -5.1556876500000001E-002   2.3700535199999999       0.69253887000000003     
  -5.4933821700000003E-002   2.3667685000000001       0.73090208499999998     
  -7.9372269800000006E-002   2.3670636599999999       0.64649537999999995     
 -0.14865127700000000        2.3563972799999999       0.58024526600000004     
 -0.14914901999999999        2.3562890099999998       0.58024526600000004     
 -0.14984400000000000        2.3531987399999998       0.62445486600000000     
 -0.33143377099999999        2.3020031500000000       0.36626234899999999     
 -0.57445748500000005        2.2250921400000001       0.15182173900000001     
 -0.59838628599999999        2.2168985299999999       0.14040065700000001     
 -0.65770767299999999        2.1947728000000000       0.14040065700000001     
 -0.31667474499999998        2.3065818100000000       0.38072547699999998     
 -0.70247079800000001        2.1773374400000001       0.12885140200000000     
  -1.3077136800000000        1.8637287800000000      -0.13355959700000000     
  -1.3241075000000000        1.8531612700000000      -0.10843924800000000     
  -1.3235349500000000        1.8513671199999999       -7.5685781300000005E-002
 -0.75635162899999997        2.1525889700000000        5.6206724100000001E-002
 -0.91950298500000005        2.0721428400000002       -7.8135492099999995E-002
  -1.0385612799999999        2.0106971100000002      -0.13355959700000000     
  -1.4326349300000001        1.7440972299999999       0.30152345200000003     
  -1.5253268099999999        1.6869623800000000       0.12096309500000001     
  -1.4290739699999999        1.7745843500000000      -0.10843924800000000     
  -1.5271575399999999        1.6895137400000000        6.3172985000000001E-002
  -1.5924278100000000        1.6186209300000001       0.13732194500000000     
  -1.5545611699999999        1.6621101100000000        6.3172985000000001E-002
  -1.5563726499999999        1.6601913200000000        6.4588174100000006E-002
  -1.6056627800000001        1.6017888100000000       0.14667319400000001     
  -1.6861790500000000        1.4942316700000000       0.14667319400000001     
  -1.8101602800000001        1.2947531800000001       0.16292009499999999     
  -1.8289504400000001        1.2618506599999999       0.15010923200000001     
  -1.9958149500000000       0.95626112900000004       0.15010923200000001     
  -2.0314035399999999       0.87052500700000002       0.14932070000000000     
  -2.0574440900000002       0.80366913600000001       0.16657006499999999     
  -1.9962871400000000       0.95530349800000003       0.14932070000000000     
  -2.1608085400000001       0.52653831100000004       0.16657006499999999     
  -2.2098677100000002       0.36567006499999999        4.6009097600000000E-002
  -2.2040487899999999       0.38990759500000000        4.6009097600000000E-002
  -2.3343034299999998      -0.20190398000000001        3.1455237200000000E-002
  -2.2323323300000002       0.26684963600000000        3.1455237200000000E-002
  -2.3435272500000002      -0.26181346100000003       -2.5834989300000000E-002
  -2.3462902099999998      -0.28058410700000003       -4.5695565200000003E-002
  -2.3509660299999999      -0.34596054599999998       -4.5695565200000003E-002
  -2.3470708899999999      -0.34596054599999998        8.7655772600000008E-003
  -2.3509660299999999      -0.35263081400000001       -5.2365834100000001E-002
  -2.3470708899999999      -0.35444818200000000        2.7794058899999999E-004
  -2.3451050400000000      -0.35646903699999999        2.3235516300000002E-002
  -2.3365640200000000      -0.41620700100000002       -4.3764043699999998E-002
  -2.3507772600000001      -0.35504207399999999       -5.7416440399999998E-002
  -2.3499644800000001      -0.36056378600000000       -6.3258773800000001E-002
  -2.3379267100000001      -0.41590054199999998       -6.3258773800000001E-002
  -2.1601811500000001      -0.90297190500000002      -0.12451500100000000     
  -2.3345984099999999      -0.42711775899999999       -7.6618254999999996E-002
  -2.3174198200000000      -0.48139873300000002      -0.12451500100000000     
  -2.0706260200000002       -1.1259265199999999      -0.15370523400000000     
  -2.1161140399999998       -1.0161087200000001      -0.15370523400000000     
  -1.8636291899999999       -1.5280038300000001      -0.34887733500000001     
  -1.9537540400000000       -1.3629524799999999      -0.34887733500000001     
  -1.7749383900000000       -1.6833058599999999      -0.40934544400000000     
  -1.7578833000000000       -1.7111372300000001      -0.40934544400000000     
  -1.7076434400000000       -1.7833279000000000      -0.46536088300000000     
  -1.7016237500000000       -1.7917132400000000      -0.46915517400000001     
  -1.6521266600000000       -1.8578336099999999      -0.46915517400000001     
  -1.5752713899999999       -1.9539590300000000      -0.51212939199999996     
  -1.4966265100000000       -2.0460403600000001      -0.51212939199999996     
  -1.6128507400000001       -1.9077843600000000      -0.49690580600000001     
  -1.5920752499999999       -1.9334588300000000      -0.50635180999999996     
  -1.4901513799999999       -2.0528990700000000      -0.51718799199999999     
  -1.3936597300000000       -2.1493907200000000      -0.51718799199999999     
  -1.3510977200000001       -2.1895723999999999      -0.48579665900000002     
  -1.1351706100000001       -2.3616577599999999      -0.38471415599999997     
  -1.3171177199999999       -2.2185940600000000      -0.48579665900000002     
 -0.90075586699999999       -2.5277506900000000      -0.24638099599999999     
 -0.88102279699999997       -2.5404706899999998      -0.21614389200000000     
  -1.0830339099999999       -2.4006867999999999      -0.38471415599999997     
  -1.0734397700000000       -2.4075742700000000      -0.38037288800000002     
 -0.83984164900000002       -2.5639886600000001      -0.20010967700000001     
 -0.75595271600000002       -2.6059868200000000      -0.14089781800000001     
 -0.80186189100000005       -2.5847271799999998      -0.20010967700000001     
 -0.77465898899999996       -2.5981402899999999      -0.17771024199999999     
 -0.75597188500000001       -2.6067236299999998      -0.15251540699999999     
 -0.70882657000000004       -2.6196433200000002       -7.9673207100000004E-002
 -0.70217099100000002       -2.6246384500000000      -0.11891195000000000     
 -0.73527157700000001       -2.6144444400000002      -0.15251540699999999     
 -0.71641615500000000       -2.6204117199999999      -0.13587765500000001     
 -0.67495841800000000       -2.6308246300000002      -0.11490419600000000     
 -0.54489544599999995       -2.6536716899999999       -3.2979587999999997E-002
 -0.65259697200000000       -2.6356890599999998      -0.11490419600000000     
 -0.60752691199999997       -2.6440287900000001       -9.2872793400000000E-002
 -0.45875422599999999       -2.6615614100000000       -8.8081141599999999E-003
 -0.45157706800000003       -2.6620747300000001       -8.8081141599999999E-003
 -0.10357644800000000       -2.6592788800000000       0.11816977100000001     
 -0.10684300400000001       -2.6595236799999999       0.11801363800000000     
   3.7600795000000001E-003  -2.6508313100000001       0.11816977100000001     
   3.5555688600000003E-002  -2.6453935199999998        9.5924006800000003E-002
   5.6698612099999997E-002  -2.6407941500000001        9.5924006800000003E-002
   1.9668448799999998E-002  -2.6483820200000001       0.10295691899999999     
   6.9019126000000000E-002  -2.6379933599999998        9.4109492899999994E-002
   9.4069623300000002E-002  -2.6305605299999999        6.4274851499999994E-002
  0.14647534500000001       -2.6139754100000001        1.8032801099999999E-002
  0.18832682400000000       -2.5996447900000001       -1.9426750100000000E-003
  0.28363222900000001       -2.5661905699999998       -3.4624675700000003E-002
  0.31842279299999998       -2.5532143600000001       -3.4624675700000003E-002
  0.40682698299999998       -2.5187806799999999       -5.7433685499999998E-002
  0.42906018200000001       -2.5095713900000001       -5.7433685499999998E-002
  0.46925185899999999       -2.4897538099999998       -9.0528347499999995E-002
  0.49293668800000001       -2.4775957599999998      -0.10257467900000000     
  0.54702895900000004       -2.4496788600000001      -0.12775575200000000     
  0.74925649599999999       -2.3392542700000001      -0.12775575200000000     
  0.91401358600000004       -2.2451638300000001       -6.3606238600000004E-002
   1.0128438799999999       -2.1818925199999999       -3.8330122299999998E-002
   1.0930362300000001       -2.1260840299999999        2.3894115000000000E-002
   1.1586337000000000       -2.0615869099999999       0.25069501500000002     
  0.92573431500000003       -2.2379813600000000       -6.3606238600000004E-002
  0.95595693999999998       -2.2187592299999999       -5.7056957399999997E-002
   1.2142889200000000       -2.0272812899999999       0.14228072300000000     
   1.1372532799999999       -2.0929835500000000        2.3894115000000000E-002
   1.1902416600000001       -2.0513191800000001        5.3332326100000001E-002
   1.2156958499999999       -2.0292420500000001        9.7868334400000007E-002
   1.2266665100000000       -2.0119386499999998       0.18138317200000001     
   1.2330250700000001       -2.0068089200000001       0.16517767500000000     
   1.2338336900000000       -2.0111042100000001        9.7868334400000007E-002
   1.2359245800000001       -2.0088894499999999        9.9501814100000002E-002
   1.2380113699999999       -2.0062354899999999        9.8027379900000003E-002
   1.3095382499999999       -1.9106867800000000        9.8027379900000003E-002
   1.3412664999999999       -1.8650958099999999        6.2651648899999995E-002
   1.4077673200000000       -1.7565763299999999        6.2651648899999995E-002
   1.7757498000000000       -1.0784436399999999        9.8501970600000002E-002
   1.4206400800000001       -1.7340354899999999        5.3875189699999999E-002
   1.7490266100000000       -1.1326404500000000        5.3875189699999999E-002
   1.8666001400000001      -0.85911151299999999        9.8501970600000002E-002
   1.9486870199999999      -0.64836367299999997       0.15287665100000000     
   2.0847402900000001      -0.27898811899999998       0.17968440099999999     
   2.0655081100000001      -0.33515419000000002       0.15287665100000000     
   2.1672885599999998        5.5423923000000000E-002  0.20582269600000000     
   2.1686564900000000        6.1441354800000000E-002  0.20493647300000001     
   2.1557759299999999       0.93466989899999997      -0.27297501499999999     
   2.1537225200000001       0.94057197199999998      -0.28454966700000001     
   2.1121720800000001        1.0751522300000000      -0.42127809399999999     
   2.0419754700000001        1.2678392500000000      -0.48681908299999999     
   2.0148389099999999        1.3381841400000001      -0.50086213099999999     
   2.0094567900000002        1.3502058100000001      -0.50506556800000002     
   1.9829490500000000        1.4142011400000001      -0.50506556800000002     
   1.9177034900000001        1.5410464600000000      -0.52814578899999998     
   1.8905559500000000        1.5893637500000000      -0.54002796900000005     
   1.8828595699999999        1.6041512200000001      -0.53414853399999995     
   1.8503731900000000        1.6571641800000001      -0.53414853399999995     
   1.8406971500000000        1.6743424200000001      -0.52620730900000001     
   1.8255143300000001        1.6942420700000000      -0.53042366299999999     
   1.8244336500000000        1.6957622800000001      -0.52957863800000005     
   1.8035851899999999        1.7201727000000000      -0.52957863800000005     
   1.8038772400000000        1.7204647500000001      -0.52514086100000001     
   1.7990476300000000        1.7230718500000000      -0.53757981600000004     
   1.7718902299999999        1.7440948900000000      -0.55537712400000006     
   1.7333629900000000        1.7770002600000001      -0.55537712400000006     
   1.6749841999999999        1.8184998900000000      -0.58782739500000003     
   1.6227223399999999        1.8583741000000000      -0.57675410199999999     
   1.5328937400000000        1.9089721100000001      -0.61828041700000003     
   1.3667348900000000        2.0107943700000002      -0.61828041499999997     
   1.3660298099999999        2.0111613500000001      -0.61856075300000002     
   1.3366034099999999        2.0279846300000002      -0.60681919100000004     
   1.2899855300000000        2.0559978399999999      -0.56705212500000002     
   1.2404710100000000        2.0874564300000000      -0.49831083999999998     
   1.2071829100000000        2.1089796700000001      -0.44628308200000000     
   1.1529328800000000        2.1366391000000000      -0.39211101300000001     
   1.1480939100000001        2.1391897100000001      -0.38640762800000000     
   1.1174520200000000        2.1561895999999998      -0.34143140500000002     
   1.0780446600000000        2.1731180999999999      -0.30660291400000000     
  0.94788052899999997        2.2273948099999998      -0.11791120400000001     
  0.50337023299999994        2.3085035199999999        8.8265748099999999E-002
  0.41317502299999997        2.3236499400000001       0.19052408500000001     
  0.42542378500000000        2.3236499400000001       0.20277284800000001     
  0.55675037400000005        2.3043024100000000        8.8265748099999999E-002
  0.10328464699999999        2.3686162500000001       0.50934483300000000     
   9.0861332399999994E-002   2.3703072199999999       0.52161266699999997     
   4.3164977600000001E-002   2.3670636599999999       0.52395813300000005     
 -0.15360598600000000        2.3515774500000002       0.52395813300000005     
 -0.25650945300000000        2.3229045500000001       0.42937996600000000     
 -0.52918755900000003        2.2359604900000001       0.15182173900000001     
 -0.66525894100000005        2.1881715700000002        8.1298152600000007E-002
 -0.74121020000000004        2.1569767500000001        3.6535518300000000E-002
 -0.91109302400000003        2.0756263499999998       -7.8135492099999995E-002
 -0.80342221599999997        2.1252578899999999       -2.5587092299999999E-002
 -0.88711028400000003        2.0863634700000002       -6.9749807200000000E-002
  -1.2467456600000000        1.8904849600000000      -0.23515490900000000     
  -1.3075963200000000        1.8633610100000000      -0.14027345699999999     
  -1.0941308000000001        1.9773047600000000      -0.18096279700000001     
  -1.2029595200000001        1.9150866200000001      -0.22438702999999999     
  -1.2737448400000000        1.8724340399999999      -0.24920977300000000     
  -1.3011768200000000        1.8549636000000000      -0.25537096700000000     
  -1.3408859000000000        1.8306298500000000      -0.25537096700000000     
  -1.3580261499999999        1.8168378500000000      -0.26953116799999999     
  -1.3607230800000001        1.8147801800000001      -0.27010259599999997     
  -1.4281111300000000        1.7732425000000001      -0.13883318400000000     
  -1.3722350299999999        1.8037072700000001      -0.28027146100000000     
  -1.3966107000000001        1.7828884800000000      -0.28027145999999997     
  -1.4455603200000000        1.7516133599999999      -0.19395746300000000     
  -1.4570946800000000        1.7407406800000000      -0.18523135600000001     
  -1.6099288000000000        1.5733052900000000      -0.10466259300000000     
  -1.5277501200000001        1.6580137900000000      -0.18523135600000001     
  -1.6049979400000001        1.5777031300000000      -0.11429038300000000     
  -1.6166742199999999        1.5649223000000001       -9.7737091900000003E-002
  -1.8998027700000000        1.1028984900000001       -9.7737088499999999E-002
  -1.9419446000000000        1.0219292099999999      -0.12993013300000000     
  -2.0009486200000000       0.83817726000000004      -0.30856257799999998     
  -2.1335370100000000       0.51808056000000002      -0.30856257700000000     
  -1.9711513199999999       0.91565711400000005      -0.28459069599999998     
  -2.1598383100000000       0.44881415600000002      -0.30128144600000001     
  -2.1480912800000000       0.47718932200000003      -0.31945278199999999     
  -2.1577255599999998       0.45373235699999998      -0.30562818500000000     
  -2.2635469200000000        4.8527265100000001E-002 -0.21340584800000001     
  -2.1765288100000002       0.37929323300000001      -0.30128144600000001     
  -2.3341988200000001      -0.25500593700000002      -0.14387748900000000     
  -2.3384730700000000      -0.27264973100000001      -0.13731807700000001     
  -2.3385598000000001      -0.27296942099999999      -0.13705955000000000     
  -2.3456987599999999      -0.28030815300000000       -5.3689120000000000E-002
  -2.2986632500000002      -0.10317028100000000      -0.18156890200000000     
  -2.3418021900000001      -0.31655934800000002      -0.13945103400000000     
  -2.3435593099999998      -0.33888572700000003      -0.13945103400000000     
  -2.3456987599999999      -0.35162592999999998      -0.12500689700000001     
  -2.3413166599999999      -0.31020021100000000      -0.13926115500000000     
  -2.3460331999999999      -0.35393073700000000      -0.12263567000000000     
  -2.3477756300000001      -0.35504207399999999       -9.9384734500000002E-002
  -2.3477756300000001      -0.36158504899999999       -9.2841759699999998E-002
  -2.3452243899999998      -0.36420767599999998      -0.12263567000000000     
  -2.3448606600000002      -0.36551306900000002      -0.12383545200000000     
  -2.3417859399999998      -0.37684638900000000      -0.13300048500000000     
  -2.3398370000000002      -0.38268217500000001      -0.13932870400000000     
  -2.3291031800000002      -0.42018586200000002      -0.15931008899999999     
  -2.3129903600000001      -0.48730058900000001      -0.15931008899999999     
  -2.1659959199999999      -0.84397525900000003      -0.37733490300000000     
  -2.2850019600000002      -0.55245398000000001      -0.21689309500000001     
  -2.1839947500000001      -0.79838019199999999      -0.36183216800000001     
  -1.9496040400000001       -1.3680405200000001      -0.37020301200000000     
  -2.1580591199999999      -0.86105264500000001      -0.38634674600000002     
  -1.9696708700000001       -1.3158621300000000      -0.38634674699999999     
  -1.8013121800000000       -1.6274750300000000      -0.47327552200000000     
  -1.7909516400000001       -1.6473812699999999      -0.46536088199999998     
  -1.8019728800000001       -1.6262692299999999      -0.47323999999999999     
  -1.6974876999999999       -1.7968534000000000      -0.47340164699999998     
  -1.5628010299999999       -1.9675952200000000      -0.51888214700000002     
  -1.4894866400000000       -2.0534353400000001      -0.51888214700000002     
  -1.5631988900000000       -1.9671348500000001      -0.51884392599999996     
  -1.4545909299999999       -2.0868337700000001      -0.53862810500000002     
  -1.4021120499999999       -2.1393126400000000      -0.53862810500000002     
  -1.3998791799999999       -2.1416814000000000      -0.53683606500000003     
  -1.4726481499999999       -2.0693078699999998      -0.53162098999999996     
  -1.3341259000000001       -2.1978400100000002      -0.53683606500000003     
  -1.3043971999999999       -2.2264349299999999      -0.51057575499999996     
  -1.1945223300000001       -2.3109770799999998      -0.47681885600000001     
  -1.2253279600000000       -2.2867623600000000      -0.49382248800000000     
 -0.94294180800000005       -2.4927942600000002      -0.33136367000000000     
 -0.88245008100000000       -2.5359104200000000      -0.27492430899999998     
  -1.0370877800000000       -2.4298508000000001      -0.38037288699999999     
 -0.85299232000000003       -2.5527516299999999      -0.26317023699999997     
 -0.80768645100000003       -2.5799764399999998      -0.22452237100000000     
 -0.75875353300000004       -2.6027494700000000      -0.19837404500000000     
 -0.78446973300000000       -2.5895931200000000      -0.22452237100000000     
 -0.75975319900000005       -2.6021948600000000      -0.19984135700000000     
 -0.74028077000000003       -2.6106849500000000      -0.18204769300000001     
 -0.69927121000000003       -2.6228630100000001      -0.15510669599999999     
 -0.72411577800000004       -2.6145658200000002      -0.18204769300000001     
 -0.67485794600000004       -2.6294862900000000      -0.13536416900000001     
 -0.51283791800000000       -2.6531090700000002       -7.2185911800000002E-002
 -0.50948756600000000       -2.6536716899999999       -6.8387468100000001E-002
 -0.54946889099999996       -2.6485980599999999       -9.2872793400000000E-002
 -0.12851101800000000       -2.6595236799999999        9.6345623800000002E-002
  -9.2133553800000004E-002  -2.6566607100000001        9.6345623800000002E-002
   8.5951497299999999E-002  -2.6317212200000002        5.5169906599999999E-002
  0.12019875700000000       -2.6202838599999998        1.8032801200000000E-002
  0.39999331100000002       -2.5207609799999999       -6.6311749700000006E-002
  0.28439010799999997       -2.5658792899999998       -3.5071339299999997E-002
  0.34253599200000001       -2.5429259800000001       -5.4841465200000002E-002
  0.68621794500000000       -2.3718883100000001      -0.15554708400000000     
  0.74690857799999999       -2.3403008500000002      -0.13141674400000000     
  0.55426167800000004       -2.4453326400000002      -0.13392557399999999     
  0.58542189899999997       -2.4275181199999998      -0.14635895199999999     
  0.61415108100000004       -2.4113763600000002      -0.15342402799999999     
  0.75394416399999997       -2.3359894400000001      -0.13141674400000000     
  0.81620499800000001       -2.2996762400000001      -0.11423987500000000     
   1.0578800399999999       -2.1486615400000000       -3.1217847800000000E-002
   1.1293575000000000       -2.0978504800000000        8.5134149900000008E-003
   1.1982578900000000       -2.0413826600000000        2.8007995099999999E-002
   1.1685105700000000       -2.0644105900000000        8.5134150900000004E-003
   1.2064225600000000       -2.0332179899999998        2.8007995099999999E-002
   1.2521601200000001       -1.9741345400000001       -1.0711697799999999E-002
   1.2724197600000000       -1.9504135499999999       -1.0711697900000001E-002
   1.3116746300000000       -1.8951925400000000       -4.1406695600000001E-002
   1.3371115200000001       -1.8375182800000001      -0.13386656599999999     
   1.3699274100000001       -1.7724232499999999      -0.19989745800000000     
   1.4849470199999999       -1.5682244599999999      -0.29429526499999997     
   1.5201722700000000       -1.5107420800000000      -0.29429526400000000     
   1.6081092800000001       -1.3417841399999999      -0.36147222899999998     
   1.6633436600000000       -1.2451710499999999      -0.32292220900000002     
   1.6804183200000000       -1.2167564500000001      -0.29868332500000000     
   1.9158181400000001      -0.68926896599999998      -0.12215141900000000     
   1.8256836400000001      -0.86605493300000003      -0.29868332399999997     
   1.9687417100000000      -0.56041388299999995       -4.6209386999999998E-002
   2.1718755900000000        8.3956537100000006E-002  0.17968440199999999     
   2.1916326300000000       0.17921428200000000       0.16516878900000001     
   2.2091650999999999       0.37701139900000002       0.17420403600000001     
   2.1247090599999998       0.94057197199999998      -0.41792240100000000     
   2.1225543700000000       0.94000242800000000      -0.42762131399999997     
   2.1106834299999999        1.0756878299999999      -0.42762131399999997     
   2.1013817800000001        1.0965246200000001      -0.44767241299999999     
   2.0977195900000001        1.1026044500000001      -0.45606499900000003     
   1.9870093400000000        1.3918295199999999      -0.52885394399999996     
   1.9862088600000001        1.3941362200000000      -0.52814578899999998     
   1.8878547999999999        1.5926164599999999      -0.54307622600000005     
   1.8558041100000000        1.6387886899999999      -0.55925112899999996     
   1.8554092200000001        1.6391804699999999      -0.55965813799999997     
   1.8117234300000000        1.7015702500000001      -0.55965813799999997     
   1.8058576900000001        1.7069396200000000      -0.56462574600000004     
   1.7983566200000001        1.7101961699999999      -0.57694012699999997     
   1.7952675700000000        1.7124945199999999      -0.57923415899999997     
   1.7576600899999999        1.7501019900000001      -0.57923415899999997     
   1.7311482800000000        1.7684343100000000      -0.59596630699999997     
   1.6752701000000001        1.8179618600000000      -0.58896793199999997     
   1.6057580000000000        1.8557610600000001      -0.62567687800000005     
   1.5274794100000000        1.9105723200000000      -0.62567687699999996     
   1.4720920000000000        1.9386498800000000      -0.65092719600000004     
   1.4241899099999999        1.9676278100000000      -0.65254847199999999     
   1.3710389100000000        2.0045228399999999      -0.63392878799999997     
   1.3689521800000000        2.0062557299999999      -0.63197321900000003     
   1.3367583800000000        2.0212679499999999      -0.63197321900000003     
   1.3282389999999999        2.0293435299999998      -0.61644057200000002     
   1.3040172000000001        2.0444086900000000      -0.59344805700000003     
   1.1698345400000001        2.1264583699999999      -0.41544203200000002     
   1.0791839800000000        2.1699514899999999      -0.32009604400000002     
  0.70867461099999995        2.2023668600000001      -0.32009604400000002     
  0.65283438100000002        2.2224964800000002      -0.25302819999999998     
  0.50337023299999994        2.2690212900000000       -9.3231121799999997E-002
  0.31189974999999998        2.2563067399999999       -8.2407658100000003E-002
 -0.28511428599999999        2.2040747800000000       -8.2407658199999997E-002
 -0.51322927100000004        2.1876963100000002       -6.6661613900000000E-002
 -0.54437702799999999        2.1937430999999998       -2.8069328700000000E-002
 -0.55849657699999999        2.1908855200000001       -2.5587091600000000E-002
  -1.0930966099999999        1.9774727800000000      -0.18215240399999999     
  -1.1316354700000000        1.9483455700000001      -0.22438702999999999     
  -1.3546731800000000        1.8178288400000000      -0.27411163599999999     
  -1.3763307700000000        1.7959995000000000      -0.29661068699999998     
  -1.3951587100000000        1.7814364800000000      -0.29072051799999998     
  -1.3782856999999999        1.7935172100000001      -0.29976478899999998     
  -1.3856822600000001        1.7854368599999999      -0.30660791500000001     
  -1.4158497299999999        1.7280142700000001      -0.38568167799999997     
  -1.4201242000000001        1.7222692600000000      -0.38994811499999998     
  -1.4201438099999999        1.7222496500000000      -0.38994811499999998     
  -1.3969739100000000        1.7594279399999999      -0.34930633500000002     
  -1.4278571700000000        1.7110947400000001      -0.39698820400000001     
  -1.4489610900000001        1.6228749300000000      -0.53428188499999996     
  -1.4654034100000000        1.5817098900000000      -0.57608196499999997     
  -1.4977425799999999        1.5222386900000000      -0.60748836600000000     
  -1.7117009599999999        1.2166744599999999      -0.60748836500000003     
  -1.7475462700000000        1.1459639100000001      -0.63972428199999998     
  -1.8389303200000000        1.0143160300000000      -0.59360582699999997     
  -1.8716227200000000       0.97494821300000001      -0.55671242399999998     
  -2.0189786999999999       0.71118704600000004      -0.46448372199999999     
  -2.0224306799999998       0.70594988800000003      -0.46066067900000002     
  -1.9238147400000001       0.86302206500000000      -0.55671242399999998     
  -1.9716010700000000       0.78547299999999998      -0.51270466000000003     
  -2.0627071400000001       0.63119727900000000      -0.41810889600000001     
  -2.1447530499999998       0.47906172000000002      -0.33116186600000003     
  -2.1580779300000001       0.43987086399999997      -0.31950563300000001     
  -2.1449063900000001       0.47835730700000001      -0.33130802300000001     
  -2.1668313200000000       0.40981295299999998      -0.31233659000000003     
  -2.3404941899999998      -0.30079934600000002      -0.13926115500000000     
  -2.3434700799999999      -0.33888572700000003      -0.13986119899999999     
  -2.3432345099999998      -0.33812892500000002      -0.14067032099999999     
  -2.3428445500000001      -0.34830572199999998      -0.13932870400000000     
  -2.2857238700000000      -0.52405489900000002      -0.24532486300000000     
  -2.3225214400000000      -0.43492972299999999      -0.17349801000000001     
  -2.2869156600000000      -0.52046106500000000      -0.24379049699999999     
  -2.2399078499999998      -0.63772014700000001      -0.30872844300000002     
  -2.1973632099999998      -0.74848840000000005      -0.36183216800000001     
  -1.9870065100000001       -1.2091569900000001      -0.50908720200000002     
  -2.1382155599999999      -0.89295717699999999      -0.41663208800000001     
  -2.0380232800000000       -1.0787410799999999      -0.52280949200000004     
  -2.0195050999999999       -1.1167505099999999      -0.53548493100000005     
  -2.0176212400000000       -1.1209360500000001      -0.53617096500000005     
  -1.8394538100000000       -1.5255847700000000      -0.50908720100000004     
  -1.7046164399999999       -1.7727333599999999      -0.50635180999999996     
  -1.7158152400000000       -1.7506419600000001      -0.51642295800000004     
  -1.3929674400000001       -2.1431729499999999      -0.55395917699999997     
  -1.4339467100000001       -2.1021936800000001      -0.55395917699999997     
  -1.3787300700000000       -2.1530177699999999      -0.56294467400000003     
  -1.3540874800000000       -2.1748596899999999      -0.55985835200000000     
  -1.3356122300000000       -2.1950428899999999      -0.54276549900000004     
  -1.2815430500000000       -2.2329025400000000      -0.54276549900000004     
  -1.2613166899999999       -2.2504882300000002      -0.53120949200000001     
  -1.1074557599999999       -2.3714147799999998      -0.44631798299999997     
 -0.87908933199999995       -2.5276386000000000      -0.31217205799999997     
 -0.84390923600000001       -2.5542272900000000      -0.27361829999999998     
 -0.91290817199999996       -2.5067991699999999      -0.33136367000000000     
 -0.80581557400000003       -2.5747710100000001      -0.25184738099999998     
 -0.78580120700000000       -2.5872192799999998      -0.23284876500000001     
 -0.73801389399999995       -2.6027474900000001      -0.22160568400000000     
 -0.74719130099999997       -2.5975647700000000      -0.23284876500000001     
 -0.74031281800000004       -2.6013627300000000      -0.22477911500000000     
 -0.72652220099999998       -2.6078774400000002      -0.21054730299999999     
 -0.62836628000000005       -2.6240390800000002      -0.17722460900000001     
 -0.65611052800000003       -2.6140376700000001      -0.21054730299999999     
 -0.26366709599999999       -2.6365629400000001       -5.8100757300000000E-002
  0.12512962100000000       -2.6065790899999999       -4.0364127100000001E-002
 -0.12702219200000001       -2.6246080599999999       -5.8100757300000000E-002
  0.12484636700000000       -2.6065241000000001       -4.0715080200000003E-002
  0.15523624599999999       -2.6004859699999998       -3.5071339000000000E-002
  0.55211451099999997       -2.4456814699999998      -0.13639541099999999     
  0.56120618899999997       -2.4388101000000000      -0.14635895199999999     
  0.69458441299999996       -2.3660806900000000      -0.15847799700000001     
  0.84767530999999996       -2.2776404900000000      -0.11423987500000000     
   1.1387690600000000       -2.0769656599999999       -4.1348666499999999E-002
   1.1674167700000000       -2.0384622000000001       -6.9942600800000004E-002
   1.2670742200000000       -1.9388047600000000       -6.9942600800000004E-002
   1.4851269000000000       -1.5583905600000001      -0.31693394100000000     
   1.4898448799999999       -1.5516525900000000      -0.31693394100000000     
   1.3716569199999999       -1.7651934199999999      -0.21114900600000000     
   1.4747364000000001       -1.5756319999999999      -0.31125532099999997     
   1.5643388400000000       -1.4047014900000001      -0.38392682700000003     
   1.5991834700000001       -1.3471014200000000      -0.38587633799999999     
   1.6513070900000000       -1.2047375600000001      -0.43986760800000002     
   1.6843203000000000       -1.1160546400000000      -0.47144183800000000     
   1.6909576300000000       -1.0941531900000001      -0.48256561799999997     
   1.6928557600000000       -1.0886119299999999      -0.48438014099999999     
   1.7566516000000001      -0.90477467700000003      -0.54081803600000000     
   1.7562332599999999      -0.89786043400000004      -0.55019266800000000     
   1.7580308099999999      -0.87545317700000003      -0.56755680600000002     
   1.7824233700000001      -0.67324240000000002      -0.69052755899999996     
   1.8173897000000001      -0.51261445200000000      -0.72385593000000004     
   1.9334060200000001       -7.9635669899999997E-002 -0.72385592899999995     
   1.9832584600000001        1.0652146499999999E-002 -0.61793269399999995     
   2.0108468400000001        7.6924299000000002E-002 -0.56346804699999997     
   2.0307631200000000       0.12153906000000000      -0.52053555299999998     
   2.1908798200000001       0.17914773200000000       0.16173225199999999     
   2.0951342700000000       0.85730462299999999      -0.52053555299999998     
   2.1074277700000001       0.89140718100000005      -0.47957610499999997     
   2.0377794400000000       0.85730462299999999      -0.67430979400000002     
   2.0897278300000002        1.1026086700000000      -0.47749074300000000     
   2.0277359300000000       0.85535287400000004      -0.70077967299999999     
   2.0163198000000002       0.97126281900000000      -0.70077967299999999     
   2.0105998600000001        1.0554651399999999      -0.69412514199999997     
   2.0330977400000001        1.1142499200000000      -0.62097250000000004     
   2.0325099299999998        1.1172808900000000      -0.62037100000000001     
   1.9656595699999999        1.3376569599999999      -0.62037100099999998     
   1.9521355899999999        1.4031821600000001      -0.60498317899999998     
   1.8969254499999999        1.4856506100000000      -0.64810380400000001     
   1.8953002999999999        1.4888413599999999      -0.64845712499999997     
   1.8906224000000000        1.4958186300000000      -0.65053841000000001     
   1.8188467500000001        1.6301014199999999      -0.65053840900000004     
   1.8105619100000001        1.6535656200000000      -0.64119693499999997     
   1.8106576500000000        1.6545454900000001      -0.63983754500000001     
   1.8079335800000000        1.6601548100000001      -0.63699855299999997     
   1.7710124800000000        1.7051433000000000      -0.63699855299999997     
   1.7623392700000000        1.7219837000000000      -0.62718171099999998     
   1.7373260399999999        1.7469969200000000      -0.62718171099999998     
   1.5978999899999999        1.8572649400000001      -0.63510787400000002     
   1.7237290300000001        1.7539997100000000      -0.63510787400000002     
   1.5338528400000000        1.8883683099999999      -0.66752347999999995     
   1.3428225499999999        2.0065472700000000      -0.66258176499999999     
   1.3989879800000000        1.9765262200000000      -0.66258176400000002     
   1.3397546199999999        2.0075665900000002      -0.66364025400000004     
   1.3361623000000000        2.0186016900000001      -0.63955069099999995     
   1.3225498000000000        2.0033153100000001      -0.68657910300000002     
   1.3066611500000000        2.0081350800000002      -0.68657910300000002     
   1.3096647100000001        2.0169357899999998      -0.66305522299999997     
   1.2757230700000000        1.9962945800000000      -0.72507889999999997     
   1.0922500900000001        2.0087580599999999      -0.73957881700000005     
  0.76584892299999996        2.0409057700000002      -0.73957881700000005     
  0.75892302599999995        2.0413474699999998      -0.74001914700000004     
  0.70867461099999995        2.0658844500000000      -0.68601954300000001     
  0.44641165799999999        2.0491584899999999      -0.66934555100000004     
 -0.30307559899999997        1.9871675000000000      -0.63876047300000005     
 -0.53611706199999998        2.0763562400000000      -0.34876025700000002     
   8.3929058599999995E-002   2.0134570699999998      -0.66934555100000004     
 -0.58307666999999996        2.0672489999999999      -0.33944105699999999     
  -1.1464823399999999        1.9027380400000000      -0.32394805700000001     
  -1.0805092700000001        1.9163544699999999      -0.33944105899999999     
  -1.1782265100000000        1.8814862800000001      -0.34054626199999999     
  -1.1866683300000000        1.8786814700000001      -0.33763368799999999     
  -1.3855426300000000        1.7723809500000001      -0.33763368599999999     
  -1.4486187600000000        1.6233905799999999      -0.53392733500000000     
  -1.4479122000000000        1.6239704399999999      -0.53392733500000000     
  -1.4940339600000001        1.4391178099999999      -0.74465971700000000     
  -1.5196160200000000        1.4079459700000001      -0.74465971700000000     
  -1.4738590400000000        1.4782905700000000      -0.72182457700000002     
  -1.5713541400000000        1.3014083599999999      -0.79858063700000004     
  -1.6573706200000000        1.1957543399999999      -0.77018944000000000     
  -1.6922931200000000        1.1649345499999999      -0.73871890799999995     
  -1.7560819400000001        1.0455940600000000      -0.73871890900000003     
  -1.8424464599999999       0.96530817300000005      -0.64337202000000004     
  -1.8748033700000000       0.92032354500000002      -0.61408294699999999     
  -1.8609561500000000       0.93765988899999997      -0.62891544499999996     
  -2.3392757500000001      -0.30655288200000003      -0.14387748900000000     
  -2.3412895300000001      -0.33812892500000002      -0.14588501100000001     
  -2.3139000500000000      -0.39421888100000002      -0.20616224499999999     
  -2.2963514500000000      -0.42465790599999997      -0.24379049699999999     
  -2.1370467600000000      -0.87436626600000000      -0.43312304699999998     
  -2.1653130799999998      -0.80494466499999995      -0.40720808300000000     
  -2.1510072400000002      -0.83883598000000004      -0.42121734500000002     
  -2.0418904499999999       -1.0659927100000000      -0.52280949200000004     
  -1.8438056100000000       -1.4840328899999999      -0.54775456400000000     
  -1.8420575299999999       -1.4892942100000000      -0.54593931799999995     
  -2.0088275599999998       -1.1340713400000000      -0.54303907200000001     
  -2.0050653199999999       -1.1404819399999999      -0.54502834200000005     
  -1.9769805100000000       -1.1956223300000000      -0.55113419699999999     
  -1.9324719500000000       -1.2850626800000000      -0.55834524699999999     
  -1.7020148500000001       -1.7553801899999999      -0.54114848699999996     
  -1.7062637899999999       -1.7433464400000001      -0.54593931600000001     
  -1.5723787700000000       -1.9191683399999999      -0.57641217300000003     
  -1.5778623599999999       -1.9078766700000001      -0.58212712200000005     
  -1.4185269700000001       -2.1066372900000001      -0.57641217300000003     
  -1.3839821699999999       -2.1347925100000000      -0.58948283599999995     
  -1.3995173000000001       -2.1192573800000001      -0.58948283599999995     
  -1.3319369000000001       -2.1790988900000001      -0.58644294600000002     
  -1.3811802200000001       -2.1362355800000001      -0.59111619000000004     
  -1.3359960099999999       -2.1733172999999999      -0.59111619000000004     
  -1.3215960099999999       -2.1875177500000000      -0.58366415800000004     
  -1.1030260300000001       -2.3717325900000001      -0.45081625700000000     
  -1.1876334200000001       -2.2898727600000002      -0.53120949299999998     
  -1.1534796599999999       -2.3174590099999999      -0.51073458999999999     
 -0.95481403399999998       -2.4709560599999998      -0.37332002300000000     
 -0.75642648300000004       -2.5716659300000000      -0.29565768700000000     
 -0.76970286799999998       -2.5608206299999998      -0.31217205799999997     
 -0.75199848899999999       -2.5741797000000002      -0.29209875000000002     
 -0.65611052800000003       -2.5835310900000001      -0.29233859800000001     
 -0.73933525000000000       -2.5750399200000000      -0.29309952900000003     
 -0.65605442100000000       -2.5832423699999998      -0.29309952900000003     
 -0.64225160100000001       -2.5765022700000002      -0.30793276900000000     
 -0.42085530300000001       -2.5623825999999998      -0.29385697199999999     
  0.13564126400000001       -2.5540111900000002      -0.17376531200000001     
 -0.22607474000000000       -2.5431983900000001      -0.29385697199999999     
   5.7121979400000002E-002  -2.5239605900000002      -0.27147586200000001     
  0.22945711499999999       -2.5358167500000000      -0.15514742600000000     
  0.56251675499999998       -2.4347842200000001      -0.15514742700000000     
  0.58969352600000002       -2.4131311000000002      -0.17826003500000001     
  0.58112851399999998       -2.4188651200000000      -0.17378161100000000     
  0.70179919199999996       -2.3450671999999999      -0.19612693200000000     
  0.60473816599999997       -2.3969474000000002      -0.19612693300000000     
  0.74375225099999998       -2.2975293799999998      -0.23896580700000000     
  0.74773891699999995       -2.2845925100000000      -0.25739875800000001     
   1.2045157500000001       -1.9097254500000000      -0.25739875800000001     
   1.2155291100000001       -1.8931359900000000      -0.26880533600000001     
   1.3320610600000000       -1.7766040400000001      -0.26880533600000001     
   1.3695657500000000       -1.7037828100000001      -0.31125532099999997     
   1.5529991500000000       -1.4186300199999999      -0.38766968400000001     
   1.6891754600000000       -1.0974873900000000      -0.48256561799999997     
   1.7808381099999999      -0.56455024200000004      -0.77423024600000001     
   1.8113581700000001      -0.41667722800000001      -0.80895648700000000     
   1.8282252299999999      -0.29586982899999997      -0.85052609300000004     
   1.8675351099999999       -9.3176522700000000E-002 -0.89075086100000000     
   1.8638067500000000       -8.3434693899999995E-002 -0.90287373599999998     
   1.8400140100000000        6.5793691099999996E-002  -1.0024109999999999     
   1.8435204199999999       0.11741100400000000       -1.0064903300000001     
   1.8559203300000000       0.24330941900000000       -1.0064903300000001     
   1.9199485800000000       0.50615247600000002      -0.90785813100000001     
   1.9352862300000000       0.57655898299999997      -0.88325129099999999     
   1.9971772900000000       0.79277290300000003      -0.76803141900000005     
   1.9916123299999999       0.88512166999999997      -0.76156559899999998     
   1.9901352500000000       0.89823114800000003      -0.76156559899999998     
   1.9811972600000001        1.0415634199999999      -0.74882722800000001     
   1.9906184099999999        1.0581674100000000      -0.72888162400000001     
   1.9550407299999999        1.2531923700000001      -0.68610652400000005     
   1.9249579500000000        1.3391640199999999      -0.68610652400000005     
   1.8277002099999999        1.5888349300000000      -0.67306188600000005     
   1.8190017999999999        1.6166001200000000      -0.66258408800000002     
   1.8535004600000000        1.5426274300000000      -0.67118235800000003     
   1.8097135799999999        1.6313822400000000      -0.66258408800000002     
   1.8018382600000000        1.6552595699999999      -0.65227486499999998     
   1.7733274000000001        1.6862089200000001      -0.65697491200000002     
   1.7726462300000001        1.6865384000000001      -0.65739764099999998     
   1.7026019100000001        1.7565827199999999      -0.65739764099999998     
   1.6287936900000000        1.7988963899999999      -0.68497994100000004     
   1.5343285099999999        1.8859186600000000      -0.67063421899999998     
   1.6658412600000001        1.7735750600000000      -0.67730182400000005     
   1.3445737000000000        1.9771511100000001      -0.71112948300000001     
   1.4405369100000001        1.9168534300000000      -0.71112948200000003     
   1.3213030400000001        1.9844414500000001      -0.71991117100000002     
   1.3195153399999999        1.9931601400000001      -0.70666868800000004     
   1.2963655599999999        1.9742002999999999      -0.75094633600000005     
   1.2747679000000001        1.9817576500000000      -0.75094633600000005     
   1.2768720000000000        1.9877990400000001      -0.73985635199999999     
   1.0141784800000000        1.9668227000000000      -0.82918927399999998     
  0.96526102899999999        1.9723343799999999      -0.82918927399999998     
   1.2431047099999999        1.9637918599999999      -0.78898187600000003     
   1.2072975100000001        1.9547800900000001      -0.81202620400000003     
  0.75892302599999995        1.9847683500000000      -0.84363607699999998     
  0.35270833200000001        1.9363643600000000      -0.85901096799999999     
  0.71953946999999996        1.9584696800000001      -0.88469473399999998     
  -4.9548792600000002E-002   1.8910408700000001      -0.85901096799999999     
 -0.31834245700000002        1.8742792900000000      -0.83512246499999998     
 -0.37228170799999999        1.8355609100000001      -0.87567305299999998     
 -0.39903661800000001        1.8306801100000001      -0.86980486099999998     
  -1.2188519300000000        1.6012363199999999      -0.77584760600000002     
  -1.2312050600000000        1.6231073700000000      -0.73298810400000003     
  -1.0212804400000000        1.6129475799999999      -0.86980486099999998     
  -1.1755039700000001        1.5834344899999999      -0.82979495999999997     
  -1.4459305400000000        1.6206414499999999      -0.54141279799999997     
  -1.4532514800000000        1.4539533200000001      -0.77584760500000005     
  -1.4735651000000001        1.4783265000000001      -0.72213468999999997     
  -1.4533543200000001        1.4429462300000000      -0.78895437300000004     
  -1.4580274499999999        1.4332849299999999      -0.79495007399999995     
  -1.4998617599999999        1.3914506300000000      -0.79495007399999995     
  -1.5292951400000001        1.3277754500000001      -0.82942722099999999     
  -1.5497137500000000        1.3056104700000000      -0.82606119000000000     
  -1.6582018800000000        1.1233703900000001      -0.83476946699999999     
  -1.5650571099999999        1.2590906900000001      -0.84614647200000004     
  -1.6451061499999999        1.1316933700000000      -0.84614647200000004     
  -1.6572518899999999        1.1236588500000000      -0.83588132299999995     
  -1.7444995400000001        1.0479689400000001      -0.75631097500000000     
  -1.7486747199999999        1.0360369599999999      -0.75631097500000000     
  -2.2455105099999999      -0.28848421200000002      -0.31233659000000003     
  -2.2537163699999998      -0.42465790599999997      -0.32187082200000000     
  -2.2013076100000002      -0.50314262499999995      -0.40369373300000000     
  -2.1989974000000001      -0.50598803400000003      -0.40720808300000000     
  -2.0191532599999999       -1.1139519099999999      -0.53766297399999996     
  -2.0403943999999998       -1.0680768800000000      -0.52437633800000005     
  -2.0115394100000001       -1.1263213400000001      -0.54303907200000001     
  -1.7064159800000001       -1.7300936400000000      -0.55776329099999999     
  -1.6231744699999999       -1.8355019500000000      -0.58236425100000000     
  -1.5776756300000001       -1.9079129300000000      -0.58236425100000000     
  -1.4041895499999999       -2.0810417499999998      -0.62980150899999998     
  -1.5434004500000000       -1.9299243200000000      -0.60685243300000002     
  -1.3443980600000001       -2.1403232600000002      -0.63041449800000005     
  -1.3443942300000000       -2.1407330400000002      -0.62992654999999997     
  -1.4032017999999999       -2.0815195200000001      -0.63041449800000005     
  -1.3414255600000000       -2.1453557299999999      -0.62662383399999999     
  -1.2929257400000000       -2.1878470000000001      -0.60924340600000004     
  -1.3065293800000000       -2.1672824500000001      -0.62662383399999999     
  -1.2403378100000000       -2.2295520999999998      -0.58605070699999995     
 -0.93230626400000005       -2.4014628299999998      -0.49991580699999999     
 -0.87969333900000002       -2.4615119299999999      -0.43178355499999999     
 -0.95158066500000005       -2.3881065200000000      -0.51073458999999999     
 -0.77237529400000005       -2.5410598200000001      -0.34654474099999999     
 -0.79360495700000000       -2.5233074300000000      -0.36706381199999999     
 -0.66359679699999996       -2.5533162200000001      -0.34654474099999999     
 -0.64225160100000001       -2.5546024799999998      -0.34803922999999998     
 -0.56813052100000005       -2.5051075799999998      -0.42531290199999999     
 -0.39520643200000000       -2.4946871399999999      -0.41320558299999999     
  -5.7048267300000002E-003  -2.4508008399999999      -0.41320558299999999     
   6.7634501700000002E-002  -2.4462275099999999      -0.40668769599999999     
  0.17660290900000000       -2.3680083900000000      -0.48860824200000003     
  0.63837108200000003       -2.2329180800000001      -0.44526479000000002     
  0.21927208900000000       -2.3193084599999998      -0.54386362399999999     
  0.60995255199999998       -2.1826034499999998      -0.54386362399999999     
  0.71644473799999997       -2.2320214799999998      -0.37560848000000002     
  0.76902555399999994       -1.9612360600000001      -0.71947153100000005     
  0.65370767299999999       -2.0385032900000000      -0.71251723199999994     
  0.65978989499999996       -2.0293088300000002      -0.72028806599999995     
  0.76836255600000003       -1.9610881000000000      -0.72028806499999998     
  0.80876427500000003       -1.9428671300000000      -0.69795485899999998     
   1.1219853099999999       -1.6296461000000000      -0.69795485899999998     
   1.3947608000000000       -1.4977055500000001      -0.52867322299999997     
   1.4766303900000000       -1.4334592300000000      -0.48464831300000000     
   1.4210841200000000       -1.4691308300000001      -0.52433379300000005     
   1.6892022600000001       -1.0951530199999999      -0.48464831500000000     
   1.7772892400000000      -0.55590863300000004      -0.78498489000000005     
   1.8277599600000001      -0.29216894700000001      -0.85340634699999995     
   1.8304964600000000      -0.26603059400000001      -0.86282471999999999     
   1.8244297100000000        9.3259706700000000E-002  -1.0354046600000000     
   1.8317677000000001       0.15838618099999999       -1.0354046600000000     
   1.8332444000000001       0.18289159299999999       -1.0371204100000000     
   1.9274519500000000       0.71605858200000005      -0.87272009800000006     
   1.9077821699999999       0.86546542900000001      -0.87272009800000006     
   1.9029687799999999       0.95288382400000005      -0.86413282899999999     
   1.9687629200000001        1.0427226700000001      -0.76457916400000003     
   1.9218812400000000        1.3205130100000000      -0.69868189800000002     
   1.8706905700000001        1.4440982400000000      -0.69868189800000002     
   1.8174680000000001        1.6002084599999999      -0.67675794899999997     
   1.8096145200000000        1.6268712700000001      -0.66609779000000002     
   1.7632527099999999        1.6872911600000000      -0.66609779000000002     
   1.7430085200000001        1.6964078000000000      -0.67730182400000005     
   1.4000954800000001        1.9159653400000001      -0.74263025500000002     
   1.5014567500000000        1.8381881000000000      -0.74263025500000002     
   1.3033535900000000        1.9444604800000000      -0.78130899200000004     
   1.2973653599999999        1.9498477999999999      -0.77936299300000000     
   1.2948369200000001        1.9701728900000000      -0.75692080100000003     
   1.2683842999999999        1.9549040400000000      -0.78745161900000005     
   1.2495555199999999        1.9627031800000001      -0.78745161799999996     
   1.1414148000000000        1.9305709499999999      -0.85419999499999999     
  0.96652315000000000        1.9402007500000000      -0.87137992099999995     
  0.94503166999999999        1.9430301600000000      -0.87137992099999995     
   1.2014452300000000        1.9504941300000000      -0.81851132699999996     
  0.71953946999999996        1.9556937599999999      -0.88840292300000001     
  0.31860320900000000        1.7970324600000001       -1.0400033200000001     
  0.23698348200000000        1.7924487099999999       -1.0338416300000000     
  0.68742825900000004        1.9287148700000001      -0.91960933899999997     
  0.60538888700000004        1.8911245400000001      -0.95747611499999996     
 -0.17977793800000000        1.7375810199999999       -1.0338416399999999     
 -0.38245669900000001        1.7264212299999999       -1.0139321299999999     
 -0.78017155500000002        1.5731737600000000       -1.0323716400000000     
 -0.43075668299999997        1.6850079499999999       -1.0460318000000000     
 -0.43559875799999997        1.6824779500000000       -1.0471261500000000     
 -0.65782594699999997        1.5938215800000000       -1.0613943900000000     
 -0.84646585900000004        1.5457137599999999       -1.0323716400000000     
  -1.1205179500000000        1.4979006800000001      -0.95588358100000004     
  -1.1875465900000000        1.4866289600000000      -0.93668392499999997     
  -1.2256646000000000        1.4678797299999999      -0.93045314599999995     
  -1.3202389800000001        1.4400230199999999      -0.89264100800000001     
  -1.1925357200000000        1.4836762699999999      -0.93646569599999996     
  -1.3983960000000000        1.3800510300000000      -0.89264100800000001     
  -1.4639134899999999        1.3598346299999999      -0.86297872799999997     
  -1.4930696900000000        1.3306784300000001      -0.86297872799999997     
  -1.5005853800000000        1.3063215399999999      -0.87400602900000002     
  -1.5642716699999999        1.2233239400000000      -0.87400602900000002     
  -1.5922218500000000        1.1555402900000000      -0.89154297400000004     
  -1.6097148699999999        1.1360960499999999      -0.88522416800000003     
  -1.5763258499999999        1.1823996400000001      -0.89036812499999995     
  -1.6444012500000000        1.0457582800000000      -0.88840549499999999     
  -1.6162304500000000        1.0987504200000000      -0.89564734800000001     
  -1.6390223799999999        1.0437258599999999      -0.89564734800000001     
  -1.7135976700000000       -5.2407693999999998E-002 -0.98508397700000006     
  -1.7458127600000000       -8.2698141399999994E-002 -0.94888107899999996     
  -1.6183693100000001        1.0155250499999999      -0.92689767700000003     
  -1.6011651000000000       0.96368712099999998      -0.95771582799999999     
  -1.5809071200000000       0.86313409200000002       -1.0006761900000001     
  -1.5909116100000000       0.68143729399999997       -1.0185245999999999     
  -1.6790822500000000        1.1714845600000001E-002  -1.0185245999999999     
  -2.1014484800000002      -0.50598803400000003      -0.53751818799999995     
  -2.0923323400000000      -0.66831277099999997      -0.52526386500000000     
  -2.0408918800000002       -1.0590418500000001      -0.52526386599999997     
  -2.0041508700000001       -1.1349385200000000      -0.54876596600000005     
  -2.0013771800000000       -1.1367235700000000      -0.55113419600000002     
  -1.5432771800000000       -1.9243111799999999      -0.61122463699999996     
  -1.3994776600000001       -2.0818179600000000      -0.63386374000000001     
  -1.5077234100000001       -1.9407493600000001      -0.63386374000000001     
  -1.3751689100000000       -2.0927650000000000      -0.64731728899999996     
  -1.3451998900000000       -2.1227340200000002      -0.64731728899999996     
  -1.3438489600000001       -2.1395919900000000      -0.63170367100000002     
  -1.3165238500000001       -2.1389919300000000      -0.65298783000000005     
  -1.3326749099999999       -2.1265987900000001      -0.65298783000000005     
  -1.3098024399999999       -2.1409717100000001      -0.65567514599999999     
  -1.1497599999999999       -2.2146101900000001      -0.64712245999999995     
  -1.3052219800000000       -2.1385742300000001      -0.66067489000000001     
  -1.2947452500000001       -2.1404020799999999      -0.66359895000000002     
  -1.1621791100000001       -2.1953127700000001      -0.66359895000000002     
 -0.96966257099999997       -2.3690290100000002      -0.52743157600000001     
 -0.57587208099999998       -2.4483882800000001      -0.49991580600000002     
 -0.56813052100000005       -2.4488230400000002      -0.50050023700000001     
 -0.40638720299999997       -2.3129310599999999      -0.65768612800000004     
 -0.38991409700000002       -2.2954112699999998      -0.67737465100000005     
  0.22909765300000001       -2.2139168200000001      -0.67737465100000005     
  0.29055255800000002       -2.1490781499999998      -0.73412263600000005     
  0.45730233500000000       -2.0061038600000001      -0.84494280600000005     
  0.51858353199999996       -1.9108821300000001      -0.92624484900000004     
  0.66454327300000005       -1.8504236300000001      -0.92624485000000001     
  0.67921207699999997       -1.8731821000000000      -0.89267722400000005     
  0.70274353300000003       -1.8736988500000000      -0.87434802499999997     
  0.66654531500000003       -1.8153801500000000      -0.95931214600000003     
  0.67877395600000001       -1.7889310800000000      -0.97615376700000001     
  0.71155207200000004       -1.7637795500000000      -0.97615376700000001     
  0.72281493799999996       -1.7387694800000000      -0.98999545300000003     
  0.75758456500000004       -1.6930065100000000       -1.0010643600000000     
  0.79471902900000002       -1.6558720400000000       -1.0010643600000000     
  0.80336626600000005       -1.6278480000000000       -1.0137519200000000     
  0.81629108399999994       -1.5991133300000000       -1.0227561900000000     
  0.84167435199999996       -1.5509051100000000       -1.0342119700000001     
  0.88343898600000004       -1.4857706200000000       -1.0423189200000000     
   1.4064807300000000      -0.80412935399999996       -1.0423189200000000     
   1.4516695700000000      -0.65071185700000000       -1.1036573500000000     
   1.5066728700000001      -0.58957333999999995       -1.0837891300000000     
   1.5249462400000000      -0.48483514100000003       -1.1130216100000001     
   1.7588376400000001        7.9828643399999996E-002  -1.1130216100000001     
   1.7723955300000001        8.6177186300000000E-002  -1.1002995200000001     
   1.7752249000000000        8.8858899899999996E-002  -1.0978232000000001     
   1.8233862800000000        9.3348940500000005E-002  -1.0368119499999999     
   1.7800730800000000       0.12568446400000000       -1.0978232000000001     
   1.8043920899999999       0.14855057499999999       -1.0704938100000001     
   1.6852422899999999       0.12568446400000000       -1.1926539899999999     
   1.6334343499999999       0.13472940799999999       -1.2432711400000001     
   1.6288513400000000       0.13933425299999999       -1.2472479100000000     
   1.6258446900000001       0.14159232499999999       -1.2497663900000000     
   1.6197439300000001       0.15111755099999999       -1.2541322399999999     
   1.5842036900000001       0.23307986100000000       -1.2755793600000001     
   1.5235672400000000       0.61592332100000002       -1.2755793600000001     
   1.5232557900000001       0.62266699500000000       -1.2748600100000000     
   1.8114524000000001       0.95865604900000001      -0.95027065799999999     
   1.7983244400000000        1.0432904700000001      -0.92907698500000002     
   1.6064064899999999        1.4199506399999999      -0.92907698400000005     
   1.6842672599999999        1.5613157600000001      -0.80422012399999998     
   1.7401810900000001        1.6045732300000000      -0.73928467600000003     
   1.4102044300000001        1.8353785899999999      -0.80422012399999998     
   1.3692348700000001        1.8471544200000001      -0.82084698199999995     
   1.3053281500000000        1.9094971300000001      -0.80959507700000000     
   1.2943681400000000        1.9112522300000001      -0.81278484699999998     
   1.2243132500000000        1.9469469800000001      -0.81278484699999998     
  0.91416074100000000        1.9161382100000000      -0.90214154800000002     
  0.90688278300000003        1.9172909199999999      -0.90214154800000002     
   1.1138372800000000        1.9069161699999999      -0.88084184899999995     
  0.18018896600000001        1.7237739100000000       -1.0950393000000000     
 -0.10516442199999999        1.7089195200000000       -1.0723261900000001     
 -0.22795330599999999        1.6943744000000001       -1.0676650400000001     
 -0.13829825800000001        1.7036716400000000       -1.0723261900000001     
 -0.70449847600000004        1.5676125299999999       -1.0680405300000000     
 -0.84610141999999999        1.5456479599999999       -1.0325811199999999     
 -0.70197977199999995        1.5688873200000000       -1.0678167800000000     
 -0.84731686699999997        1.5450286499999999       -1.0325811199999999     
 -0.87517064000000000        1.5371898799999999       -1.0272887700000000     
  -1.3492383800000001        1.3930556500000000      -0.91354198099999995     
  -1.3948616400000000        1.3799422100000001      -0.89502649300000003     
  -1.4996265000000000        1.2751773500000001      -0.89502649300000003     
  -1.5053942100000000        1.2551107699999999      -0.90317020100000001     
  -1.6104370800000001        1.0666631900000001      -0.91409195399999998     
  -1.6046289499999999        1.0780622900000001      -0.91409195399999998     
  -1.4318513700000000       0.40963618600000001       -1.2106751899999999     
  -1.4338212200000000       0.36698477600000001       -1.2152248600000000     
  -1.4444184400000000       0.30007658599999998       -1.2152248600000000     
  -1.4666597299999999       0.56772075099999997       -1.1537775699999999     
  -1.4473066299999999       0.24459439999999999       -1.2196410400000000     
  -1.7065102500000000      -0.18855748200000000      -0.97424694400000000     
  -1.9069465699999999       -1.1426796100000001      -0.64001497500000004     
  -1.6101884600000000      -0.79670927899999999      -0.97424694400000000     
  -1.9068624700000001       -1.1432218000000001      -0.63987920300000001     
  -1.5002879300000000       -1.9411692700000001      -0.63987919999999998     
  -1.3754306599999999       -2.0573657700000001      -0.67006663300000002     
  -1.3742098000000000       -2.0616132700000001      -0.66834285000000004     
  -1.4785925400000000       -1.9516158200000000      -0.65144748900000005     
  -1.3099247199999999       -2.1258983499999999      -0.66834285000000004     
  -1.3058720699999999       -2.1270631999999998      -0.66998755700000001     
  -1.2333130500000000       -2.1293104500000002      -0.69891183099999998     
  -1.2805845499999999       -2.1131354000000000      -0.69232205599999996     
  -1.2579421700000000       -2.1167612899999999      -0.69891183099999998     
  -1.1656804000000001       -2.1398012099999999      -0.71584801700000000     
 -0.51968583199999996       -2.1961781600000001      -0.75952298200000001     
  -1.1563937700000000       -2.1318355499999999      -0.72481956299999994     
 -0.83106248500000002       -2.1468609399999998      -0.75952298299999998     
 -0.38991409700000002       -2.2029335699999999      -0.76985234499999999     
 -0.26115166699999998       -2.0747815200000002      -0.88105249900000004     
 -0.11047221800000000       -1.9950313600000000      -0.94096533599999999     
  -5.0472925000000002E-002  -1.9566026999999999      -0.96846575499999998     
  0.32976633300000002       -1.8963787200000000      -0.96846575499999998     
  0.52005261599999997       -1.8875903700000001      -0.94816772400000005     
  0.54232654199999997       -1.8658680599999999      -0.96024497600000003     
  0.64016528600000000       -1.8106172100000000      -0.97447609599999996     
  0.65387474300000004       -1.7988973100000001      -0.97841995699999995     
  0.67893215100000004       -1.7861299300000000      -0.97841995599999998     
  0.68423651399999996       -1.7751138200000001      -0.98429390100000003     
  0.70458278600000002       -1.7552654900000000      -0.98787622100000005     
  0.76076632099999997       -1.6866523499999999       -1.0031415900000000     
  0.79270261300000000       -1.6385116500000001       -1.0137519200000000     
   1.2270781600000000      -0.91824223699999996       -1.1199856100000001     
   1.3857784900000001      -0.67131485700000004       -1.1460099399999999     
   1.4032073400000000      -0.65344875700000005       -1.1428643000000001     
   1.4153171099999999      -0.57782747300000004       -1.1648729099999999     
   1.4525183300000000      -0.42322344899999997       -1.1995032100000000     
   1.4800322699999999      -0.32545721500000002       -1.2180792700000000     
   1.4919480700000001      -0.30207114800000001       -1.2180792700000000     
   1.5128740199999999      -0.16716407400000000       -1.2518619300000000     
   1.5904773999999999        2.0187056299999999E-002  -1.2518619300000000     
   1.6234908900000000        7.8647678900000004E-002  -1.2433585500000000     
   1.6273242100000000        8.2578333899999995E-002  -1.2412272900000001     
   1.7000390000000001        8.7164684199999995E-002  -1.1727860500000000     
   1.6282091200000000       0.10173859800000000       -1.2432711400000001     
   1.4569425300000001       0.45184169400000002       -1.3449083500000001     
   1.4015558400000001       0.52730642599999999       -1.3731084499999999     
   1.3932232700000000       0.56919709500000004       -1.3731084499999999     
   1.4447300700000001       0.62555223100000001       -1.3293047000000000     
   1.4353333699999999       0.68927110100000000       -1.3130044900000000     
   1.5538747700000000        1.3855948400000000      -0.97856248599999995     
   1.3358093600000001       0.83821930400000000       -1.3130044900000000     
   1.2946537300000001        1.0974385900000001       -1.2373586800000000     
   1.4214403400000000        1.3832364699999999       -1.0553317300000000     
   1.3641206800000001        1.5599655600000000      -0.98732386200000000     
   1.1461950200000000        1.7055788199999999      -0.98732386100000002     
   1.0988046700000000        1.8496215899999999      -0.92294714700000002     
   1.1148011499999999        1.8806829400000000      -0.89903028200000001     
  0.95341621200000004        1.8549239099999999      -0.93944238700000005     
  0.82588046500000001        1.8802923400000000      -0.93944238700000005     
  0.17603427699999999        1.7191140000000000       -1.0980350500000000     
 -0.25456970800000001        1.6890800699999999       -1.0676650400000001     
 -0.70690651999999998        1.5657351300000000       -1.0685001100000000     
 -0.88130773600000001        1.5330892100000000       -1.0272887700000000     
  -1.4875018799999999        1.2547921500000001      -0.91354198099999995     
  -1.5937350299999999        1.0140703400000000      -0.94482707799999999     
  -1.5045227500000000        1.1475859399999999      -0.94482707899999996     
  -1.3839222099999999       0.28570769800000001       -1.2613680400000000     
  -1.3894779300000000       0.25777724099999999       -1.2613680400000000     
  -1.3901255699999999       0.24459439999999999       -1.2624462500000000     
  -1.6097257700000001      -0.79662873999999995      -0.97460286299999999     
  -1.3412842400000000       0.20104831100000001       -1.2938453599999999     
  -1.2450405300000000       0.10150869600000000       -1.3540905700000001     
  -1.2089485600000001      -0.60062156400000000       -1.2817528100000000     
  -1.3952938399999999      -0.80450751899999995       -1.1232761899999999     
  -1.2077210400000000        7.2744513900000002E-002  -1.3761598500000001     
  -1.1860536900000000        5.2596627000000000E-002  -1.3884940900000000     
  -1.1376911700000001       -1.3297626200000001E-002  -1.4131178400000000     
  -1.0906480400000000      -0.24979940600000000       -1.4131178400000000     
  -1.0891504000000001      -0.29086429899999999       -1.4084587700000000     
  -1.3433144400000001       -1.1569790900000001       -1.0331089099999999     
  -1.1394811100000000       -1.7715011500000000      -0.91465432099999999     
  -1.2543603699999999       -2.0304578900000001      -0.74972269899999999     
  -1.2795610200000000       -2.0556585400000000      -0.72564008899999999     
  -1.2039271600000001       -1.3655868900000001       -1.0331089099999999     
  -1.1575754300000001       -2.0996749600000002      -0.74711764800000002     
  -1.1558330800000001       -2.0962917200000000      -0.74972269899999999     
 -0.61119538500000004       -2.0575847600000001      -0.85242286499999997     
  -1.0817494599999999       -2.0285816500000000      -0.80730646900000003     
 -0.68409515499999995       -2.0430840899999998      -0.85242286599999995     
  0.30354406600000000       -1.8857312700000000      -0.97954538300000005     
  -6.0737763600000004E-004  -1.9006734599999999       -1.0044215500000000     
  0.37221344899999997       -1.8720720799999999      -0.97954538300000005     
  0.65838547500000000       -1.7941312100000000      -0.98016359700000000     
  0.68303957299999996       -1.7749100499999999      -0.98486878800000000     
  0.69006902100000000       -1.7649632799999999      -0.98787622100000005     
   1.5001485100000000      -0.18904930600000000       -1.2529743700000000     
   1.6246524700000000       0.11049782900000001       -1.2469721499999999     
   1.6244843300000000       0.11390183000000000       -1.2475016200000000     
   1.4013801699999999       0.52745219799999998       -1.3731885399999999     
   1.3803631999999999       0.54915276499999999       -1.3823076900000000     
   1.3879767700000001       0.56788913500000004       -1.3761153200000000     
   1.3588973099999999       0.56469380300000005       -1.3907878700000000     
   1.3579943699999999       0.56806363500000001       -1.3907878700000000     
   1.3346621700000001       0.58015272900000003       -1.3982821400000001     
   1.3164005999999999       0.68782781199999998       -1.3719078400000000     
   1.2606101300000001       0.74361828399999996       -1.3719078400000000     
   1.2310569099999999       0.89557454400000003       -1.3294464900000000     
   1.2517929000000001        1.0919071899999999       -1.2541458400000001     
   1.1486075700000000        1.2910569900000000       -1.1901791399999999     
  0.31705526899999997        1.5138707600000001       -1.1901791399999999     
  0.28241148599999999        1.5822595699999999       -1.1612091300000000     
  0.17603427699999999        1.7104540900000000       -1.1027637200000000     
 -0.25411059800000002        1.6888935100000000       -1.0678167800000000     
 -0.73369197300000000        1.5140386600000000       -1.0851049600000000     
  -1.4456644700000001       0.69151442600000002       -1.1234551200000000     
 -0.73272363299999999        1.5048702199999999       -1.0886213899999999     
 -0.75696800700000000        1.3802108900000001       -1.1234551200000000     
  -1.3657215000000000       0.26118642399999997       -1.2739697400000001     
  -1.0647129200000001       -7.3855768700000005E-002  -1.4463894900000001     
  -1.0326186900000001      -0.10699390000000000       -1.4603149900000001     
  -1.0210172500000001      -0.11539319400000000       -1.4648981800000000     
  -1.0059990299999999      -0.17144197400000000       -1.4648981800000000     
  -1.0054267500000000      -0.19100987500000000       -1.4626087900000000     
  -1.1500346800000001      -0.94799359299999997       -1.1966663099999999     
  -1.0261474500000001       -1.6782556900000001      -0.98631617500000002     
  -1.0832878900000000       -1.7642491300000001      -0.93666333599999996     
  -1.0440212200000001       -1.0540070600000000       -1.1966663099999999     
 -0.98971035299999999       -1.3332617800000000       -1.1186337700000000     
 -0.27897110300000000       -1.8784609900000000      -0.98631617400000005     
  -6.0737763600000004E-004  -1.8924136899999999       -1.0089317200000001     
  0.37034290600000003       -1.8713119800000000      -0.98016359600000003     
   1.5642794599999999E-003  -1.8897966399999999       -1.0101248700000001     
  0.69236311299999997       -1.7605356400000001      -0.98929837499999995     
  0.90137304699999998       -1.2439473500000000       -1.1199856100000001     
   1.4907597699999999      -0.19774166500000001       -1.2547334999999999     
   1.5905829899999999        2.3797741500000000E-002  -1.2522843699999999     
   1.6186038800000000       0.12837312100000001       -1.2522843699999999     
   1.3301349800000000       0.57349048499999999       -1.4006365199999999     
   1.3322797300000000       0.57919977000000000       -1.3992659800000000     
   1.2591116800000000       0.57349048499999999       -1.4222215100000000     
   1.2583663400000000       0.57528990000000002       -1.4222215100000000     
   1.2518364500000001       0.57775803599999997       -1.4234196100000001     
  0.47119899300000001       0.61012633699999996       -1.5118532700000000     
   1.1811363500000001       0.54745155199999995       -1.4415302900000000     
  0.78023789899999996       0.45420050600000000       -1.5203378700000001     
  0.76038765100000005       0.45499967499999999       -1.5225938500000000     
  0.48813809600000002       0.56776913200000001       -1.5225938500000000     
  0.46943226500000002       0.61228634599999998       -1.5112242000000000     
  0.31705526899999997        1.1105103000000001       -1.3406248100000000     
 -0.69092174699999998       0.13165198100000000       -1.5112242000000000     
 -0.70948482899999998        8.2540105599999997E-002  -1.5202351800000000     
 -0.75137775799999995        4.0647176399999999E-002  -1.5202351800000000     
 -0.84700844399999997        4.5011278899999996E-003  -1.5026889900000000     
  -1.0991591300000001        1.7839392799999999E-002  -1.4243777200000001     
 -0.98866119399999997      -0.12528898199999999       -1.4759773899999999     
 -0.88329180100000004       -8.3094645199999997E-002  -1.5026889900000000     
 -0.90346254000000004       -9.8410112399999999E-002  -1.4984868099999999     
 -0.90397423899999996       -9.8728685999999996E-002  -1.4983713999999999     
 -0.97038979199999997      -0.12528898199999999       -1.4815303200000001     
 -0.99835060099999995      -0.19063556100000001       -1.4648064599999999     
 -0.95943975400000003      -0.15172471400000001       -1.4815303200000001     
 -0.14661137899999999       -1.0165432299999999       -1.3210228900000001     
 -0.95511746300000000      -0.14987191000000000       -1.4826375300000001     
 -0.32785372400000001      -0.40969305600000000       -1.4826375300000001     
 -0.14661137899999999      -0.86289999900000003       -1.3677172600000000     
   1.5642794599999999E-003  -1.5010301600000000       -1.1551272699999999     
  0.85917847899999999      -0.44628820100000000       -1.3677172600000000     
  0.96366183100000002      -0.16985924199999999       -1.4184360499999999     
  0.92969849900000001       -9.0628298100000004E-002  -1.4387320100000001     
   1.1939998300000001       0.54745155199999995       -1.4387320100000001     
  0.66006433300000000       0.42634514000000001       -1.5378670600000000     
  0.72163673399999995       0.42634514000000001       -1.5305758199999999     
  0.52847965399999997       0.41525656999999999       -1.5521358800000000     
  0.48813809600000002       0.42039135599999999       -1.5546539200000000     
 -0.27753644300000002        2.2720805199999999E-002  -1.5721694900000001     
 -0.43145722100000000        3.1293369999999998E-003  -1.5625620700000000     
  0.47058614900000001       0.40096265599999997       -1.5572988299999999     
  0.30533349100000001       0.29839165400000001       -1.5647214199999999     
   6.9111198400000004E-002  0.16630696000000000       -1.5721694900000001     
 -0.60476139399999995       -1.3094529100000000E-002  -1.5439610399999999     
 -0.73602795099999996       -1.3094529100000000E-002  -1.5284168100000000     
 -0.43177021700000001        2.8163409600000001E-003  -1.5625620700000000     
 -0.43996667900000003        7.9263315699999997E-004  -1.5618311000000000     
 -0.32785372400000001       -1.3477418300000000E-002  -1.5688289700000000     
 -0.31313389300000000        2.8163409600000001E-003  -1.5710470999999999     
  0.18843690799999999       0.18149507100000001       -1.5647214199999999     
  0.84514546300000004       -6.0752619300000000E-003  -1.4647441900000000     
           1           2           3
           4           5           6
           7           8           9
          10          11          12
          10          12          13
          10          13          14
          10          14          15
          13          12          16
          13          16           2
          13           2           1
          17          16          12
          17          12          11
           3           2          16
           3          16          17
           3          17          18
           3          18          19
           3          19          20
           3          20          21
           3          21          22
           3          22          23
           3          23           4
           3           4           6
           3           6           7
           3           7           9
           3           9          24
          20          25          26
          20          26          27
          20          27          21
          28          29          30
          19          31          25
          19          25          20
          21          27          22
          23          32           5
          23           5           4
          33           8           7
          33           7           6
          33           6           5
          33           5          32
          33          32          34
          33          34          35
          24           9           8
          24           8          33
          36          14          13
          36          13           1
          36           1           3
          36           3          24
          36          24          33
          36          33          35
          36          35          37
          38          39          40
          38          40          41
          38          41          42
          38          42          43
          41          15          14
          41          14          36
          41          36          42
          40          44          45
          40          45          10
          40          10          15
          40          15          41
          45          46          47
          45          47          18
          45          18          17
          45          17          11
          45          11          10
          48          49          46
          48          46          45
          48          45          44
          50          51          52
          50          52          53
          50          53          54
          50          54          55
          50          55          56
          50          56          47
          50          47          46
          50          46          49
          47          56          57
          47          57          58
          47          58          59
          47          59          60
          47          60          61
          47          61          62
          47          62          28
          47          28          30
          47          30          63
          47          63          31
          47          31          19
          47          19          18
          55          64          65
          55          65          57
          55          57          56
          60          66          61
          59          67          66
          59          66          60
          68          29          28
          68          28          62
          68          62          69
          63          30          29
          63          29          68
          70          26          25
          70          25          31
          70          31          63
          70          63          68
          70          68          69
          70          69          71
          70          71          72
          34          32          23
          34          23          22
          34          22          27
          34          27          26
          34          26          70
          34          70          73
          74          73          70
          74          70          72
          74          72          75
          74          75          76
          77          78          74
          77          74          76
          77          76          79
          77          79          80
          37          35          34
          37          34          73
          37          73          74
          37          74          78
          37          78          81
          82          81          78
          82          78          77
          82          77          83
          82          83          84
          82          84          85
          82          85          86
          43          42          36
          43          36          37
          43          37          81
          43          81          82
          87          88          89
          87          89          38
          87          38          43
          87          43          82
          87          82          86
          87          86          90
          91          92          93
          91          93          94
          91          94          88
          91          88          87
          95          89          88
          95          88          94
          95          94          96
          97          98          39
          97          39          38
          97          38          89
          97          89          95
          99         100          48
          99          48          44
          99          44          40
          99          40          39
          99          39          98
          99          98         101
         102         103         104
         102         104         100
         102         100          99
         104         105          50
         104          50          49
         104          49          48
         104          48         100
         106         107         108
         106         108         109
         106         109         105
         106         105         104
         106         104         103
         108         110         111
         108         111         112
         108         112         113
         108         113         114
         108         114         115
         108         115         109
         109         115         116
         109         116         117
         109         117         118
         109         118         119
         109         119         120
         109         120         121
         109         121          51
         109          51          50
         109          50         105
         121         122         123
         121         123          52
         121          52          51
          54         124         125
          54         125          64
          54          64          55
         125         126          65
         125          65          64
          58         127         128
          58         128          67
          58          67          59
         128         127         129
         128         129         130
         131         130         129
         131         129         132
         131         132         133
         131         133         134
          69          62          61
          69          61          66
          69          66          67
          69          67         128
          69         128         130
          69         130         131
          69         131         135
          69         135          71
         136         135         131
         136         131         134
         136         134         137
         136         137         138
         136         138         139
         136         139         140
         136         140         141
         136         141         142
          72          71         135
          72         135         136
          72         136         143
          72         143          75
         144         143         136
         144         136         142
         144         142         145
         144         145         146
          76          75         143
          76         143         144
          76         144          79
          80          79         144
          80         144         146
          80         146         147
          80         147         148
          80         148         149
          80         149         150
          80         150         151
          80         151         152
         152         151         153
         152         153         154
         152         154         155
         152         155         156
         152         156         157
         152         157         158
         159         160          83
         159          83          77
         159          77          80
         159          80         152
         159         152         158
         159         158         161
         162         163         160
         162         160         159
         164          84          83
         164          83         160
         164         160         163
         164         163         165
          85          84         164
          85         164         166
          85         166         167
          85         167         168
          90          86          85
          90          85         168
          90         168         169
          90         169         170
          90         170         171
         172         173         174
         172         174          91
         172          91          87
         172          87          90
         172          90         171
         172         171         175
         172         175         176
         174         177          92
         174          92          91
          96          94          93
          96          93         178
         179         180         181
         179         181          97
         179          97          95
         179          95          96
         179          96         178
         179         178         182
         183         101          98
         183          98          97
         183          97         181
         183         181         184
         185         186         102
         185         102          99
         185          99         101
         185         101         183
         187         188         189
         187         189         190
         187         190         191
         187         191         106
         187         106         103
         187         103         102
         187         102         186
         190         192         193
         190         193         191
         191         193         194
         191         194         195
         191         195         196
         191         196         107
         191         107         106
         196         197         198
         196         198         199
         196         199         110
         196         110         108
         196         108         107
         199         200         201
         199         201         111
         199         111         110
         111         201         202
         111         202         112
         117         203         118
         120         204         122
         120         122         121
          52         123         205
          52         205         206
          52         206          53
          53         206         207
          53         207         208
          53         208         124
          53         124          54
         208         209         210
         208         210         126
         208         126         125
         208         125         124
          57          65         126
          57         126         210
          57         210         132
          57         132         129
          57         129         127
          57         127          58
         132         210         209
         132         209         211
         132         211         212
         132         212         133
         137         213         214
         137         214         215
         137         215         216
         137         216         138
         134         133         212
         134         212         213
         134         213         137
         139         217         218
         139         218         219
         139         219         140
         140         219         220
         140         220         221
         140         221         222
         140         222         223
         140         223         224
         140         224         225
         140         225         141
         225         224         226
         225         226         227
         225         227         228
         142         141         225
         142         225         228
         142         228         229
         142         229         230
         142         230         231
         142         231         232
         142         232         145
         146         145         232
         146         232         233
         146         233         234
         146         234         147
         147         234         235
         147         235         148
         148         235         236
         148         236         237
         148         237         238
         148         238         239
         148         239         240
         148         240         241
         148         241         242
         148         242         149
         149         242         243
         149         243         244
         149         244         245
         149         245         150
         150         245         246
         150         246         153
         150         153         151
         157         156         247
         248         167         166
         168         167         248
         168         248         249
         168         249         250
         168         250         251
         168         251         169
         171         170         252
         171         252         253
         171         253         254
         171         254         175
         176         175         254
         176         254         255
         256         177         174
         256         174         173
         182         178          93
         182          93          92
         182          92         177
         182         177         256
         257         180         179
         257         179         258
         259         184         181
         259         181         180
         259         180         257
         260         261         262
         260         262         263
         260         263         185
         260         185         183
         260         183         184
         260         184         259
         263         264         265
         263         265         187
         263         187         186
         263         186         185
         265         266         188
         265         188         187
         189         267         268
         189         268         192
         189         192         190
         268         269         194
         268         194         193
         268         193         192
         195         270         271
         195         271         272
         195         272         197
         195         197         196
         272         273         274
         272         274         275
         272         275         198
         272         198         197
         198         275         276
         198         276         277
         198         277         200
         198         200         199
         277         278         279
         277         279         280
         277         280         202
         277         202         201
         277         201         200
         114         281         282
         114         282         116
         114         116         115
         116         282         283
         116         283         203
         116         203         117
         119         284         285
         119         285         286
         119         286         204
         119         204         120
         286         287         205
         286         205         123
         286         123         122
         286         122         204
         205         287         288
         205         288         207
         205         207         206
         207         288         289
         207         289         290
         207         290         291
         207         291         211
         207         211         209
         207         209         208
         291         290         292
         291         292         293
         212         211         291
         212         291         293
         212         293         294
         212         294         295
         212         295         214
         212         214         213
         214         295         296
         214         296         297
         214         297         298
         214         298         215
         215         298         299
         215         299         300
         215         300         301
         215         301         216
         138         216         301
         138         301         302
         138         302         217
         138         217         139
         302         303         304
         302         304         218
         302         218         217
         218         304         305
         218         305         306
         218         306         220
         218         220         219
         223         226         224
         228         227         307
         228         307         229
         230         308         309
         230         309         310
         230         310         231
         232         231         310
         232         310         311
         232         311         312
         232         312         233
         233         312         313
         233         313         314
         233         314         236
         233         236         235
         233         235         234
         236         314         315
         236         315         316
         236         316         237
         237         316         317
         237         317         318
         237         318         319
         237         319         320
         237         320         321
         237         321         238
         240         322         323
         240         323         241
         241         323         243
         241         243         242
         324         154         153
         324         153         246
         324         246         325
         324         325         326
         155         154         324
         161         158         157
         161         157         247
         161         247         327
         328         165         163
         328         163         162
         329         249         248
         329         248         166
         329         166         164
         329         164         165
         329         165         328
         330         331         251
         330         251         250
         330         250         332
         333         252         170
         333         170         169
         333         169         251
         333         251         331
         333         331         334
         333         334         335
         253         252         333
         253         333         336
         255         254         253
         255         253         336
         255         336         337
         255         337         338
         339         340         341
         339         341         172
         339         172         176
         339         176         255
         339         255         338
         339         338         342
         339         342         343
         339         343         344
         345         258         179
         345         179         182
         345         182         256
         345         256         173
         345         173         172
         345         172         341
         346         347         345
         346         345         341
         346         341         340
         346         340         348
         346         348         349
         350         351         260
         350         260         259
         350         259         257
         350         257         258
         350         258         345
         350         345         347
         352         353         354
         352         354         261
         352         261         260
         352         260         351
         354         355         262
         354         262         261
         262         355         356
         262         356         357
         262         357         264
         262         264         263
         357         358         359
         357         359         266
         357         266         265
         357         265         264
         359         360         361
         359         361         267
         359         267         189
         359         189         188
         359         188         266
         361         362         363
         361         363         269
         361         269         268
         361         268         267
         194         269         363
         194         363         364
         194         364         270
         194         270         195
         271         365         366
         271         366         367
         271         367         273
         271         273         272
         368         369         370
         368         370         274
         368         274         273
         368         273         367
         274         370         371
         274         371         372
         274         372         373
         274         373         276
         274         276         275
         276         373         374
         276         374         375
         276         375         278
         276         278         277
         112         202         280
         112         280         376
         112         376         377
         112         377         113
         113         377         378
         113         378         379
         113         379         380
         113         380         281
         113         281         114
         380         381         382
         380         382         383
         380         383         384
         380         384         283
         380         283         282
         380         282         281
         118         203         283
         118         283         384
         118         384         385
         118         385         284
         118         284         119
         385         386         387
         385         387         388
         385         388         389
         385         389         285
         385         285         284
         285         389         390
         285         390         391
         285         391         289
         285         289         288
         285         288         287
         285         287         286
         391         392         292
         391         292         290
         391         290         289
         293         292         392
         293         392         393
         293         393         394
         293         394         294
         294         394         395
         294         395         396
         294         396         296
         294         296         295
         296         396         397
         296         397         398
         296         398         297
         297         398         399
         297         399         400
         297         400         401
         297         401         402
         297         402         403
         297         403         404
         297         404         405
         297         405         299
         297         299         298
         299         405         406
         299         406         407
         299         407         408
         299         408         300
         301         300         408
         301         408         409
         301         409         410
         301         410         411
         301         411         303
         301         303         302
         410         412         413
         410         413         411
         411         413         414
         411         414         305
         411         305         304
         411         304         303
         220         306         415
         220         415         416
         220         416         221
         221         416         222
         229         307         417
         229         417         308
         229         308         230
         310         309         418
         310         418         419
         310         419         311
         311         419         420
         311         420         421
         311         421         313
         311         313         312
         313         421         422
         313         422         423
         313         423         424
         313         424         315
         313         315         314
         315         424         425
         315         425         426
         315         426         427
         315         427         428
         315         428         429
         315         429         430
         315         430         317
         315         317         316
         317         430         318
         318         430         429
         318         429         431
         318         431         319
         238         321         432
         238         432         433
         238         433         239
         239         433         434
         239         434         435
         239         435         322
         239         322         240
         244         243         323
         244         323         322
         244         322         435
         244         435         436
         244         436         437
         244         437         438
         244         438         439
         244         439         440
         244         440         441
         325         246         245
         325         245         244
         325         244         441
         325         441         442
         443         326         325
         443         325         442
         443         442         444
         443         444         445
         327         247         156
         327         156         155
         327         155         324
         327         324         326
         327         326         443
         327         443         446
         447         448         329
         447         329         328
         447         328         162
         447         162         159
         447         159         161
         447         161         327
         447         327         446
         447         446         449
         447         449         450
         332         250         249
         332         249         329
         332         329         448
         332         448         451
         452         453         330
         452         330         332
         452         332         451
         452         451         454
         452         454         455
         456         334         331
         456         331         330
         456         330         453
         335         334         456
         335         456         457
         335         457         458
         459         337         336
         459         336         333
         459         333         335
         459         335         458
         459         458         460
         459         460         461
         338         337         459
         338         459         342
         462         463         464
         462         464         465
         462         465         466
         462         466         467
         462         467         468
         464         348         340
         464         340         339
         464         339         465
         349         348         464
         349         464         463
         349         463         469
         349         469         470
         349         470         471
         472         473         346
         472         346         349
         472         349         471
         472         471         474
         475         476         350
         475         350         347
         475         347         346
         475         346         473
         477         478         352
         477         352         351
         477         351         350
         477         350         476
         477         476         479
         480         481         482
         480         482         353
         480         353         352
         480         352         478
         482         483         356
         482         356         355
         482         355         354
         482         354         353
         484         485         486
         484         486         487
         484         487         358
         484         358         357
         484         357         356
         484         356         483
         487         488         360
         487         360         359
         487         359         358
         489         490         491
         489         491         492
         489         492         493
         489         493         362
         489         362         361
         489         361         360
         489         360         488
         493         494         364
         493         364         363
         493         363         362
         364         494         495
         364         495         365
         364         365         271
         364         271         270
         496         497         368
         496         368         367
         496         367         366
         496         366         498
         496         498         499
         500         501         502
         500         502         503
         500         503         369
         500         369         368
         500         368         497
         503         504         505
         503         505         371
         503         371         370
         503         370         369
         371         505         506
         371         506         372
         375         507         508
         375         508         279
         375         279         278
         280         279         508
         280         508         376
         379         509         381
         379         381         380
         384         383         510
         384         510         511
         384         511         386
         384         386         385
         511         512         513
         511         513         514
         511         514         387
         511         387         386
         387         514         515
         387         515         516
         387         516         517
         387         517         388
         388         517         518
         388         518         519
         388         519         520
         388         520         521
         388         521         390
         388         390         389
         390         521         522
         390         522         523
         390         523         393
         390         393         392
         390         392         391
         393         523         524
         393         524         525
         393         525         526
         393         526         395
         393         395         394
         395         526         527
         395         527         397
         395         397         396
         397         527         528
         397         528         529
         397         529         530
         397         530         531
         397         531         399
         397         399         398
         401         532         533
         401         533         534
         401         534         402
         402         534         535
         402         535         536
         402         536         537
         402         537         538
         402         538         539
         402         539         403
         403         539         540
         403         540         541
         403         541         542
         403         542         404
         404         542         543
         404         543         544
         404         544         545
         404         545         546
         404         546         406
         404         406         405
         408         407         547
         408         547         548
         408         548         549
         408         549         550
         408         550         409
         409         550         551
         409         551         552
         409         552         412
         409         412         410
         552         553         554
         552         554         414
         552         414         413
         552         413         412
         305         414         554
         305         554         555
         305         555         415
         305         415         306
         222         416         415
         222         415         555
         222         555         556
         222         556         557
         222         557         417
         222         417         307
         222         307         227
         222         227         226
         222         226         223
         417         557         558
         417         558         559
         417         559         418
         417         418         309
         417         309         308
         418         559         560
         418         560         561
         418         561         420
         418         420         419
         420         561         562
         420         562         563
         420         563         422
         420         422         421
         422         563         564
         422         564         565
         422         565         566
         422         566         423
         423         566         567
         423         567         568
         423         568         569
         423         569         425
         423         425         424
         425         569         570
         425         570         571
         425         571         426
         428         572         573
         428         573         431
         428         431         429
         573         572         574
         573         574         575
         573         575         576
         319         431         573
         319         573         576
         319         576         577
         319         577         578
         319         578         579
         319         579         320
         320         579         580
         320         580         581
         320         581         582
         320         582         432
         320         432         321
         434         433         432
         434         432         582
         434         582         583
         434         583         584
         585         436         435
         585         435         434
         585         434         584
         585         584         586
         440         439         587
         440         587         588
         442         441         440
         442         440         588
         442         588         589
         442         589         590
         442         590         444
         445         444         590
         445         590         591
         445         591         592
         445         592         593
         449         446         443
         449         443         445
         449         445         593
         449         593         594
         449         594         595
         449         595         596
         597         450         449
         597         449         596
         597         596         598
         597         598         599
         600         454         451
         600         451         448
         600         448         447
         600         447         601
         455         454         600
         455         600         602
         603         457         456
         603         456         453
         603         453         452
         460         458         457
         460         457         603
         604         343         342
         604         342         459
         604         459         461
         604         461         605
         344         343         604
         344         604         606
         607         608         462
         607         462         468
         607         468         609
         607         609         610
         611         469         463
         611         463         462
         611         462         608
         611         608         612
         613         614         470
         613         470         469
         613         469         611
         613         611         615
         474         471         470
         474         470         614
         474         614         616
         617         618         475
         617         475         473
         617         473         472
         619         479         476
         619         476         475
         619         475         618
         620         621         622
         620         622         477
         620         477         479
         620         479         619
         622         623         480
         622         480         478
         622         478         477
         624         625         626
         624         626         627
         624         627         481
         624         481         480
         624         480         623
         627         628         484
         627         484         483
         627         483         482
         627         482         481
         629         630         485
         629         485         484
         629         484         628
         486         631         489
         486         489         488
         486         488         487
         632         490         489
         632         489         631
         632         631         633
         492         634         495
         492         495         494
         492         494         493
         366         365         495
         366         495         634
         366         634         635
         366         635         498
         636         637         500
         636         500         497
         636         497         496
         638         639         640
         638         640         501
         638         501         500
         638         500         637
         640         641         642
         640         642         502
         640         502         501
         502         642         643
         502         643         504
         502         504         503
         372         506         644
         372         644         645
         372         645         374
         372         374         373
         374         645         507
         374         507         375
         378         646         509
         378         509         379
         382         510         383
         647         513         512
         515         648         516
         519         649         520
         520         649         650
         520         650         651
         520         651         652
         520         652         653
         520         653         522
         520         522         521
         654         655         524
         654         524         523
         654         523         522
         654         522         653
         654         653         656
         654         656         657
         654         657         658
         525         524         655
         525         655         659
         525         659         660
         525         660         661
         525         661         662
         663         528         527
         663         527         526
         663         526         525
         663         525         662
         663         662         664
         665         666         531
         665         531         530
         399         531         666
         399         666         667
         399         667         400
         668         669         536
         668         536         535
         536         669         670
         536         670         671
         536         671         537
         537         671         672
         537         672         673
         537         673         674
         537         674         675
         537         675         538
         538         675         676
         538         676         540
         538         540         539
         677         678         546
         677         546         545
         406         546         678
         406         678         547
         406         547         407
         549         679         551
         549         551         550
         551         679         680
         551         680         553
         551         553         552
         555         554         553
         555         553         680
         555         680         681
         555         681         682
         555         682         683
         555         683         556
         556         683         684
         556         684         685
         556         685         558
         556         558         557
         558         685         686
         558         686         687
         558         687         560
         558         560         559
         560         687         688
         560         688         689
         560         689         562
         560         562         561
         562         689         690
         562         690         691
         562         691         564
         562         564         563
         564         691         692
         564         692         693
         564         693         694
         564         694         565
         565         694         695
         565         695         696
         565         696         697
         565         697         567
         565         567         566
         567         697         698
         567         698         699
         567         699         568
         568         699         700
         568         700         570
         568         570         569
         427         701         702
         427         702         574
         427         574         572
         427         572         428
         703         704         575
         703         575         574
         703         574         702
         576         575         704
         576         704         705
         576         705         706
         576         706         577
         578         577         706
         578         706         707
         578         707         708
         578         708         709
         578         709         710
         711         581         580
         711         580         712
         711         712         713
         583         582         581
         583         581         711
         437         436         585
         437         585         714
         587         439         438
         590         589         715
         590         715         591
         593         592         716
         593         716         717
         593         717         594
         595         594         717
         595         717         718
         595         718         719
         595         719         720
         595         720         721
         722         598         596
         722         596         595
         722         595         721
         722         721         723
         599         598         722
         599         722         724
         725         601         447
         725         447         450
         725         450         597
         726         602         600
         726         600         601
         726         601         725
         605         461         460
         605         460         603
         605         603         452
         605         452         455
         605         455         602
         605         602         726
         605         726         727
         605         727         728
         729         606         604
         729         604         605
         729         605         728
         729         728         730
         466         465         339
         466         339         344
         466         344         606
         466         606         729
         466         729         731
         466         731         732
         733         734         467
         733         467         466
         733         466         732
         733         732         735
         733         735         736
         737         612         608
         737         608         607
         738         739         740
         738         740         615
         738         615         611
         738         611         612
         738         612         737
         741         742         743
         741         743         744
         741         744         613
         741         613         615
         741         615         740
         741         740         745
         741         745         746
         616         614         613
         616         613         744
         616         744         747
         748         749         750
         748         750         751
         748         751         752
         748         752         617
         748         617         472
         748         472         474
         748         474         616
         748         616         747
         748         747         753
         752         754         620
         752         620         619
         752         619         618
         752         618         617
         755         756         757
         755         757         758
         755         758         759
         755         759         760
         755         760         621
         755         621         620
         755         620         754
         760         761         624
         760         624         623
         760         623         622
         760         622         621
         759         762         763
         759         763         761
         759         761         760
         763         625         624
         763         624         761
         764         765         766
         764         766         626
         764         626         625
         764         625         763
         764         763         762
         766         767         629
         766         629         628
         766         628         627
         766         627         626
         768         769         770
         768         770         771
         768         771         630
         768         630         629
         768         629         767
         771         633         631
         771         631         486
         771         486         485
         771         485         630
         770         772         632
         770         632         633
         770         633         771
         773         635         634
         773         634         492
         773         492         491
         499         498         635
         499         635         773
         774         775         638
         774         638         637
         774         637         636
         776         777         778
         776         778         775
         776         775         774
         778         779         780
         778         780         781
         778         781         639
         778         639         638
         778         638         775
         781         641         640
         781         640         639
         780         782         783
         780         783         643
         780         643         642
         780         642         641
         780         641         781
         644         506         505
         644         505         504
         644         504         643
         644         643         783
         376         508         507
         376         507         645
         376         645         644
         376         644         783
         376         783         782
         376         782         784
         376         784         785
         376         785         786
         376         786         646
         376         646         378
         376         378         377
         786         787         647
         786         647         512
         786         512         511
         786         511         510
         786         510         382
         786         382         381
         786         381         509
         786         509         646
         788         789         648
         788         648         515
         788         515         514
         788         514         513
         788         513         647
         788         647         787
         788         787         790
         516         648         789
         516         789         518
         516         518         517
         791         651         650
         791         650         792
         652         651         791
         657         656         793
         657         793         794
         795         796         654
         795         654         658
         795         658         797
         795         797         798
         659         655         654
         659         654         796
         664         662         661
         664         661         799
         800         529         528
         800         528         663
         801         667         666
         801         666         665
         801         665         802
         400         667         801
         400         801         532
         400         532         401
         803         670         669
         803         669         668
         803         668         804
         805         672         671
         805         671         670
         805         670         803
         805         803         806
         807         808         673
         807         673         672
         807         672         805
         674         673         808
         674         808         809
         810         541         540
         810         540         676
         810         676         811
         543         542         541
         543         541         810
         547         678         677
         547         677         812
         547         812         548
         548         812         813
         548         813         681
         548         681         680
         548         680         679
         548         679         549
         681         813         814
         681         814         815
         681         815         816
         681         816         682
         682         816         817
         682         817         684
         682         684         683
         818         819         686
         818         686         685
         818         685         684
         818         684         817
         818         817         820
         818         820         821
         822         688         687
         822         687         686
         822         686         819
         822         819         823
         824         825         690
         824         690         689
         824         689         688
         824         688         822
         824         822         826
         690         825         827
         690         827         692
         690         692         691
         692         827         828
         692         828         829
         692         829         830
         692         830         693
         693         830         831
         693         831         695
         693         695         694
         832         696         695
         832         695         831
         832         831         833
         698         697         696
         698         696         832
         698         832         834
         835         700         699
         835         699         698
         835         698         834
         835         834         836
         835         836         837
         426         571         838
         426         838         839
         426         839         701
         426         701         427
         840         841         842
         840         842         703
         840         703         702
         840         702         701
         840         701         839
         840         839         843
         705         704         703
         705         703         842
         705         842         844
         705         844         845
         707         706         705
         707         705         845
         707         845         846
         710         709         847
         710         847         848
         712         580         579
         712         579         578
         712         578         710
         712         710         848
         712         848         849
         586         584         583
         586         583         711
         586         711         713
         586         713         850
         586         850         851
         852         714         585
         852         585         586
         852         586         851
         852         851         853
         854         715         589
         854         589         588
         854         588         587
         854         587         438
         854         438         437
         854         437         714
         854         714         852
         591         715         854
         591         854         855
         591         855         716
         591         716         592
         717         716         855
         717         855         856
         717         856         857
         717         857         718
         719         718         857
         719         857         858
         719         858         859
         860         720         719
         860         719         859
         860         859         861
         860         861         862
         723         721         720
         723         720         860
         723         860         863
         864         724         722
         864         722         723
         864         723         863
         864         863         865
         866         727         726
         866         726         725
         866         725         597
         866         597         599
         866         599         724
         866         724         864
         730         728         727
         730         727         866
         730         866         867
         730         867         868
         869         870         731
         869         731         729
         869         729         730
         869         730         868
         869         868         871
         869         871         872
         732         731         870
         732         870         873
         732         873         735
         874         875         734
         874         734         733
         874         733         876
         468         467         734
         468         734         875
         468         875         877
         468         877         609
         746         745         739
         746         739         738
         740         739         745
         878         743         742
         878         742         879
         753         747         744
         753         744         743
         753         743         878
         880         881         882
         880         882         883
         880         883         884
         880         884         751
         880         751         750
         880         750         885
         880         885         886
         751         884         887
         751         887         888
         751         888         889
         751         889         890
         751         890         755
         751         755         754
         751         754         752
         890         891         892
         890         892         756
         890         756         755
         892         893         894
         892         894         895
         892         895         896
         892         896         757
         892         757         756
         895         897         898
         895         898         899
         895         899         900
         895         900         896
         757         896         900
         757         900         901
         757         901         758
         900         899         902
         900         902         903
         900         903         904
         900         904         905
         900         905         901
         758         901         905
         758         905         764
         758         764         762
         758         762         759
         905         904         906
         905         906         907
         905         907         765
         905         765         764
         907         908         909
         907         909         768
         907         768         767
         907         767         766
         907         766         765
         909         910         911
         909         911         912
         909         912         913
         909         913         914
         909         914         915
         909         915         769
         909         769         768
         915         916         772
         915         772         770
         915         770         769
         914         917         918
         914         918         919
         914         919         916
         914         916         915
         920         921         919
         920         919         918
         920         918         922
         923         924         921
         923         921         920
         925         926         927
         925         927         777
         925         777         776
         928         929         926
         928         926         925
         930         931         927
         930         927         926
         930         926         929
         927         931         932
         927         932         779
         927         779         778
         927         778         777
         933         934         935
         933         935         936
         933         936         932
         933         932         931
         933         931         930
         784         782         780
         784         780         779
         784         779         932
         784         932         936
         937         938         939
         937         939         940
         937         940         785
         937         785         784
         937         784         936
         937         936         935
         937         935         941
         940         942         790
         940         790         787
         940         787         786
         940         786         785
         943         944         945
         943         945         788
         943         788         790
         943         790         942
         943         942         946
         943         946         947
         943         947         948
         945         949         792
         945         792         650
         945         650         649
         945         649         519
         945         519         518
         945         518         789
         945         789         788
         950         949         945
         950         945         944
         950         944         951
         950         951         952
         793         656         653
         793         653         652
         793         652         791
         793         791         792
         793         792         949
         793         949         950
         953         794         793
         953         793         950
         953         950         952
         953         952         954
         953         954         955
         956         797         658
         956         658         657
         956         657         794
         956         794         953
         798         797         956
         798         956         957
         958         660         659
         958         659         796
         958         796         795
         799         661         660
         799         660         958
         799         958         959
         799         959         960
         961         962         800
         961         800         663
         961         663         664
         961         664         799
         961         799         960
         961         960         963
         964         802         665
         964         665         530
         964         530         529
         964         529         800
         964         800         962
         965         533         532
         965         532         801
         965         801         802
         965         802         964
         965         964         966
         967         804         668
         967         668         535
         967         535         534
         967         534         533
         967         533         965
         967         965         968
         969         806         803
         969         803         804
         969         804         967
         970         971         972
         970         972         807
         970         807         805
         970         805         806
         970         806         969
         973         974         972
         973         972         971
         972         974         975
         972         975         809
         972         809         808
         972         808         807
         976         975         974
         976         974         973
         976         973         977
         976         977         978
         976         978         979
         811         676         675
         811         675         674
         811         674         809
         811         809         975
         811         975         976
         980         544         543
         980         543         810
         980         810         811
         980         811         976
         980         976         979
         980         979         981
         980         981         982
         983         814         813
         983         813         812
         983         812         677
         983         677         545
         983         545         544
         983         544         980
         983         980         984
         985         815         814
         985         814         983
         985         983         986
         987         988         820
         987         820         817
         987         817         816
         987         816         815
         987         815         985
         821         820         988
         821         988         989
         821         989         990
         821         990         991
         992         993         818
         992         818         821
         992         821         991
         992         991         994
         992         994         995
         823         819         818
         823         818         993
         823         993         996
         823         996         997
         823         997         998
         999         826         822
         999         822         823
         999         823         998
         999         998        1000
        1001        1002         824
        1001         824         826
        1001         826         999
        1001         999        1003
        1001        1003        1004
        1005         828         827
        1005         827         825
        1005         825         824
        1005         824        1002
        1006         829         828
        1006         828        1005
        1006        1005        1007
        1006        1007        1008
        1006        1008        1009
         833         831         830
         833         830         829
         833         829        1006
         833        1006        1010
        1011        1010        1006
        1011        1006        1009
        1011        1009        1012
        1011        1012        1013
         836         834         832
         836         832         833
         836         833        1010
         836        1010        1011
         836        1011        1014
        1015         837         836
        1015         836        1014
        1015        1014        1016
        1015        1016        1017
         838         571         570
         838         570         700
         838         700         835
         838         835        1018
         843         839         838
         843         838        1018
         843        1018        1019
        1020         844         842
        1020         842         841
        1020         841        1021
         846         845         844
         846         844        1020
         846        1020        1022
        1023        1024         708
        1023         708         707
        1023         707         846
        1023         846        1022
        1023        1022        1025
         847         709         708
         847         708        1024
         847        1024        1026
         849         848         847
         849         847        1026
         849        1026        1027
         849        1027        1028
         849        1028        1029
         849        1029        1030
         849        1030        1031
         850         713         712
         850         712         849
         850         849        1031
         850        1031        1032
         850        1032        1033
         853         851         850
         853         850        1033
         853        1033        1034
         853        1034        1035
         853        1035        1036
         853        1036        1037
         853        1037        1038
        1039        1040        1041
        1039        1041         856
        1039         856         855
        1039         855         854
        1039         854         852
        1039         852         853
        1039         853        1038
        1039        1038        1042
        1039        1042        1043
        1044        1041        1040
        1044        1040        1045
        1044        1045        1046
        1044        1046        1047
         857         856        1041
         857        1041        1044
         857        1044        1048
         857        1048         858
        1049        1048        1044
        1049        1044        1047
        1049        1047        1050
        1049        1050        1051
         859         858        1048
         859        1048        1049
         859        1049         861
         862         861        1049
         862        1049        1051
         862        1051        1052
         862        1052        1053
         865         863         860
         865         860         862
         865         862        1053
         865        1053        1054
         865        1054        1055
        1056         867         866
        1056         866         864
        1056         864         865
        1056         865        1055
        1056        1055        1057
        1056        1057        1058
         871         868         867
         871         867        1056
         871        1056        1059
         871        1059        1060
        1061         872         871
        1061         871        1060
        1061        1060        1062
        1063         873         870
        1063         870         869
         736         735         873
         736         873        1063
         736        1063        1064
         879         742         741
        1065         749         748
        1066         885         750
        1066         750         749
        1066         749        1065
        1067         881         880
        1068        1069         888
        1068         888         887
         888        1069        1070
         888        1070        1071
         888        1071         889
        1072        1073        1074
        1072        1074         893
        1072         893         892
        1072         892         891
        1074        1075        1076
        1074        1076         894
        1074         894         893
         894        1076        1077
         894        1077        1078
         894        1078         897
         894         897         895
        1078        1079        1080
        1078        1080         898
        1078         898         897
         898        1080         902
         898         902         899
         902        1080        1079
         902        1079        1081
         902        1081        1082
         902        1082        1083
         902        1083         903
         903        1083        1084
         903        1084        1085
         903        1085         906
         903         906         904
         906        1085        1086
         906        1086        1087
         906        1087         908
         906         908         907
        1087        1088        1089
        1087        1089        1090
        1087        1090        1091
        1087        1091        1092
        1087        1092         910
        1087         910         909
        1087         909         908
        1092        1093        1094
        1092        1094        1095
        1092        1095         911
        1092         911         910
         911        1095        1096
         911        1096         912
         913        1097         917
         913         917         914
         922         918         917
         922         917        1097
        1098        1099        1100
        1098        1100        1101
        1100        1099        1102
        1103        1104         933
        1103         933         930
        1103         930         929
        1103         929         928
        1105         934         933
        1105         933        1104
         941         935         934
         941         934        1105
         941        1105        1106
        1107         938         937
         946         942         940
         946         940         939
         946         939        1108
         946        1108        1109
        1110         947         946
        1110         946        1109
        1110        1109        1111
        1110        1111        1112
        1113        1114         943
        1113         943         948
        1113         948        1115
        1113        1115        1116
        1117        1118        1119
        1117        1119        1114
        1117        1114        1113
        1119        1120        1121
        1119        1121        1122
        1119        1122         951
        1119         951         944
        1119         944         943
        1119         943        1114
        1122        1121        1123
        1122        1123        1124
        1122        1124        1125
         954         952         951
         954         951        1122
         954        1122        1125
         954        1125        1126
        1127         955         954
        1127         954        1126
        1127        1126        1128
        1127        1128        1129
        1130         957         956
        1130         956         953
        1130         953         955
        1130         955        1127
        1131         959         958
        1131         958         795
        1131         795         798
        1131         798         957
        1131         957        1130
         963         960         959
         963         959        1131
         963        1131        1132
        1133        1134         961
        1133         961         963
        1133         963        1132
        1133        1132        1135
        1136         966         964
        1136         964         962
        1136         962         961
        1136         961        1134
        1136        1134        1137
        1136        1137        1138
        1139         968         965
        1139         965         966
        1139         966        1136
        1139        1136        1140
        1141        1142        1143
        1141        1143        1144
        1141        1144         970
        1141         970         969
        1141         969         967
        1141         967         968
        1141         968        1139
        1141        1139        1145
        1146        1147        1148
        1146        1148        1144
        1146        1144        1143
        1146        1143        1149
        1144        1148        1150
        1144        1150        1151
        1144        1151         977
        1144         977         973
        1144         973         971
        1144         971         970
        1151        1152         978
        1151         978         977
        1153        1152        1151
        1153        1151        1150
         979         978        1152
         979        1152        1153
         979        1153        1154
         979        1154        1155
         979        1155         981
         982         981        1155
         982        1155        1156
         982        1156        1157
         982        1157        1158
        1159         984         980
        1159         980         982
        1159         982        1158
        1159        1158        1160
        1159        1160        1161
        1162         986         983
        1162         983         984
        1162         984        1159
        1162        1159        1163
        1162        1163        1164
        1165        1166         987
        1165         987         985
        1165         985         986
        1165         986        1162
        1165        1162        1167
         989         988         987
         989         987        1166
         991         990        1168
         991        1168         994
        1169        1170         996
        1169         996         993
        1169         993         992
        1169         992        1171
        1172        1173        1174
        1172        1174         997
        1172         997         996
        1172         996        1170
        1172        1170        1175
        1000         998         997
        1000         997        1174
        1000        1174        1176
        1000        1176        1177
        1178        1003         999
        1178         999        1000
        1178        1000        1177
        1178        1177        1179
        1180        1181        1001
        1180        1001        1004
        1180        1004        1182
        1183        1184        1007
        1183        1007        1005
        1183        1005        1002
        1183        1002        1001
        1183        1001        1181
        1185        1008        1007
        1185        1007        1184
        1185        1184        1186
        1185        1186        1187
        1012        1009        1008
        1012        1008        1185
        1012        1185        1188
        1189        1013        1012
        1189        1012        1188
        1189        1188        1190
        1016        1014        1011
        1016        1011        1013
        1016        1013        1189
        1016        1189        1191
        1192        1193        1015
        1192        1015        1017
        1192        1017        1194
        1019        1018         835
        1019         835         837
        1019         837        1015
        1019        1015        1193
        1021         841         840
        1021         840        1195
        1025        1022        1020
        1025        1020        1021
        1025        1021        1195
        1025        1195        1196
        1197        1027        1026
        1197        1026        1024
        1197        1024        1023
        1028        1027        1197
        1028        1197        1198
        1199        1032        1031
        1199        1031        1030
        1199        1030        1200
        1199        1200        1201
        1033        1032        1199
        1033        1199        1034
        1202        1203        1037
        1202        1037        1036
        1202        1036        1204
        1202        1204        1205
        1202        1205        1206
        1038        1037        1203
        1038        1203        1207
        1038        1207        1208
        1038        1208        1042
        1209        1210        1045
        1209        1045        1040
        1209        1040        1039
        1211        1046        1045
        1211        1045        1210
        1211        1210        1212
        1047        1046        1211
        1047        1211        1213
        1047        1213        1050
        1051        1050        1213
        1051        1213        1214
        1051        1214        1215
        1051        1215        1052
        1053        1052        1215
        1053        1215        1216
        1053        1216        1054
        1055        1054        1216
        1055        1216        1217
        1055        1217        1218
        1055        1218        1219
        1055        1219        1220
        1055        1220        1057
        1058        1057        1220
        1058        1220        1221
        1058        1221        1222
        1058        1222        1223
        1224        1059        1056
        1224        1056        1058
        1224        1058        1223
        1224        1223        1225
        1062        1060        1059
        1062        1059        1224
        1062        1224        1226
        1227        1064        1063
        1227        1063         869
        1227         869         872
        1227         872        1061
        1228         876         733
        1228         733         736
        1228         736        1064
        1228        1064        1227
        1229         877         875
        1229         875         874
         610         609         877
         610         877        1229
        1230         886         885
        1230         885        1066
        1231        1232        1067
        1231        1067         880
        1231         880         886
        1231         886        1230
        1233         882         881
        1233         881        1067
        1233        1067        1232
        1234         883         882
        1234         882        1233
        1235        1236        1071
        1235        1071        1070
         889        1071        1236
         889        1236        1072
         889        1072         891
         889         891         890
        1237        1238        1075
        1237        1075        1074
        1237        1074        1073
        1239        1240        1077
        1239        1077        1076
        1239        1076        1075
        1239        1075        1238
        1077        1240        1241
        1077        1241        1081
        1077        1081        1079
        1077        1079        1078
        1242        1243        1244
        1242        1244        1082
        1242        1082        1081
        1242        1081        1241
        1082        1244        1245
        1082        1245        1246
        1082        1246        1084
        1082        1084        1083
        1084        1246        1247
        1084        1247        1248
        1084        1248        1086
        1084        1086        1085
        1086        1248        1249
        1086        1249        1250
        1086        1250        1251
        1086        1251        1252
        1086        1252        1088
        1086        1088        1087
        1252        1253        1254
        1252        1254        1089
        1252        1089        1088
        1089        1254        1255
        1089        1255        1090
        1091        1256        1093
        1091        1093        1092
        1094        1257        1096
        1094        1096        1095
         912        1096        1257
         912        1257        1258
         912        1258        1259
         912        1259         923
         912         923         920
         912         920         922
         912         922        1097
         912        1097         913
        1259        1260        1098
        1259        1098        1101
        1259        1101         924
        1259         924         923
        1261        1106        1105
        1261        1105        1104
        1261        1104        1103
        1261        1103        1102
        1261        1102        1099
        1261        1099        1098
        1261        1098        1260
        1262        1263        1264
        1262        1264        1107
        1262        1107         937
        1262         937         941
        1262         941        1106
        1262        1106        1261
        1264        1265        1108
        1264        1108         939
        1264         939         938
        1264         938        1107
        1109        1108        1265
        1109        1265        1111
        1266        1115         948
        1266         948         947
        1266         947        1110
        1116        1115        1266
        1116        1266        1267
        1268        1120        1119
        1268        1119        1118
        1269        1123        1121
        1269        1121        1120
        1269        1120        1268
        1270        1124        1123
        1270        1123        1269
        1270        1269        1271
        1270        1271        1272
        1273        1274        1275
        1273        1275        1270
        1273        1270        1272
        1273        1272        1276
        1126        1125        1124
        1126        1124        1270
        1126        1270        1275
        1126        1275        1277
        1126        1277        1128
        1129        1128        1277
        1129        1277        1278
        1129        1278        1279
        1129        1279        1280
        1129        1280        1281
        1135        1132        1131
        1135        1131        1130
        1135        1130        1127
        1135        1127        1129
        1135        1129        1281
        1135        1281        1282
        1135        1282        1283
        1135        1283        1284
        1285        1286        1133
        1285        1133        1135
        1285        1135        1284
        1285        1284        1287
        1285        1287        1288
        1289        1290        1137
        1289        1137        1134
        1289        1134        1133
        1289        1133        1286
        1291        1138        1137
        1291        1137        1290
        1291        1290        1292
        1293        1140        1136
        1293        1136        1138
        1293        1138        1291
        1149        1143        1142
        1149        1142        1294
        1295        1147        1146
        1295        1146        1296
        1297        1154        1153
        1297        1153        1150
        1297        1150        1148
        1297        1148        1147
        1297        1147        1295
        1156        1155        1154
        1156        1154        1297
        1298        1160        1158
        1298        1158        1157
        1298        1157        1299
        1298        1299        1300
        1161        1160        1298
        1161        1298        1301
        1161        1301        1302
        1303        1164        1163
        1303        1163        1304
        1303        1304        1305
        1303        1305        1306
        1303        1306        1307
        1308        1167        1162
        1308        1162        1164
        1308        1164        1303
        1309        1168         990
        1309         990         989
        1309         989        1166
        1309        1166        1165
        1309        1165        1310
         995         994        1168
         995        1168        1309
        1175        1170        1169
        1311        1173        1172
        1311        1172        1312
        1176        1174        1173
        1176        1173        1311
        1176        1311        1313
        1176        1313        1314
        1176        1314        1315
        1179        1177        1176
        1179        1176        1315
        1179        1315        1316
        1179        1316        1317
        1182        1004        1003
        1182        1003        1178
        1182        1178        1318
        1319        1320        1183
        1319        1183        1181
        1319        1181        1180
        1319        1180        1321
        1186        1184        1183
        1186        1183        1320
        1186        1320        1322
        1186        1322        1323
        1324        1187        1186
        1324        1186        1323
        1324        1323        1325
        1324        1325        1326
        1190        1188        1185
        1190        1185        1187
        1190        1187        1324
        1190        1324        1327
        1328        1191        1189
        1328        1189        1190
        1328        1190        1327
        1328        1327        1329
        1194        1017        1016
        1194        1016        1191
        1194        1191        1328
        1196        1195         840
        1196         840         843
        1196         843        1019
        1196        1019        1193
        1196        1193        1192
        1196        1192        1330
        1331        1198        1197
        1331        1197        1023
        1331        1023        1025
        1331        1025        1196
        1331        1196        1330
        1331        1330        1332
        1331        1332        1333
        1334        1029        1028
        1334        1028        1198
        1334        1198        1331
        1200        1030        1029
        1200        1029        1334
        1035        1335        1204
        1035        1204        1036
        1205        1204        1335
        1205        1335        1336
        1207        1203        1202
        1207        1202        1337
        1043        1042        1208
        1043        1208        1338
        1212        1210        1209
        1212        1209        1339
        1214        1213        1211
        1214        1211        1212
        1214        1212        1339
        1214        1339        1340
        1214        1340        1341
        1216        1215        1214
        1216        1214        1341
        1216        1341        1217
        1342        1343        1219
        1342        1219        1218
        1342        1218        1344
        1342        1344        1345
        1220        1219        1343
        1220        1343        1346
        1220        1346        1347
        1220        1347        1221
        1222        1221        1347
        1222        1347        1348
        1222        1348        1349
        1225        1223        1222
        1225        1222        1349
        1225        1349        1350
        1225        1350        1351
        1225        1351        1352
        1226        1224        1225
        1226        1225        1352
        1226        1352        1353
        1226        1353        1354
        1226        1354        1355
        1226        1355        1356
        1226        1356        1357
        1226        1357        1358
        1358        1359        1360
        1358        1360        1361
        1358        1361        1228
        1358        1228        1227
        1358        1227        1061
        1358        1061        1062
        1358        1062        1226
        1360        1362        1363
        1360        1363        1361
        1361        1363        1231
        1361        1231        1230
        1361        1230        1066
        1361        1066        1065
        1361        1065         748
        1361         748         753
        1361         753         878
        1361         878         879
        1361         879         741
        1361         741         746
        1361         746         738
        1361         738         737
        1361         737         607
        1361         607         610
        1361         610        1229
        1361        1229         874
        1361         874         876
        1361         876        1228
        1364        1365        1234
        1364        1234        1233
        1364        1233        1232
        1364        1232        1231
        1364        1231        1363
        1364        1363        1362
        1366        1367        1368
        1366        1368        1369
        1366        1369        1365
        1366        1365        1364
        1369        1370        1068
        1369        1068         887
        1369         887         884
        1369         884         883
        1369         883        1234
        1369        1234        1365
        1371        1372        1235
        1371        1235        1070
        1371        1070        1069
        1371        1069        1068
        1371        1068        1370
        1373        1374        1237
        1373        1237        1073
        1373        1073        1072
        1373        1072        1236
        1373        1236        1235
        1373        1235        1372
        1375        1376        1377
        1375        1377        1378
        1375        1378        1239
        1375        1239        1238
        1375        1238        1237
        1375        1237        1374
        1378        1379        1242
        1378        1242        1241
        1378        1241        1240
        1378        1240        1239
        1380        1381        1243
        1380        1243        1242
        1380        1242        1379
        1245        1244        1243
        1245        1243        1381
        1245        1381        1382
        1383        1247        1246
        1383        1246        1245
        1383        1245        1382
        1383        1382        1384
        1385        1249        1248
        1385        1248        1247
        1385        1247        1383
        1386        1251        1250
        1386        1250        1387
        1388        1389        1253
        1388        1253        1252
        1388        1252        1251
        1388        1251        1386
        1390        1391        1392
        1390        1392        1389
        1390        1389        1388
        1392        1255        1254
        1392        1254        1253
        1392        1253        1389
        1090        1255        1392
        1090        1392        1391
        1090        1391        1393
        1090        1393        1394
        1090        1394        1395
        1090        1395        1256
        1090        1256        1091
        1395        1396        1397
        1395        1397        1258
        1395        1258        1257
        1395        1257        1094
        1395        1094        1093
        1395        1093        1256
        1258        1397        1398
        1258        1398        1262
        1258        1262        1261
        1258        1261        1260
        1258        1260        1259
        1399        1400        1263
        1399        1263        1262
        1399        1262        1398
        1399        1398        1401
        1112        1111        1265
        1112        1265        1264
        1112        1264        1263
        1112        1263        1400
        1112        1400        1402
        1403        1267        1266
        1403        1266        1110
        1403        1110        1112
        1403        1112        1402
        1403        1402        1404
        1405        1406        1117
        1405        1117        1113
        1405        1113        1116
        1405        1116        1267
        1405        1267        1403
        1407        1271        1269
        1407        1269        1268
        1407        1268        1118
        1407        1118        1117
        1407        1117        1406
        1276        1272        1271
        1276        1271        1407
        1408        1274        1273
        1408        1273        1409
        1278        1277        1275
        1278        1275        1274
        1278        1274        1408
        1410        1411        1280
        1410        1280        1279
        1410        1279        1412
        1281        1280        1411
        1281        1411        1413
        1281        1413        1414
        1281        1414        1415
        1281        1415        1282
        1283        1282        1415
        1283        1415        1416
        1283        1416        1417
        1418        1287        1284
        1418        1284        1283
        1418        1283        1417
        1418        1417        1419
        1292        1290        1289
        1420        1294        1142
        1420        1142        1141
        1421        1296        1146
        1421        1146        1149
        1421        1149        1294
        1421        1294        1420
        1422        1299        1157
        1422        1157        1156
        1422        1156        1297
        1422        1297        1295
        1422        1295        1296
        1422        1296        1421
        1300        1299        1422
        1300        1422        1423
        1424        1304        1163
        1424        1163        1159
        1424        1159        1161
        1424        1161        1302
        1424        1302        1425
        1424        1425        1426
        1305        1304        1424
        1305        1424        1427
        1428        1429        1308
        1428        1308        1303
        1428        1303        1307
        1428        1307        1430
        1428        1430        1431
        1428        1431        1432
        1428        1432        1433
        1434        1310        1165
        1434        1165        1167
        1434        1167        1308
        1434        1308        1429
        1434        1429        1435
        1436        1171         992
        1436         992         995
        1436         995        1309
        1436        1309        1310
        1436        1310        1434
        1436        1434        1437
        1438        1312        1172
        1438        1172        1175
        1438        1175        1169
        1438        1169        1171
        1438        1171        1436
        1439        1313        1311
        1439        1311        1312
        1439        1312        1438
        1439        1438        1440
        1441        1314        1313
        1441        1313        1439
        1441        1439        1442
        1441        1442        1443
        1316        1315        1314
        1316        1314        1441
        1316        1441        1444
        1445        1318        1178
        1445        1178        1179
        1445        1179        1317
        1445        1317        1446
        1445        1446        1447
        1448        1321        1180
        1448        1180        1182
        1448        1182        1318
        1448        1318        1445
        1449        1322        1320
        1449        1320        1319
        1449        1319        1450
        1325        1323        1322
        1325        1322        1449
        1325        1449        1451
        1452        1326        1325
        1452        1325        1451
        1452        1451        1453
        1452        1453        1454
        1329        1327        1324
        1329        1324        1326
        1329        1326        1452
        1332        1330        1192
        1332        1192        1194
        1332        1194        1328
        1332        1328        1329
        1332        1329        1452
        1332        1452        1454
        1332        1454        1455
        1332        1455        1456
        1457        1333        1332
        1457        1332        1456
        1457        1456        1458
        1457        1458        1459
        1460        1201        1200
        1460        1200        1334
        1460        1334        1331
        1460        1331        1333
        1460        1333        1457
        1336        1335        1035
        1336        1035        1034
        1336        1034        1199
        1336        1199        1201
        1336        1201        1460
        1336        1460        1461
        1462        1206        1205
        1462        1205        1336
        1462        1336        1461
        1462        1461        1463
        1464        1337        1202
        1464        1202        1206
        1464        1206        1462
        1464        1462        1465
        1338        1208        1207
        1338        1207        1337
        1338        1337        1464
        1338        1464        1466
        1340        1339        1209
        1340        1209        1039
        1340        1039        1043
        1340        1043        1338
        1340        1338        1466
        1340        1466        1467
        1340        1467        1468
        1217        1341        1340
        1217        1340        1468
        1217        1468        1469
        1217        1469        1470
        1217        1470        1344
        1217        1344        1218
        1345        1344        1470
        1345        1470        1471
        1346        1343        1342
        1346        1342        1472
        1349        1348        1473
        1349        1473        1350
        1352        1351        1353
        1355        1474        1475
        1355        1475        1356
        1356        1475        1476
        1356        1476        1477
        1356        1477        1357
        1358        1357        1477
        1358        1477        1478
        1358        1478        1479
        1358        1479        1480
        1358        1480        1481
        1358        1481        1482
        1358        1482        1359
        1359        1482        1483
        1359        1483        1484
        1359        1484        1366
        1359        1366        1364
        1359        1364        1362
        1359        1362        1360
        1484        1485        1367
        1484        1367        1366
        1486        1487        1488
        1486        1488        1368
        1486        1368        1367
        1486        1367        1485
        1368        1488        1489
        1368        1489        1371
        1368        1371        1370
        1368        1370        1369
        1489        1490        1373
        1489        1373        1372
        1489        1372        1371
        1491        1492        1376
        1491        1376        1375
        1491        1375        1493
        1494        1495        1377
        1494        1377        1376
        1494        1376        1492
        1377        1495        1496
        1377        1496        1380
        1377        1380        1379
        1377        1379        1378
        1384        1382        1381
        1384        1381        1380
        1384        1380        1496
        1384        1496        1497
        1384        1497        1498
        1499        1500        1385
        1499        1385        1383
        1499        1383        1384
        1499        1384        1498
        1499        1498        1501
        1502        1387        1250
        1502        1250        1249
        1502        1249        1385
        1502        1385        1500
        1502        1500        1503
        1504        1505        1390
        1504        1390        1388
        1504        1388        1386
        1504        1386        1387
        1504        1387        1502
        1506        1507        1508
        1506        1508        1505
        1506        1505        1504
        1508        1393        1391
        1508        1391        1390
        1508        1390        1505
        1509        1510        1394
        1509        1394        1393
        1509        1393        1508
        1509        1508        1507
        1509        1507        1511
        1509        1511        1512
        1513        1396        1395
        1513        1395        1394
        1513        1394        1510
        1514        1401        1398
        1514        1398        1397
        1514        1397        1396
        1514        1396        1513
        1514        1513        1515
        1516        1517        1399
        1516        1399        1401
        1516        1401        1514
        1404        1402        1400
        1404        1400        1399
        1404        1399        1517
        1404        1517        1518
        1404        1518        1519
        1520        1521        1405
        1520        1405        1403
        1520        1403        1404
        1520        1404        1519
        1520        1519        1522
        1520        1522        1523
        1524        1409        1273
        1524        1273        1276
        1524        1276        1407
        1524        1407        1406
        1524        1406        1405
        1524        1405        1521
        1525        1526        1524
        1525        1524        1521
        1525        1521        1520
        1412        1279        1278
        1412        1278        1408
        1412        1408        1409
        1412        1409        1524
        1412        1524        1526
        1527        1528        1529
        1527        1529        1410
        1527        1410        1412
        1527        1412        1526
        1527        1526        1525
        1529        1530        1531
        1529        1531        1413
        1529        1413        1411
        1529        1411        1410
        1532        1414        1413
        1532        1413        1531
        1532        1531        1533
        1532        1533        1534
        1532        1534        1535
        1416        1415        1414
        1416        1414        1532
        1416        1532        1536
        1419        1417        1416
        1419        1416        1536
        1419        1536        1537
        1288        1287        1418
        1538        1145        1139
        1538        1139        1140
        1538        1140        1293
        1539        1423        1422
        1539        1422        1421
        1539        1421        1420
        1539        1420        1141
        1539        1141        1145
        1539        1145        1538
        1540        1301        1298
        1540        1298        1300
        1540        1300        1423
        1540        1423        1539
        1425        1302        1301
        1425        1301        1540
        1425        1540        1541
        1542        1306        1305
        1542        1305        1427
        1542        1427        1543
        1544        1430        1307
        1544        1307        1306
        1544        1306        1542
        1545        1435        1429
        1545        1429        1428
        1546        1547        1437
        1546        1437        1434
        1546        1434        1435
        1546        1435        1545
        1548        1440        1438
        1548        1438        1436
        1548        1436        1437
        1548        1437        1547
        1548        1547        1549
        1550        1551        1442
        1550        1442        1439
        1550        1439        1440
        1550        1440        1548
        1550        1548        1552
        1443        1442        1551
        1443        1551        1553
        1554        1444        1441
        1554        1441        1443
        1554        1443        1553
        1554        1553        1555
        1446        1317        1316
        1446        1316        1444
        1446        1444        1554
        1446        1554        1556
        1557        1558        1448
        1557        1448        1445
        1557        1445        1447
        1557        1447        1559
        1560        1450        1319
        1560        1319        1321
        1560        1321        1448
        1560        1448        1558
        1560        1558        1561
        1562        1453        1451
        1562        1451        1449
        1562        1449        1450
        1562        1450        1560
        1454        1453        1562
        1454        1562        1563
        1454        1563        1455
        1456        1455        1563
        1456        1563        1564
        1456        1564        1565
        1456        1565        1458
        1459        1458        1565
        1459        1565        1566
        1459        1566        1567
        1463        1461        1460
        1463        1460        1457
        1463        1457        1459
        1463        1459        1567
        1463        1567        1568
        1569        1465        1462
        1569        1462        1463
        1569        1463        1568
        1569        1568        1570
        1569        1570        1571
        1467        1466        1464
        1467        1464        1465
        1467        1465        1569
        1467        1569        1572
        1573        1572        1569
        1573        1569        1571
        1573        1571        1574
        1573        1574        1575
        1573        1575        1576
        1469        1468        1467
        1469        1467        1572
        1469        1572        1573
        1469        1573        1577
        1471        1470        1469
        1471        1469        1577
        1471        1577        1578
        1471        1578        1579
        1580        1472        1342
        1580        1342        1345
        1580        1345        1471
        1580        1471        1579
        1580        1579        1581
        1473        1348        1347
        1473        1347        1346
        1473        1346        1472
        1473        1472        1580
        1473        1580        1582
        1353        1351        1350
        1353        1350        1473
        1353        1473        1582
        1353        1582        1354
        1583        1584        1476
        1583        1476        1475
        1583        1475        1474
        1477        1476        1584
        1477        1584        1585
        1477        1585        1478
        1479        1586        1587
        1479        1587        1480
        1480        1587        1588
        1480        1588        1481
        1483        1589        1486
        1483        1486        1485
        1483        1485        1484
        1590        1591        1592
        1590        1592        1487
        1590        1487        1486
        1590        1486        1589
        1592        1593        1490
        1592        1490        1489
        1592        1489        1488
        1592        1488        1487
        1594        1493        1375
        1594        1375        1374
        1594        1374        1373
        1594        1373        1490
        1594        1490        1593
        1595        1596        1494
        1595        1494        1492
        1595        1492        1491
        1597        1497        1496
        1597        1496        1495
        1597        1495        1494
        1597        1494        1596
        1501        1498        1497
        1501        1497        1597
        1501        1597        1598
        1599        1503        1500
        1599        1500        1499
        1599        1499        1600
        1601        1602        1603
        1601        1603        1506
        1601        1506        1504
        1601        1504        1502
        1601        1502        1503
        1601        1503        1599
        1604        1605        1603
        1604        1603        1602
        1603        1605        1511
        1603        1511        1507
        1603        1507        1506
        1606        1607        1608
        1606        1608        1509
        1606        1509        1512
        1606        1512        1609
        1608        1610        1515
        1608        1515        1513
        1608        1513        1510
        1608        1510        1509
        1611        1612        1516
        1611        1516        1514
        1611        1514        1515
        1611        1515        1610
        1611        1610        1613
        1611        1613        1614
        1615        1616        1518
        1615        1518        1517
        1615        1517        1516
        1615        1516        1612
        1617        1522        1519
        1617        1519        1518
        1617        1518        1616
        1617        1616        1618
        1617        1618        1619
        1617        1619        1620
        1523        1522        1617
        1523        1617        1621
        1523        1621        1622
        1523        1622        1623
        1624        1625        1527
        1624        1527        1525
        1624        1525        1520
        1624        1520        1523
        1624        1523        1623
        1624        1623        1626
        1627        1628        1528
        1627        1528        1527
        1627        1527        1625
        1629        1530        1529
        1629        1529        1528
        1629        1528        1628
        1533        1531        1530
        1533        1530        1629
        1533        1629        1630
        1533        1630        1631
        1632        1633        1534
        1632        1534        1533
        1632        1533        1631
        1632        1631        1634
        1635        1535        1534
        1635        1534        1633
        1635        1633        1636
        1635        1636        1637
        1537        1536        1532
        1537        1532        1535
        1537        1535        1635
        1638        1639        1285
        1638        1285        1288
        1638        1288        1418
        1638        1418        1419
        1638        1419        1537
        1638        1537        1635
        1638        1635        1637
        1638        1637        1640
        1638        1640        1641
        1638        1641        1642
        1638        1642        1643
        1638        1643        1644
        1645        1541        1540
        1645        1540        1539
        1645        1539        1538
        1645        1538        1293
        1645        1293        1291
        1645        1291        1292
        1645        1292        1289
        1645        1289        1286
        1645        1286        1285
        1645        1285        1639
        1646        1426        1425
        1646        1425        1541
        1646        1541        1645
        1543        1427        1424
        1543        1424        1426
        1543        1426        1646
        1543        1646        1647
        1648        1431        1430
        1648        1430        1544
        1432        1431        1648
        1432        1648        1649
        1549        1547        1546
        1549        1546        1650
        1651        1552        1548
        1651        1548        1549
        1651        1549        1650
        1651        1650        1652
        1653        1654        1655
        1653        1655        1550
        1653        1550        1552
        1653        1552        1651
        1656        1655        1654
        1656        1654        1657
        1555        1553        1551
        1555        1551        1550
        1555        1550        1655
        1555        1655        1656
        1555        1656        1658
        1659        1556        1554
        1659        1554        1555
        1659        1555        1658
        1659        1658        1660
        1659        1660        1661
        1659        1661        1662
        1559        1447        1446
        1559        1446        1556
        1559        1556        1659
        1559        1659        1663
        1664        1561        1558
        1664        1558        1557
        1564        1563        1562
        1564        1562        1560
        1564        1560        1561
        1564        1561        1664
        1564        1664        1665
        1566        1565        1564
        1566        1564        1665
        1566        1665        1666
        1568        1567        1566
        1568        1566        1666
        1568        1666        1667
        1568        1667        1668
        1568        1668        1570
        1571        1570        1668
        1571        1668        1669
        1571        1669        1670
        1571        1670        1574
        1574        1670        1671
        1574        1671        1672
        1574        1672        1673
        1574        1673        1575
        1576        1575        1673
        1576        1673        1674
        1674        1673        1672
        1674        1672        1675
        1674        1675        1676
        1674        1676        1677
        1578        1577        1573
        1578        1573        1576
        1578        1576        1674
        1578        1674        1677
        1578        1677        1678
        1578        1678        1679
        1578        1679        1680
        1581        1579        1578
        1581        1578        1680
        1581        1680        1681
        1581        1681        1682
        1581        1682        1683
        1581        1683        1684
        1581        1684        1685
        1354        1582        1580
        1354        1580        1581
        1354        1581        1685
        1354        1685        1686
        1354        1686        1687
        1354        1687        1583
        1354        1583        1474
        1354        1474        1355
        1687        1688        1689
        1687        1689        1690
        1687        1690        1585
        1687        1585        1584
        1687        1584        1583
        1478        1585        1690
        1478        1690        1691
        1478        1691        1692
        1478        1692        1586
        1478        1586        1479
        1691        1693        1694
        1691        1694        1692
        1692        1694        1588
        1692        1588        1587
        1692        1587        1586
        1481        1588        1694
        1481        1694        1693
        1481        1693        1695
        1481        1695        1696
        1481        1696        1697
        1481        1697        1590
        1481        1590        1589
        1481        1589        1483
        1481        1483        1482
        1697        1698        1699
        1697        1699        1700
        1697        1700        1701
        1697        1701        1702
        1697        1702        1703
        1697        1703        1591
        1697        1591        1590
        1703        1704        1594
        1703        1594        1593
        1703        1593        1592
        1703        1592        1591
        1705        1706        1707
        1705        1707        1595
        1705        1595        1491
        1705        1491        1493
        1705        1493        1594
        1705        1594        1704
        1707        1598        1597
        1707        1597        1596
        1707        1596        1595
        1708        1600        1499
        1708        1499        1501
        1708        1501        1598
        1708        1598        1707
        1708        1707        1706
        1709        1710        1601
        1709        1601        1599
        1709        1599        1600
        1709        1600        1708
        1711        1712        1604
        1711        1604        1602
        1711        1602        1601
        1711        1601        1710
        1609        1512        1511
        1609        1511        1605
        1609        1605        1604
        1609        1604        1712
        1713        1714        1607
        1713        1607        1606
        1713        1606        1715
        1613        1610        1608
        1613        1608        1607
        1613        1607        1714
        1716        1717        1615
        1716        1615        1612
        1716        1612        1611
        1718        1618        1616
        1718        1616        1615
        1718        1615        1717
        1718        1717        1719
        1720        1721        1621
        1720        1621        1617
        1720        1617        1620
        1720        1620        1722
        1622        1621        1721
        1622        1721        1723
        1622        1723        1724
        1725        1726        1627
        1725        1627        1625
        1725        1625        1624
        1727        1630        1629
        1727        1629        1628
        1727        1628        1627
        1727        1627        1726
        1634        1631        1630
        1634        1630        1727
        1634        1727        1728
        1729        1636        1633
        1729        1633        1632
        1729        1632        1730
        1637        1636        1729
        1637        1729        1640
        1731        1732        1733
        1731        1733        1643
        1731        1643        1642
        1731        1642        1734
        1644        1643        1733
        1644        1733        1735
        1736        1647        1646
        1736        1646        1645
        1736        1645        1639
        1736        1639        1638
        1737        1649        1648
        1737        1648        1544
        1737        1544        1542
        1737        1542        1543
        1737        1543        1647
        1737        1647        1736
        1737        1736        1738
        1739        1433        1432
        1739        1432        1649
        1739        1649        1737
        1652        1650        1546
        1652        1546        1545
        1652        1545        1428
        1652        1428        1433
        1652        1433        1739
        1652        1739        1740
        1741        1742        1653
        1741        1653        1651
        1741        1651        1652
        1741        1652        1740
        1741        1740        1743
        1744        1657        1654
        1744        1654        1653
        1744        1653        1742
        1745        1660        1658
        1745        1658        1656
        1745        1656        1657
        1745        1657        1744
        1746        1661        1660
        1746        1660        1745
        1746        1745        1747
        1746        1747        1748
        1662        1661        1746
        1662        1746        1749
        1750        1663        1659
        1750        1659        1662
        1750        1662        1749
        1750        1749        1751
        1750        1751        1752
        1666        1665        1664
        1666        1664        1557
        1666        1557        1559
        1666        1559        1663
        1666        1663        1750
        1666        1750        1753
        1666        1753        1667
        1668        1667        1753
        1668        1753        1754
        1668        1754        1755
        1668        1755        1669
        1669        1755        1756
        1669        1756        1757
        1669        1757        1758
        1669        1758        1671
        1669        1671        1670
        1672        1671        1758
        1672        1758        1759
        1672        1759        1760
        1672        1760        1675
        1675        1760        1761
        1675        1761        1762
        1675        1762        1676
        1677        1676        1762
        1677        1762        1763
        1677        1763        1764
        1677        1764        1678
        1680        1679        1765
        1680        1765        1766
        1680        1766        1681
        1685        1684        1767
        1685        1767        1768
        1685        1768        1769
        1685        1769        1686
        1686        1769        1770
        1686        1770        1771
        1686        1771        1772
        1686        1772        1773
        1686        1773        1688
        1686        1688        1687
        1773        1774        1775
        1773        1775        1776
        1773        1776        1777
        1773        1777        1778
        1773        1778        1689
        1773        1689        1688
        1695        1778        1777
        1695        1777        1779
        1695        1779        1696
        1690        1689        1778
        1690        1778        1695
        1690        1695        1693
        1690        1693        1691
        1700        1780        1701
        1701        1780        1781
        1701        1781        1782
        1701        1782        1783
        1701        1783        1702
        1702        1783        1784
        1702        1784        1785
        1702        1785        1705
        1702        1705        1704
        1702        1704        1703
        1784        1786        1787
        1784        1787        1788
        1784        1788        1785
        1785        1788        1789
        1785        1789        1709
        1785        1709        1708
        1785        1708        1706
        1785        1706        1705
        1789        1790        1791
        1789        1791        1792
        1789        1792        1711
        1789        1711        1710
        1789        1710        1709
        1792        1715        1606
        1792        1606        1609
        1792        1609        1712
        1792        1712        1711
        1791        1793        1794
        1791        1794        1713
        1791        1713        1715
        1791        1715        1792
        1794        1614        1613
        1794        1613        1714
        1794        1714        1713
        1795        1719        1717
        1795        1717        1716
        1619        1618        1718
        1619        1718        1796
        1797        1723        1721
        1797        1721        1720
        1626        1623        1622
        1626        1622        1724
        1626        1724        1798
        1799        1728        1727
        1799        1727        1726
        1799        1726        1725
        1800        1730        1632
        1800        1632        1634
        1800        1634        1728
        1800        1728        1799
        1800        1799        1801
        1641        1640        1729
        1641        1729        1730
        1641        1730        1800
        1802        1803        1732
        1802        1732        1731
        1735        1733        1732
        1735        1732        1803
        1735        1803        1804
        1805        1738        1736
        1805        1736        1638
        1805        1638        1644
        1805        1644        1735
        1805        1735        1804
        1805        1804        1806
        1805        1806        1807
        1808        1809        1805
        1808        1805        1807
        1808        1807        1810
        1808        1810        1811
        1808        1811        1812
        1808        1812        1813
        1808        1813        1814
        1743        1740        1739
        1743        1739        1737
        1743        1737        1738
        1743        1738        1805
        1743        1805        1809
        1743        1809        1815
        1816        1817        1818
        1816        1818        1741
        1816        1741        1743
        1816        1743        1815
        1816        1815        1819
        1818        1747        1745
        1818        1745        1744
        1818        1744        1742
        1818        1742        1741
        1820        1748        1747
        1820        1747        1818
        1820        1818        1817
        1820        1817        1821
        1751        1749        1746
        1751        1746        1748
        1751        1748        1820
        1822        1752        1751
        1822        1751        1820
        1822        1820        1821
        1822        1821        1823
        1822        1823        1824
        1754        1753        1750
        1754        1750        1752
        1754        1752        1822
        1825        1757        1756
        1825        1756        1826
        1758        1757        1825
        1758        1825        1827
        1758        1827        1759
        1762        1761        1828
        1762        1828        1829
        1762        1829        1763
        1763        1829        1830
        1763        1830        1764
        1681        1766        1682
        1768        1770        1769
        1772        1831        1774
        1772        1774        1773
        1777        1776        1832
        1777        1832        1779
        1696        1779        1832
        1696        1832        1833
        1696        1833        1698
        1696        1698        1697
        1834        1835        1836
        1834        1836        1782
        1834        1782        1781
        1837        1838        1836
        1837        1836        1835
        1782        1836        1838
        1782        1838        1839
        1782        1839        1840
        1782        1840        1786
        1782        1786        1784
        1782        1784        1783
        1840        1841        1842
        1840        1842        1843
        1840        1843        1787
        1840        1787        1786
        1787        1843        1844
        1787        1844        1790
        1787        1790        1789
        1787        1789        1788
        1844        1845        1846
        1844        1846        1793
        1844        1793        1791
        1844        1791        1790
        1846        1847        1795
        1846        1795        1716
        1846        1716        1611
        1846        1611        1614
        1846        1614        1794
        1846        1794        1793
        1848        1796        1718
        1848        1718        1719
        1848        1719        1795
        1848        1795        1847
        1722        1620        1619
        1722        1619        1796
        1722        1796        1848
        1798        1724        1723
        1798        1723        1797
        1798        1797        1849
        1850        1801        1799
        1850        1799        1725
        1850        1725        1624
        1850        1624        1626
        1850        1626        1798
        1850        1798        1849
        1850        1849        1851
        1850        1851        1852
        1734        1642        1641
        1734        1641        1800
        1734        1800        1801
        1734        1801        1850
        1807        1806        1853
        1807        1853        1810
        1853        1806        1804
        1853        1804        1803
        1853        1803        1802
        1812        1854        1855
        1812        1855        1813
        1814        1813        1855
        1814        1855        1856
        1814        1856        1857
        1814        1857        1858
        1819        1815        1809
        1819        1809        1808
        1819        1808        1859
        1860        1861        1816
        1860        1816        1819
        1860        1819        1859
        1860        1859        1862
        1860        1862        1863
        1823        1821        1817
        1823        1817        1816
        1823        1816        1861
        1864        1824        1823
        1864        1823        1861
        1864        1861        1860
        1865        1826        1756
        1865        1756        1755
        1865        1755        1754
        1865        1754        1822
        1865        1822        1824
        1865        1824        1864
        1866        1827        1825
        1866        1825        1826
        1866        1826        1865
        1866        1865        1867
        1828        1761        1760
        1828        1760        1759
        1828        1759        1827
        1828        1827        1866
        1678        1764        1830
        1678        1830        1868
        1678        1868        1765
        1678        1765        1679
        1683        1869        1767
        1683        1767        1684
        1771        1870        1831
        1771        1831        1772
        1832        1776        1775
        1832        1775        1871
        1832        1871        1872
        1832        1872        1833
        1833        1872        1699
        1833        1699        1698
        1873        1874        1839
        1873        1839        1838
        1873        1838        1837
        1875        1876        1874
        1875        1874        1873
        1839        1874        1876
        1839        1876        1877
        1839        1877        1841
        1839        1841        1840
        1878        1842        1841
        1878        1841        1877
        1878        1877        1879
        1878        1879        1880
        1878        1880        1881
        1878        1881        1882
        1883        1884        1845
        1883        1845        1844
        1883        1844        1843
        1883        1843        1842
        1883        1842        1878
        1851        1849        1797
        1851        1797        1720
        1851        1720        1722
        1851        1722        1848
        1851        1848        1847
        1851        1847        1846
        1851        1846        1845
        1851        1845        1884
        1885        1852        1851
        1885        1851        1884
        1885        1884        1883
        1886        1887        1888
        1886        1888        1889
        1886        1889        1811
        1886        1811        1810
        1886        1810        1853
        1886        1853        1802
        1886        1802        1731
        1886        1731        1734
        1886        1734        1850
        1886        1850        1852
        1886        1852        1885
        1890        1856        1855
        1890        1855        1854
        1890        1854        1889
        1890        1889        1888
        1890        1888        1891
        1890        1891        1892
        1890        1892        1893
        1890        1893        1894
        1811        1889        1854
        1811        1854        1812
        1857        1856        1890
        1895        1858        1857
        1895        1857        1890
        1895        1890        1894
        1895        1894        1896
        1862        1859        1808
        1862        1808        1814
        1862        1814        1858
        1862        1858        1895
        1897        1863        1862
        1897        1862        1895
        1897        1895        1896
        1897        1896        1898
        1897        1898        1899
        1897        1899        1900
        1901        1867        1865
        1901        1865        1864
        1901        1864        1860
        1901        1860        1863
        1901        1863        1897
        1868        1830        1829
        1868        1829        1828
        1868        1828        1866
        1868        1866        1867
        1868        1867        1901
        1682        1766        1765
        1682        1765        1868
        1682        1868        1901
        1682        1901        1897
        1682        1897        1900
        1682        1900        1902
        1682        1902        1869
        1682        1869        1683
        1767        1869        1902
        1767        1902        1903
        1767        1903        1870
        1767        1870        1771
        1767        1771        1770
        1767        1770        1768
        1903        1904        1905
        1903        1905        1875
        1903        1875        1873
        1903        1873        1837
        1903        1837        1835
        1903        1835        1834
        1903        1834        1871
        1903        1871        1775
        1903        1775        1774
        1903        1774        1831
        1903        1831        1870
        1699        1872        1871
        1699        1871        1834
        1699        1834        1781
        1699        1781        1780
        1699        1780        1700
        1905        1879        1877
        1905        1877        1876
        1905        1876        1875
        1906        1881        1880
        1906        1880        1907
        1882        1881        1906
        1882        1906        1908
        1882        1908        1909
        1910        1911        1886
        1910        1886        1885
        1910        1885        1883
        1910        1883        1878
        1910        1878        1882
        1910        1882        1909
        1910        1909        1912
        1910        1912        1913
        1910        1913        1914
        1915        1916        1887
        1915        1887        1886
        1915        1886        1911
        1915        1911        1917
        1915        1917        1918
        1888        1887        1916
        1888        1916        1891
        1896        1894        1893
        1896        1893        1898
        1892        1891        1916
        1892        1916        1915
        1898        1893        1892
        1898        1892        1915
        1898        1915        1918
        1898        1918        1919
        1898        1919        1899
        1900        1899        1919
        1900        1919        1920
        1900        1920        1910
        1900        1910        1914
        1900        1914        1921
        1900        1921        1922
        1900        1922        1904
        1900        1904        1903
        1900        1903        1902
        1921        1913        1912
        1921        1912        1908
        1921        1908        1906
        1921        1906        1907
        1921        1907        1922
        1922        1907        1880
        1922        1880        1879
        1922        1879        1905
        1922        1905        1904
        1909        1908        1912
        1920        1917        1911
        1920        1911        1910
        1919        1918        1917
        1919        1917        1920
        1914        1913        1921
         919         921         924
         919         924        1101
         919        1101        1100
         919        1100        1102
         919        1102        1103
         919        1103         928
         919         928         925
         919         925         776
         919         776         774
         919         774         636
         919         636         496
         919         496         499
         919         499         773
         919         773         491
         919         491         490
         919         490         632
         919         632         772
         919         772         916
