1948 3892
 -0.282659 -0.093544 0.093909
 -0.269613 -0.103751 0.092967
 -0.268679 -0.089883 0.102655
 -0.280630 -0.078800 0.102374
 -0.292971 -0.080317 0.091786
 -0.292992 -0.092421 0.080626
 -0.281294 -0.104045 0.080915
 -0.257256 -0.115785 0.093390
 -0.252511 -0.102554 0.104786
 -0.255708 -0.087460 0.112569
 -0.264921 -0.073085 0.113547
 -0.280089 -0.066087 0.112583
 -0.293861 -0.063725 0.103287
 -0.301367 -0.066043 0.088144
 -0.305211 -0.076423 0.075952
 -0.301431 -0.089526 0.066529
 -0.292928 -0.104184 0.064028
 -0.278297 -0.112038 0.066535
 -0.266466 -0.118055 0.078230
 -0.242755 -0.124544 0.090906
 -0.237130 -0.112378 0.101791
 -0.237222 -0.100978 0.113827
 -0.241537 -0.087443 0.121990
 -0.249015 -0.072905 0.124145
 -0.260071 -0.061638 0.124495
 -0.274958 -0.055393 0.125143
 -0.288544 -0.050470 0.117935
 -0.298717 -0.047984 0.104897
 -0.307257 -0.050270 0.091908
 -0.314167 -0.057621 0.080254
 -0.318110 -0.068908 0.069694
 -0.313849 -0.078933 0.058336
 -0.306443 -0.090113 0.050642
 -0.300892 -0.106569 0.049277
 -0.288110 -0.116137 0.049665
 -0.273797 -0.121904 0.054003
 -0.261216 -0.126210 0.063117
 -0.251209 -0.128746 0.076717
 -0.226731 -0.128948 0.085229
 -0.220685 -0.116395 0.096255
 -0.219667 -0.106433 0.110334
 -0.222569 -0.095135 0.123524
 -0.227670 -0.078754 0.127686
 -0.236815 -0.065857 0.132653
 -0.247332 -0.052679 0.130842
 -0.262075 -0.045067 0.133809
 -0.276473 -0.038189 0.129231
 -0.290177 -0.033960 0.120574
 -0.302695 -0.033017 0.109655
 -0.313543 -0.035588 0.097588
 -0.323228 -0.042256 0.085973
 -0.326637 -0.049944 0.071746
 -0.328152 -0.060908 0.059586
 -0.326546 -0.073792 0.049176
 -0.316165 -0.082606 0.039032
 -0.307843 -0.095321 0.033746
 -0.299230 -0.109835 0.032339
 -0.284003 -0.116472 0.032710
 -0.271450 -0.125774 0.037766
 -0.260126 -0.135547 0.047359
 -0.246232 -0.135390 0.057588
 -0.236090 -0.136541 0.072230
 -0.210449 -0.130399 0.077778
 -0.204988 -0.121067 0.090538
 -0.202512 -0.109741 0.102416
 -0.203088 -0.097100 0.112926
 -0.206566 -0.083707 0.121500
 -0.212781 -0.070754 0.128802
 -0.221889 -0.059929 0.137799
 -0.232301 -0.047391 0.138421
 -0.244872 -0.037537 0.139866
 -0.258876 -0.029503 0.139233
 -0.272924 -0.022994 0.134261
 -0.287863 -0.019335 0.128681
 -0.302271 -0.018100 0.120533
 -0.315850 -0.019715 0.110725
 -0.328434 -0.024376 0.100010
 -0.336709 -0.030738 0.086406
 -0.341489 -0.039130 0.072294
 -0.339944 -0.047416 0.057150
 -0.335875 -0.056865 0.044151
 -0.331888 -0.068770 0.034040
 -0.323810 -0.079675 0.025603
 -0.313981 -0.090479 0.019632
 -0.308062 -0.106841 0.017074
 -0.295045 -0.116347 0.016321
 -0.278887 -0.120746 0.017872
 -0.266003 -0.128690 0.022662
 -0.254058 -0.136970 0.030530
 -0.241623 -0.141499 0.040706
 -0.228999 -0.139859 0.051779
 -0.219002 -0.138267 0.065348
 -0.194927 -0.134386 0.072123
 -0.189208 -0.123506 0.083889
 -0.186274 -0.113966 0.097367
 -0.185995 -0.100777 0.107579
 -0.188342 -0.086536 0.115469
 -0.193001 -0.074675 0.125835
 -0.199903 -0.061828 0.132864
 -0.208810 -0.049799 0.139051
 -0.219187 -0.037474 0.139542
 -0.231395 -0.027608 0.142612
 -0.244599 -0.018665 0.141972
 -0.258423 -0.011236 0.138589
 -0.272665 -0.005693 0.133432
 -0.288620 -0.002683 0.129893
 -0.303453 -0.001516 0.122250
 -0.318178 -0.002943 0.113604
 -0.335158 -0.007816 0.106634
 -0.346835 -0.014299 0.093966
 -0.350584 -0.021117 0.076889
 -0.355397 -0.031081 0.062758
 -0.352173 -0.040032 0.047244
 -0.345068 -0.048746 0.033490
 -0.339251 -0.059663 0.022731
 -0.329402 -0.069130 0.013767
 -0.322223 -0.081753 0.007304
 -0.312929 -0.093740 0.002800
 -0.303336 -0.106452 0.000419
 -0.290737 -0.116175 0.000337
 -0.276678 -0.123493 0.002570
 -0.263310 -0.131001 0.006983
 -0.248981 -0.134923 0.013419
 -0.236056 -0.139286 0.021998
 -0.223967 -0.142351 0.032643
 -0.212627 -0.142166 0.044728
 -0.202960 -0.140546 0.058509
 -0.179297 -0.135209 0.064655
 -0.173542 -0.127209 0.078256
 -0.170025 -0.118113 0.092209
 -0.169065 -0.105904 0.103911
 -0.170464 -0.092864 0.114411
 -0.174089 -0.079353 0.123396
 -0.179851 -0.065352 0.129687
 -0.187458 -0.051360 0.132744
 -0.196284 -0.039869 0.139606
 -0.206637 -0.028209 0.141784
 -0.218197 -0.017789 0.143279
 -0.230729 -0.008464 0.142683
 -0.244372 -0.000609 0.142218
 -0.258993 0.005825 0.140762
 -0.273574 0.010784 0.135698
 -0.288434 0.013963 0.129509
 -0.304264 0.015183 0.123673
 -0.319596 0.014230 0.115621
 -0.334833 0.010960 0.106572
 -0.349971 0.005067 0.096613
 -0.357563 -0.002021 0.081020
 -0.361151 -0.010385 0.064825
 -0.364687 -0.020895 0.050426
 -0.363991 -0.031962 0.036214
 -0.356492 -0.041515 0.022596
 -0.347816 -0.051372 0.011441
 -0.338292 -0.061361 0.002413
 -0.331043 -0.073724 -0.004802
 -0.323966 -0.087423 -0.010522
 -0.311462 -0.096889 -0.013871
 -0.298839 -0.106211 -0.015333
 -0.288033 -0.118042 -0.015363
 -0.275480 -0.127769 -0.013241
 -0.260417 -0.132529 -0.008668
 -0.246090 -0.136875 -0.002524
 -0.231436 -0.137484 0.005147
 -0.219921 -0.144554 0.014731
 -0.207331 -0.143255 0.025261
 -0.196330 -0.141384 0.037024
 -0.187027 -0.140262 0.050730
 -0.164203 -0.133298 0.055939
 -0.157862 -0.128865 0.071157
 -0.153317 -0.122466 0.087182
 -0.151579 -0.111123 0.100274
 -0.152656 -0.096957 0.110057
 -0.155100 -0.084220 0.121171
 -0.160394 -0.069219 0.126873
 -0.167059 -0.055264 0.132000
 -0.175112 -0.041997 0.135565
 -0.184108 -0.030028 0.139957
 -0.194394 -0.018464 0.140963
 -0.205503 -0.008155 0.142130
 -0.217556 0.001117 0.144935
 -0.230530 0.009510 0.144620
 -0.244188 0.016764 0.142632
 -0.258519 0.022779 0.139745
 -0.273909 0.027532 0.137145
 -0.289016 0.030648 0.131207
 -0.303405 0.032028 0.122725
 -0.319256 0.031756 0.115738
 -0.333115 0.029406 0.105255
 -0.346630 0.025019 0.094227
 -0.357420 0.018632 0.080907
 -0.362897 0.010718 0.065299
 -0.366379 0.001504 0.050335
 -0.369273 -0.009319 0.036431
 -0.369867 -0.021220 0.023075
 -0.364796 -0.032345 0.010404
 -0.354678 -0.041983 -0.000439
 -0.349452 -0.054727 -0.009788
 -0.340758 -0.066248 -0.017457
 -0.329628 -0.076433 -0.023161
 -0.318975 -0.087202 -0.027447
 -0.309619 -0.099733 -0.030808
 -0.296284 -0.108230 -0.031367
 -0.286194 -0.121158 -0.031730
 -0.272013 -0.128199 -0.029011
 -0.257181 -0.133098 -0.024375
 -0.243081 -0.138065 -0.018528
 -0.228074 -0.138189 -0.010884
 -0.215077 -0.141047 -0.002510
 -0.202742 -0.142809 0.007136
 -0.191579 -0.146881 0.018496
 -0.180864 -0.145880 0.030866
 -0.171550 -0.140306 0.043247
 -0.146125 -0.133347 0.047245
 -0.141116 -0.129190 0.063320
 -0.137246 -0.121407 0.078528
 -0.135400 -0.111083 0.092641
 -0.135957 -0.097022 0.102920
 -0.137977 -0.083956 0.113791
 -0.141918 -0.070487 0.123383
 -0.148868 -0.055494 0.127240
 -0.156401 -0.042045 0.131854
 -0.164469 -0.029776 0.137809
 -0.174446 -0.017562 0.138447
 -0.184785 -0.006547 0.140434
 -0.195915 0.003617 0.142168
 -0.207758 0.013081 0.144542
 -0.220637 0.021924 0.148158
 -0.234370 0.029664 0.147003
 -0.248640 0.036244 0.143821
 -0.263497 0.041661 0.139896
 -0.278151 0.045519 0.133231
 -0.292512 0.047856 0.124955
 -0.307767 0.049048 0.117613
 -0.321248 0.048177 0.106985
 -0.335196 0.045811 0.096784
 -0.349141 0.041594 0.086083
 -0.358132 0.035258 0.071842
 -0.363819 0.027316 0.056800
 -0.369468 0.017911 0.042752
 -0.369859 0.007715 0.028192
 -0.367300 -0.002947 0.014604
 -0.368292 -0.015673 0.002381
 -0.362273 -0.027222 -0.008859
 -0.357521 -0.040028 -0.019015
 -0.353438 -0.054242 -0.028584
 -0.340315 -0.063674 -0.034547
 -0.327056 -0.072492 -0.038795
 -0.318162 -0.084904 -0.043457
 -0.308677 -0.097429 -0.046941
 -0.295155 -0.105801 -0.047127
 -0.284112 -0.117376 -0.047538
 -0.270901 -0.126132 -0.045479
 -0.255427 -0.130199 -0.040578
 -0.242800 -0.139318 -0.036229
 -0.227679 -0.141037 -0.028679
 -0.213051 -0.140548 -0.020010
 -0.199911 -0.141588 -0.010949
 -0.187760 -0.143526 -0.001014
 -0.176311 -0.144413 0.010121
 -0.164283 -0.142896 0.021913
 -0.155064 -0.140433 0.034468
 -0.121764 -0.082454 0.108264
 -0.125289 -0.068526 0.117828
 -0.131466 -0.053779 0.123484
 -0.139580 -0.039589 0.127125
 -0.147236 -0.026954 0.133656
 -0.156108 -0.014711 0.138781
 -0.166489 -0.003003 0.140649
 -0.176697 0.008050 0.146233
 -0.188788 0.018138 0.144944
 -0.200897 0.028001 0.148581
 -0.214127 0.036729 0.147975
 -0.227879 0.044080 0.144006
 -0.241979 0.050482 0.139620
 -0.257028 0.056591 0.137315
 -0.272184 0.061090 0.131971
 -0.286735 0.063709 0.123504
 -0.302164 0.065614 0.116175
 -0.315486 0.065050 0.104826
 -0.330696 0.063944 0.095744
 -0.342670 0.060221 0.083022
 -0.351593 0.054497 0.068615
 -0.360894 0.047547 0.055157
 -0.368776 0.038934 0.041366
 -0.370267 0.028925 0.026456
 -0.372843 0.017787 0.012719
 -0.368968 0.006521 -0.000438
 -0.367326 -0.005931 -0.012588
 -0.365787 -0.019498 -0.024221
 -0.356676 -0.031036 -0.033396
 -0.349111 -0.043464 -0.041897
 -0.338025 -0.054217 -0.047870
 -0.325096 -0.063472 -0.051751
 -0.316003 -0.075535 -0.056469
 -0.306584 -0.087877 -0.060258
 -0.293627 -0.096844 -0.060841
 -0.280941 -0.105926 -0.060528
 -0.269087 -0.116335 -0.059917
 -0.254160 -0.121364 -0.055542
 -0.241450 -0.130275 -0.052104
 -0.227781 -0.136852 -0.046579
 -0.214129 -0.142955 -0.039825
 -0.200311 -0.147090 -0.031420
 -0.186486 -0.145960 -0.021058
 -0.173795 -0.142095 -0.010022
 -0.159877 -0.143297 0.001543
 -0.115313 -0.052284 0.121323
 -0.122080 -0.037313 0.124202
 -0.130047 -0.023977 0.129051
 -0.138564 -0.011405 0.134692
 -0.147995 0.000672 0.139381
 -0.158045 0.012278 0.143943
 -0.169639 0.022999 0.144815
 -0.181912 0.032795 0.144092
 -0.194435 0.042099 0.144087
 -0.207696 0.050004 0.140727
 -0.221238 0.057660 0.138775
 -0.235241 0.064182 0.135008
 -0.249839 0.070366 0.131882
 -0.264854 0.075386 0.127189
 -0.279695 0.078681 0.119908
 -0.296078 0.082186 0.114813
 -0.310005 0.082124 0.103760
 -0.323010 0.080531 0.091784
 -0.337495 0.078626 0.081389
 -0.344836 0.072504 0.065461
 -0.353196 0.066152 0.051720
 -0.362305 0.058935 0.038588
 -0.366533 0.049633 0.024315
 -0.367322 0.039235 0.010374
 -0.370016 0.027945 -0.002881
 -0.369052 0.015886 -0.015568
 -0.370381 0.002414 -0.028397
 -0.367510 -0.011239 -0.040083
 -0.353321 -0.021405 -0.046863
 -0.345275 -0.033586 -0.054738
 -0.332657 -0.043420 -0.059316
 -0.320688 -0.053105 -0.062987
 -0.310806 -0.064047 -0.067027
 -0.300852 -0.075138 -0.070342
 -0.288317 -0.083772 -0.070824
 -0.276068 -0.092451 -0.070646
 -0.263297 -0.100206 -0.069088
 -0.251273 -0.109103 -0.067559
 -0.238610 -0.117000 -0.064551
 -0.225227 -0.123036 -0.059694
 -0.213116 -0.133739 -0.056246
 -0.200062 -0.143219 -0.050818
 -0.186054 -0.147633 -0.042208
 -0.172117 -0.150172 -0.032181
 -0.157057 -0.145723 -0.021152
 -0.114584 -0.018192 0.125971
 -0.123993 -0.005580 0.127983
 -0.134007 0.006554 0.131300
 -0.142366 0.018809 0.139446
 -0.154461 0.029505 0.139144
 -0.166446 0.039682 0.139503
 -0.178803 0.049253 0.139438
 -0.191868 0.057688 0.137193
 -0.205041 0.066157 0.136354
 -0.218814 0.074000 0.134716
 -0.233174 0.080963 0.131769
 -0.247861 0.086437 0.126456
 -0.262841 0.091073 0.120424
 -0.278522 0.095442 0.114739
 -0.293820 0.097735 0.106331
 -0.309438 0.099124 0.097466
 -0.323825 0.098166 0.086173
 -0.336584 0.095045 0.073174
 -0.345455 0.088971 0.057951
 -0.352861 0.081710 0.043178
 -0.359251 0.073711 0.028772
 -0.361952 0.063986 0.014414
 -0.365168 0.053765 0.000806
 -0.362031 0.042348 -0.011897
 -0.366430 0.030465 -0.025210
 -0.364627 0.017762 -0.037325
 -0.363175 0.004230 -0.049407
 -0.355114 -0.008357 -0.058365
 -0.344081 -0.019795 -0.064789
 -0.333113 -0.030812 -0.070102
 -0.319605 -0.039961 -0.072533
 -0.312440 -0.052742 -0.078926
 -0.301690 -0.063298 -0.081946
 -0.289631 -0.072586 -0.083027
 -0.276379 -0.080205 -0.081984
 -0.265026 -0.089911 -0.082406
 -0.251798 -0.096812 -0.079776
 -0.240517 -0.107423 -0.079517
 -0.227211 -0.114214 -0.075566
 -0.213795 -0.120522 -0.070678
 -0.200638 -0.128467 -0.066039
 -0.187070 -0.136419 -0.060357
 -0.173065 -0.144930 -0.053691
 -0.110450 0.000635 0.120653
 -0.120553 0.012408 0.122872
 -0.128933 0.024641 0.129745
 -0.138781 0.036409 0.134655
 -0.150340 0.047107 0.136366
 -0.162675 0.056939 0.136447
 -0.175597 0.065854 0.135048
 -0.188553 0.074763 0.134376
 -0.202021 0.083179 0.133037
 -0.216028 0.091357 0.131486
 -0.230621 0.097366 0.126309
 -0.245551 0.103143 0.121207
 -0.260538 0.107235 0.113915
 -0.275792 0.110812 0.106363
 -0.290976 0.113077 0.097505
 -0.307227 0.115551 0.089230
 -0.322410 0.115325 0.078220
 -0.335363 0.112064 0.064732
 -0.346220 0.106623 0.050119
 -0.352041 0.097811 0.034130
 -0.361645 0.090692 0.019918
 -0.362498 0.079428 0.004851
 -0.364928 0.068652 -0.009148
 -0.362165 0.056532 -0.021907
 -0.365027 0.044812 -0.035426
 -0.361755 0.032064 -0.047116
 -0.354056 0.019476 -0.056323
 -0.347655 0.006906 -0.065383
 -0.341676 -0.005890 -0.074277
 -0.333753 -0.018280 -0.081511
 -0.319357 -0.027616 -0.082858
 -0.310772 -0.039288 -0.088240
 -0.303891 -0.052503 -0.095222
 -0.291314 -0.061692 -0.095895
 -0.279312 -0.071004 -0.096509
 -0.267716 -0.080694 -0.097185
 -0.255181 -0.089195 -0.096072
 -0.241861 -0.096197 -0.093048
 -0.229631 -0.105609 -0.091865
 -0.215424 -0.109861 -0.085610
 -0.202296 -0.117729 -0.081942
 -0.188393 -0.121688 -0.074805
 -0.174403 -0.128276 -0.068725
 -0.108743 0.021017 0.116170
 -0.119227 0.032194 0.118779
 -0.129438 0.043484 0.122392
 -0.139287 0.055107 0.127110
 -0.150849 0.065592 0.128930
 -0.162826 0.075835 0.130336
 -0.176105 0.084447 0.128633
 -0.189306 0.093504 0.127918
 -0.203229 0.101584 0.125542
 -0.217816 0.107458 0.119912
 -0.232497 0.112954 0.114017
 -0.247480 0.118688 0.108528
 -0.262596 0.122772 0.101051
 -0.277751 0.125797 0.092486
 -0.293272 0.128505 0.083614
 -0.308019 0.128785 0.072529
 -0.320955 0.126083 0.059301
 -0.334962 0.124075 0.046724
 -0.343318 0.116376 0.031224
 -0.352022 0.109029 0.016475
 -0.358786 0.100092 0.001542
 -0.359979 0.088259 -0.012901
 -0.358351 0.075700 -0.026002
 -0.358791 0.063868 -0.039060
 -0.360622 0.051756 -0.052854
 -0.352172 0.038346 -0.061684
 -0.343631 0.025630 -0.069394
 -0.338419 0.012930 -0.078735
 -0.335634 -0.000647 -0.090115
 -0.324574 -0.012277 -0.094406
 -0.311819 -0.022533 -0.096096
 -0.302473 -0.033904 -0.100675
 -0.293150 -0.045391 -0.105136
 -0.281106 -0.054789 -0.105754
 -0.270443 -0.065353 -0.108069
 -0.259796 -0.076457 -0.110632
 -0.246218 -0.083670 -0.107627
 -0.232201 -0.089293 -0.102734
 -0.219326 -0.097076 -0.100237
 -0.206068 -0.104353 -0.096802
 -0.192618 -0.112643 -0.093810
 -0.178473 -0.115916 -0.085910
 -0.163252 -0.123164 -0.080826
 -0.100173 0.031714 0.109274
 -0.111534 0.042115 0.109382
 -0.123026 0.052555 0.111122
 -0.133571 0.063473 0.114133
 -0.143969 0.074839 0.117740
 -0.155138 0.086021 0.120526
 -0.167910 0.095558 0.120273
 -0.181439 0.104071 0.118318
 -0.195560 0.111370 0.114597
 -0.210337 0.115484 0.106968
 -0.224685 0.120942 0.101114
 -0.239260 0.127420 0.096157
 -0.254026 0.131726 0.088741
 -0.268934 0.135392 0.080535
 -0.284204 0.138830 0.071794
 -0.297808 0.137820 0.059691
 -0.310725 0.135785 0.047058
 -0.322859 0.132582 0.033825
 -0.334144 0.128108 0.019938
 -0.345267 0.122866 0.005366
 -0.352016 0.113633 -0.009889
 -0.352628 0.100740 -0.024039
 -0.348982 0.086628 -0.036023
 -0.350428 0.075138 -0.049368
 -0.348633 0.062430 -0.061373
 -0.343441 0.049156 -0.071222
 -0.336597 0.036090 -0.079510
 -0.334506 0.023016 -0.091669
 -0.328608 0.009794 -0.100893
 -0.318962 -0.002632 -0.106233
 -0.304348 -0.012699 -0.105040
 -0.292206 -0.022611 -0.105692
 -0.283566 -0.034135 -0.110893
 -0.273408 -0.044858 -0.114013
 -0.263581 -0.056276 -0.118139
 -0.251247 -0.065254 -0.117648
 -0.238893 -0.074248 -0.117154
 -0.225337 -0.080958 -0.113272
 -0.212392 -0.089322 -0.111632
 -0.199012 -0.097967 -0.109937
 -0.184810 -0.103844 -0.104647
 -0.169775 -0.108171 -0.097466
 -0.104028 0.052408 0.100291
 -0.117258 0.061114 0.099675
 -0.127021 0.072442 0.103480
 -0.136766 0.084343 0.107573
 -0.147252 0.096319 0.111001
 -0.159547 0.106641 0.111534
 -0.173427 0.114475 0.108599
 -0.187833 0.120754 0.103733
 -0.202252 0.126350 0.098037
 -0.216519 0.132589 0.092730
 -0.231007 0.137210 0.085654
 -0.245625 0.142471 0.078722
 -0.259878 0.144139 0.068836
 -0.274064 0.146083 0.058913
 -0.288093 0.147307 0.048171
 -0.300092 0.144222 0.035236
 -0.310953 0.139992 0.021943
 -0.323939 0.138665 0.008688
 -0.335379 0.134456 -0.006121
 -0.342881 0.125874 -0.021503
 -0.340578 0.110247 -0.034026
 -0.339791 0.097215 -0.046151
 -0.339996 0.085260 -0.058728
 -0.338477 0.072680 -0.070544
 -0.335264 0.059685 -0.081380
 -0.330783 0.046560 -0.091369
 -0.325880 0.033442 -0.101247
 -0.317999 0.020471 -0.108084
 -0.308343 0.008154 -0.112581
 -0.294847 -0.002364 -0.111154
 -0.284228 -0.012883 -0.113089
 -0.274710 -0.023642 -0.116767
 -0.264676 -0.034108 -0.119829
 -0.254742 -0.045003 -0.123829
 -0.243263 -0.054661 -0.124965
 -0.231478 -0.064437 -0.126257
 -0.218059 -0.071228 -0.122306
 -0.205135 -0.080086 -0.121898
 -0.191377 -0.087452 -0.119027
 -0.177255 -0.091774 -0.112019
 -0.161663 -0.097010 -0.105468
 -0.100002 0.064010 0.089950
 -0.112531 0.073053 0.090681
 -0.123704 0.083260 0.092604
 -0.134143 0.094447 0.095200
 -0.144593 0.106409 0.097901
 -0.156692 0.116881 0.098170
 -0.169745 0.126362 0.096729
 -0.183103 0.136146 0.094809
 -0.198041 0.141496 0.088501
 -0.212967 0.145599 0.080923
 -0.227642 0.149853 0.073107
 -0.242162 0.152626 0.063960
 -0.256025 0.152383 0.052941
 -0.269524 0.153007 0.042132
 -0.283263 0.154932 0.031166
 -0.293992 0.149624 0.017799
 -0.304879 0.146220 0.004608
 -0.315836 0.143119 -0.009535
 -0.326806 0.139438 -0.025009
 -0.330025 0.126991 -0.038939
 -0.330349 0.113310 -0.051357
 -0.328879 0.099601 -0.062553
 -0.327720 0.087020 -0.074148
 -0.326843 0.074874 -0.086633
 -0.321908 0.061331 -0.095773
 -0.314732 0.047805 -0.102553
 -0.306021 0.034818 -0.107304
 -0.300386 0.022438 -0.116465
 -0.290485 0.010542 -0.119604
 -0.278761 -0.000179 -0.119254
 -0.269848 -0.011274 -0.124100
 -0.258903 -0.021205 -0.125079
 -0.249622 -0.032416 -0.131007
 -0.237917 -0.041777 -0.131501
 -0.225548 -0.050279 -0.130458
 -0.213017 -0.058830 -0.130039
 -0.199787 -0.066253 -0.127610
 -0.186132 -0.072439 -0.123294
 -0.172263 -0.077832 -0.118108
 -0.156263 -0.084896 -0.115510
 -0.100523 0.075801 0.077771
 -0.114267 0.084003 0.077899
 -0.126163 0.093269 0.078724
 -0.136646 0.104286 0.080598
 -0.146498 0.117159 0.083202
 -0.158500 0.127855 0.082900
 -0.169856 0.141563 0.083812
 -0.184141 0.149769 0.079569
 -0.200135 0.150991 0.070236
 -0.214911 0.154709 0.062150
 -0.229442 0.156196 0.052502
 -0.243251 0.155121 0.041533
 -0.256257 0.154621 0.030633
 -0.269119 0.156210 0.019741
 -0.280762 0.154297 0.007420
 -0.292344 0.153324 -0.005722
 -0.304011 0.152406 -0.020458
 -0.312614 0.145929 -0.035728
 -0.315342 0.132415 -0.048679
 -0.318299 0.121066 -0.062294
 -0.317328 0.107063 -0.073386
 -0.314374 0.092885 -0.082997
 -0.312534 0.080420 -0.094522
 -0.307238 0.066708 -0.102633
 -0.300302 0.053214 -0.108904
 -0.293435 0.040486 -0.115719
 -0.285051 0.028107 -0.120493
 -0.276129 0.016300 -0.124688
 -0.266041 0.005187 -0.126820
 -0.256125 -0.005522 -0.129884
 -0.245451 -0.015632 -0.131737
 -0.234820 -0.025838 -0.135250
 -0.222926 -0.035003 -0.135782
 -0.210729 -0.044410 -0.137813
 -0.197430 -0.052015 -0.135518
 -0.183773 -0.057390 -0.128937
 -0.170140 -0.062398 -0.122925
 -0.153938 -0.069856 -0.122423
 -0.103932 0.085326 0.064042
 -0.118107 0.092569 0.063717
 -0.128881 0.102575 0.065073
 -0.138360 0.114837 0.067192
 -0.150467 0.124011 0.066129
 -0.160482 0.138096 0.067140
 -0.172547 0.149919 0.065486
 -0.187230 0.155295 0.059066
 -0.202371 0.157369 0.050490
 -0.216976 0.157745 0.040844
 -0.230583 0.161080 0.031740
 -0.243652 0.159315 0.020634
 -0.256267 0.161709 0.009727
 -0.268055 0.161055 -0.002593
 -0.278595 0.157882 -0.015829
 -0.290087 0.158682 -0.031054
 -0.297183 0.149907 -0.045452
 -0.300056 0.136189 -0.057453
 -0.304329 0.126869 -0.072106
 -0.304621 0.113769 -0.083946
 -0.300958 0.098353 -0.091834
 -0.299645 0.086415 -0.104211
 -0.294193 0.072360 -0.111544
 -0.287388 0.058713 -0.117392
 -0.279384 0.045671 -0.121878
 -0.271549 0.033357 -0.127320
 -0.263025 0.021658 -0.132450
 -0.253342 0.010454 -0.135749
 -0.242247 0.000138 -0.135514
 -0.231005 -0.009469 -0.135501
 -0.219597 -0.018683 -0.136482
 -0.207578 -0.027326 -0.136847
 -0.194954 -0.035736 -0.137815
 -0.181751 -0.041685 -0.132035
 -0.168314 -0.047453 -0.127830
 -0.152135 -0.053832 -0.125564
 -0.094399 0.090488 0.050980
 -0.112689 0.094445 0.049683
 -0.124362 0.103263 0.050492
 -0.133214 0.115908 0.052584
 -0.145137 0.125008 0.051555
 -0.156223 0.136056 0.050433
 -0.166865 0.149653 0.049136
 -0.180400 0.157454 0.043848
 -0.195524 0.158801 0.035361
 -0.209713 0.160192 0.026334
 -0.222995 0.162949 0.016860
 -0.235753 0.161880 0.005995
 -0.247753 0.163495 -0.005575
 -0.258810 0.162026 -0.018311
 -0.269409 0.161693 -0.032665
 -0.278264 0.157061 -0.047620
 -0.284786 0.148697 -0.062245
 -0.288227 0.136586 -0.075132
 -0.289150 0.123035 -0.086511
 -0.287647 0.108575 -0.096003
 -0.285513 0.095508 -0.106399
 -0.281079 0.081636 -0.114377
 -0.274609 0.067594 -0.119671
 -0.267476 0.054719 -0.125211
 -0.259949 0.042350 -0.130890
 -0.251254 0.030565 -0.135444
 -0.241959 0.019354 -0.140350
 -0.230998 0.008787 -0.140508
 -0.219689 -0.000992 -0.141087
 -0.207687 -0.009810 -0.139531
 -0.195287 -0.017948 -0.138466
 -0.182251 -0.025606 -0.138264
 -0.168669 -0.032121 -0.135652
 -0.153726 -0.038347 -0.133728
 -0.103681 0.097161 0.036323
 -0.118622 0.105511 0.037020
 -0.129140 0.115744 0.037916
 -0.139920 0.125949 0.037486
 -0.152630 0.133263 0.034755
 -0.162231 0.147005 0.032969
 -0.175082 0.154672 0.027769
 -0.188896 0.158660 0.020425
 -0.202332 0.161597 0.011858
 -0.215194 0.163710 0.002131
 -0.227332 0.166063 -0.008835
 -0.238768 0.165605 -0.021021
 -0.249284 0.164930 -0.034625
 -0.258844 0.163219 -0.049758
 -0.266312 0.156487 -0.064556
 -0.270977 0.145007 -0.077518
 -0.273662 0.133101 -0.090193
 -0.273645 0.119122 -0.100608
 -0.270958 0.103813 -0.108074
 -0.266934 0.089567 -0.115166
 -0.262358 0.076921 -0.123876
 -0.255401 0.063507 -0.128426
 -0.247276 0.050641 -0.131103
 -0.239240 0.039338 -0.137844
 -0.229643 0.028193 -0.141264
 -0.219050 0.017767 -0.143589
 -0.207803 0.007957 -0.147294
 -0.195536 -0.000681 -0.142594
 -0.182890 -0.008450 -0.140902
 -0.169739 -0.015208 -0.138176
 -0.155401 -0.021415 -0.137888
 -0.139470 -0.026976 -0.137478
 -0.100355 0.103531 0.023054
 -0.115872 0.109693 0.023590
 -0.127339 0.118667 0.023878
 -0.139598 0.126567 0.022457
 -0.151018 0.135758 0.020018
 -0.161670 0.146979 0.016442
 -0.173390 0.156503 0.010783
 -0.187404 0.158265 0.002655
 -0.200309 0.160688 -0.006508
 -0.211880 0.165732 -0.017298
 -0.223019 0.170224 -0.030178
 -0.233632 0.168919 -0.044029
 -0.243040 0.166439 -0.059380
 -0.250066 0.156521 -0.072816
 -0.254827 0.145379 -0.085744
 -0.257818 0.134958 -0.099739
 -0.256960 0.118417 -0.107085
 -0.254602 0.103812 -0.115053
 -0.250685 0.090200 -0.122968
 -0.245145 0.076923 -0.129845
 -0.237667 0.063254 -0.132865
 -0.229393 0.051140 -0.137088
 -0.220079 0.039934 -0.141298
 -0.209773 0.029794 -0.147708
 -0.198167 0.019827 -0.147994
 -0.185916 0.010933 -0.144683
 -0.172550 0.003138 -0.145864
 -0.158982 -0.003398 -0.142180
 -0.144971 -0.008623 -0.137714
 -0.128816 -0.012740 -0.137580
 -0.101102 0.107819 0.007960
 -0.117436 0.114436 0.009719
 -0.129445 0.123214 0.009402
 -0.142724 0.129766 0.007145
 -0.154680 0.137921 0.003463
 -0.164917 0.149716 -0.001881
 -0.177275 0.156166 -0.009583
 -0.189952 0.159609 -0.018886
 -0.201370 0.164115 -0.030398
 -0.211997 0.168125 -0.044328
 -0.222103 0.164475 -0.058229
 -0.230338 0.157599 -0.072221
 -0.236309 0.148368 -0.085954
 -0.240160 0.139936 -0.101461
 -0.240861 0.124398 -0.110659
 -0.238943 0.108690 -0.117876
 -0.235250 0.094944 -0.126219
 -0.229301 0.080151 -0.130319
 -0.221936 0.067120 -0.135181
 -0.213071 0.054640 -0.137829
 -0.202965 0.043659 -0.141375
 -0.191555 0.033700 -0.144318
 -0.178805 0.024875 -0.146753
 -0.165151 0.017008 -0.146510
 -0.151825 0.010330 -0.140423
 -0.137002 0.005151 -0.135041
 -0.103795 0.111598 -0.005360
 -0.118929 0.119534 -0.004571
 -0.133384 0.125119 -0.005584
 -0.146435 0.131691 -0.008565
 -0.156547 0.143054 -0.013846
 -0.167059 0.153665 -0.021793
 -0.178750 0.160203 -0.031908
 -0.189572 0.166465 -0.044956
 -0.200564 0.165857 -0.058839
 -0.210479 0.157457 -0.071307
 -0.217596 0.148828 -0.084628
 -0.222057 0.138019 -0.097288
 -0.223759 0.125189 -0.108387
 -0.222667 0.110010 -0.115960
 -0.219149 0.097162 -0.125297
 -0.213338 0.083320 -0.131153
 -0.205589 0.069959 -0.134753
 -0.196191 0.057773 -0.137021
 -0.185335 0.046996 -0.138357
 -0.172753 0.038180 -0.140705
 -0.159644 0.030089 -0.138773
 -0.146072 0.023708 -0.134521
 -0.130724 0.019483 -0.131480
 -0.092336 0.111386 -0.024462
 -0.106367 0.117632 -0.020661
 -0.122735 0.121705 -0.019350
 -0.136522 0.127969 -0.021110
 -0.148154 0.136740 -0.025631
 -0.157679 0.148486 -0.033780
 -0.167726 0.158445 -0.045188
 -0.178416 0.163392 -0.058926
 -0.189702 0.158318 -0.071478
 -0.199057 0.146696 -0.081998
 -0.205164 0.133307 -0.091450
 -0.207553 0.121357 -0.101731
 -0.206836 0.110004 -0.112654
 -0.203154 0.098643 -0.123425
 -0.197044 0.085687 -0.130302
 -0.188503 0.073583 -0.135669
 -0.178596 0.061146 -0.135344
 -0.166956 0.051147 -0.134863
 -0.154307 0.042909 -0.132253
 -0.140211 0.037128 -0.129713
 -0.124025 0.034401 -0.128079
 -0.100434 0.113388 -0.038475
 -0.113442 0.122299 -0.035606
 -0.128049 0.129136 -0.036073
 -0.140677 0.137636 -0.040759
 -0.152565 0.145403 -0.049362
 -0.163633 0.150877 -0.061445
 -0.174459 0.150057 -0.074900
 -0.185406 0.135883 -0.082890
 -0.191075 0.124085 -0.092755
 -0.192057 0.113964 -0.104798
 -0.189082 0.103939 -0.117427
 -0.182941 0.091976 -0.126555
 -0.173783 0.080027 -0.132559
 -0.163214 0.067617 -0.131753
 -0.151171 0.057633 -0.128025
 -0.137396 0.051153 -0.124340
 -0.120126 0.049861 -0.123562
 -0.097189 0.103369 -0.059409
 -0.105755 0.114469 -0.053606
 -0.116992 0.125238 -0.052048
 -0.130783 0.132360 -0.054236
 -0.144762 0.136176 -0.060235
 -0.156922 0.137344 -0.069943
 -0.167575 0.132347 -0.080397
 -0.174619 0.123316 -0.090849
 -0.176329 0.114336 -0.102941
 -0.174023 0.102710 -0.112386
 -0.166797 0.092255 -0.121487
 -0.156451 0.081646 -0.126006
 -0.145815 0.070437 -0.121609
 -0.131755 0.065179 -0.119008
 -0.115793 0.065380 -0.116006
 -0.103835 0.071258 -0.110075
 -0.103963 0.087893 -0.098584
 -0.101735 0.098847 -0.084627
 -0.108257 0.105736 -0.070734
 -0.117056 0.120003 -0.067911
 -0.133314 0.125231 -0.069049
 -0.147847 0.125955 -0.076904
 -0.157300 0.122022 -0.089474
 -0.161318 0.110536 -0.100276
 -0.156967 0.098438 -0.109965
 -0.146481 0.086955 -0.114128
 -0.132959 0.078675 -0.111062
 -0.116782 0.079088 -0.106147
 -0.118177 0.094982 -0.094268
 -0.120109 0.104595 -0.081604
 -0.133075 0.113496 -0.080102
 -0.144571 0.112599 -0.090591
 -0.144407 0.101058 -0.101076
 -0.132463 0.091048 -0.101671
 -0.132625 0.102418 -0.091098
 0.089139 -0.121586 0.133569
 0.106832 -0.116907 0.134136
 0.094468 -0.107527 0.144938
 0.076703 -0.111551 0.143515
 0.071263 -0.124870 0.131245
 0.083339 -0.132172 0.118828
 0.101005 -0.128678 0.120681
 0.124360 -0.110868 0.132997
 0.115036 -0.096414 0.141781
 0.099109 -0.089358 0.149316
 0.080449 -0.089359 0.150252
 0.064004 -0.096873 0.145533
 0.053974 -0.110917 0.137854
 0.053152 -0.125199 0.125224
 0.061749 -0.134982 0.111445
 0.077355 -0.140792 0.103401
 0.095786 -0.140588 0.101829
 0.112405 -0.134392 0.107257
 0.122918 -0.123416 0.118333
 0.141950 -0.103944 0.130807
 0.134412 -0.089384 0.138990
 0.121961 -0.078080 0.145222
 0.106175 -0.070901 0.148746
 0.088921 -0.068554 0.149892
 0.071863 -0.072429 0.152349
 0.056261 -0.080846 0.151956
 0.043778 -0.092198 0.146264
 0.035789 -0.107107 0.139642
 0.033647 -0.120937 0.127808
 0.037616 -0.134138 0.116077
 0.047136 -0.142354 0.102993
 0.060880 -0.148030 0.093456
 0.077344 -0.151400 0.088329
 0.094727 -0.150754 0.086800
 0.111559 -0.147179 0.089831
 0.125583 -0.137732 0.094928
 0.136590 -0.128393 0.105311
 0.142718 -0.117803 0.118914
 0.160146 -0.097174 0.129018
 0.153258 -0.083305 0.140789
 0.141311 -0.070744 0.149524
 0.125999 -0.061596 0.156964
 0.108049 -0.054146 0.155519
 0.089804 -0.051925 0.155584
 0.071857 -0.054348 0.156242
 0.054744 -0.061311 0.157721
 0.039321 -0.071958 0.156745
 0.026937 -0.084469 0.149446
 0.018092 -0.100605 0.143248
 0.014067 -0.117966 0.134589
 0.015958 -0.130495 0.118562
 0.022846 -0.143602 0.106159
 0.034293 -0.150076 0.091763
 0.049058 -0.155975 0.081779
 0.066513 -0.164123 0.077754
 0.084097 -0.161101 0.072166
 0.101957 -0.157987 0.071499
 0.118171 -0.148984 0.072606
 0.133015 -0.139646 0.077701
 0.147027 -0.134239 0.089373
 0.157474 -0.126263 0.104053
 0.160973 -0.110375 0.114846
 0.179106 -0.090031 0.127046
 0.172692 -0.076138 0.139542
 0.161475 -0.062623 0.148530
 0.147199 -0.051813 0.156683
 0.130119 -0.042500 0.157936
 0.112199 -0.036651 0.157125
 0.094301 -0.035021 0.160945
 0.076455 -0.035801 0.159234
 0.059050 -0.040274 0.161137
 0.042838 -0.046950 0.156892
 0.027672 -0.057181 0.155469
 0.014439 -0.070011 0.151866
 0.003396 -0.086310 0.149436
 -0.004342 -0.105791 0.146168
 -0.006449 -0.120752 0.131379
 -0.003654 -0.131735 0.113147
 0.003002 -0.144093 0.099708
 0.013590 -0.155757 0.088450
 0.027444 -0.163719 0.077620
 0.043797 -0.173393 0.070804
 0.061436 -0.177035 0.064232
 0.078362 -0.169522 0.056929
 0.096004 -0.166850 0.055230
 0.113149 -0.162148 0.056184
 0.127647 -0.148909 0.057060
 0.142826 -0.142100 0.063471
 0.157892 -0.138418 0.074758
 0.171397 -0.134623 0.090290
 0.178505 -0.120704 0.102496
 0.180790 -0.104559 0.113991
 0.199528 -0.083101 0.125848
 0.192058 -0.066847 0.136267
 0.180894 -0.052718 0.146047
 0.166707 -0.040872 0.155024
 0.149732 -0.030677 0.159016
 0.131465 -0.023115 0.159012
 0.113132 -0.018795 0.160265
 0.094853 -0.017269 0.162379
 0.076833 -0.018135 0.161248
 0.059136 -0.021669 0.163070
 0.042430 -0.027497 0.159187
 0.026640 -0.035693 0.155014
 0.011328 -0.046804 0.154692
 -0.001660 -0.059497 0.147975
 -0.013861 -0.076125 0.147323
 -0.022964 -0.095028 0.143566
 -0.027157 -0.112446 0.131976
 -0.026646 -0.127931 0.117226
 -0.021459 -0.140103 0.100754
 -0.012505 -0.151217 0.086496
 -0.000344 -0.163657 0.075809
 0.014740 -0.174171 0.066091
 0.031803 -0.181398 0.057390
 0.049659 -0.182239 0.049113
 0.067523 -0.179389 0.042851
 0.084860 -0.173272 0.038741
 0.103069 -0.172818 0.038893
 0.119706 -0.165544 0.039933
 0.134285 -0.152488 0.042046
 0.149741 -0.145232 0.047752
 0.166127 -0.142660 0.058111
 0.181086 -0.138198 0.071254
 0.192956 -0.129687 0.085959
 0.198548 -0.112916 0.097619
 0.201232 -0.097975 0.111553
 0.220359 -0.073965 0.122120
 0.212124 -0.056503 0.131743
 0.201047 -0.042108 0.142671
 0.186858 -0.029580 0.152786
 0.169918 -0.018696 0.159448
 0.151216 -0.009981 0.160867
 0.132250 -0.004048 0.160676
 0.113638 -0.000503 0.164552
 0.095094 0.000846 0.165766
 0.077155 -0.000349 0.161758
 0.059500 -0.003245 0.162433
 0.042318 -0.008255 0.162043
 0.026574 -0.015588 0.154739
 0.010256 -0.024696 0.155531
 -0.004556 -0.035988 0.151379
 -0.018460 -0.049478 0.147659
 -0.031546 -0.065817 0.146223
 -0.041179 -0.083344 0.138787
 -0.047243 -0.101350 0.128416
 -0.049755 -0.120483 0.118253
 -0.046550 -0.135278 0.102316
 -0.039636 -0.150260 0.088794
 -0.028556 -0.161866 0.074751
 -0.014455 -0.171707 0.062199
 0.001839 -0.181238 0.051747
 0.019692 -0.188449 0.042721
 0.038040 -0.188289 0.034001
 0.056596 -0.188751 0.028066
 0.074320 -0.183077 0.023455
 0.091790 -0.178084 0.021332
 0.109386 -0.174911 0.021622
 0.124627 -0.162995 0.022670
 0.139752 -0.152841 0.026043
 0.156680 -0.149682 0.032230
 0.173306 -0.145847 0.040953
 0.190481 -0.143941 0.053242
 0.204684 -0.136275 0.066861
 0.216135 -0.125760 0.082264
 0.219999 -0.105605 0.093253
 0.222971 -0.090738 0.108687
 0.240878 -0.061962 0.114806
 0.232270 -0.044276 0.124378
 0.221979 -0.030442 0.138100
 0.207824 -0.017459 0.149880
 0.190014 -0.005638 0.155372
 0.171603 0.003753 0.162627
 0.151744 0.010696 0.161862
 0.132551 0.015639 0.164859
 0.113568 0.018527 0.166399
 0.095002 0.019553 0.167208
 0.077013 0.018421 0.166090
 0.059413 0.015796 0.165442
 0.042476 0.011078 0.162812
 0.026226 0.004528 0.158604
 0.010449 -0.003622 0.154275
 -0.005849 -0.013084 0.154228
 -0.020750 -0.024800 0.149640
 -0.035672 -0.038530 0.147587
 -0.048582 -0.054175 0.141628
 -0.059870 -0.071794 0.135409
 -0.068350 -0.090901 0.127412
 -0.073157 -0.110886 0.117664
 -0.072646 -0.129036 0.103788
 -0.066552 -0.142588 0.086558
 -0.056622 -0.153890 0.070642
 -0.044031 -0.166767 0.058158
 -0.028395 -0.176026 0.045831
 -0.011024 -0.185102 0.035380
 0.007505 -0.189425 0.025732
 0.026346 -0.191236 0.017705
 0.044943 -0.189887 0.011376
 0.063011 -0.186404 0.006908
 0.080335 -0.180702 0.004228
 0.097218 -0.175052 0.003348
 0.113901 -0.169919 0.004062
 0.129308 -0.160771 0.006165
 0.144618 -0.152257 0.009919
 0.160992 -0.147378 0.015246
 0.179014 -0.146667 0.023101
 0.197191 -0.145350 0.033499
 0.214784 -0.142217 0.046658
 0.231234 -0.137107 0.062897
 0.240812 -0.121282 0.077701
 0.244515 -0.100362 0.090321
 0.245196 -0.081144 0.103507
 0.262005 -0.048682 0.106159
 0.254127 -0.031644 0.118536
 0.243359 -0.017009 0.133180
 0.227775 -0.003007 0.144032
 0.210316 0.009232 0.155852
 0.189641 0.019321 0.158815
 0.168463 0.026348 0.157286
 0.148367 0.031769 0.159643
 0.128685 0.035098 0.160257
 0.109585 0.037617 0.163856
 0.090825 0.038690 0.167153
 0.072917 0.036614 0.164237
 0.055281 0.033993 0.164010
 0.038230 0.029362 0.162178
 0.021351 0.023487 0.160640
 0.005333 0.015353 0.155874
 -0.011704 0.006856 0.156153
 -0.027511 -0.004383 0.151908
 -0.043052 -0.017271 0.147565
 -0.057678 -0.032084 0.141688
 -0.071069 -0.048682 0.134591
 -0.082892 -0.067043 0.126992
 -0.092669 -0.087469 0.119596
 -0.096022 -0.105866 0.104360
 -0.096284 -0.125387 0.091532
 -0.090630 -0.141604 0.075845
 -0.081094 -0.157620 0.061976
 -0.067074 -0.169745 0.047569
 -0.049674 -0.175784 0.033164
 -0.031075 -0.181237 0.021296
 -0.011833 -0.187634 0.011610
 0.007820 -0.192421 0.003342
 0.027266 -0.192016 -0.003571
 0.045935 -0.188114 -0.008585
 0.063877 -0.183455 -0.011871
 0.081637 -0.180827 -0.013771
 0.099764 -0.181131 -0.014569
 0.115842 -0.172872 -0.013370
 0.131458 -0.164159 -0.010905
 0.147591 -0.157826 -0.007342
 0.163963 -0.151960 -0.002474
 0.181102 -0.147479 0.003878
 0.198795 -0.143307 0.012073
 0.217256 -0.139753 0.022618
 0.236735 -0.137214 0.036386
 0.252646 -0.127918 0.052081
 0.264227 -0.113209 0.068735
 0.271383 -0.095521 0.085843
 0.270334 -0.072559 0.098802
 0.290218 -0.038902 0.104255
 0.279923 -0.019005 0.116821
 0.268195 -0.002437 0.133868
 0.249384 0.013396 0.143102
 0.227208 0.026145 0.146424
 0.205529 0.036451 0.152212
 0.182356 0.042450 0.148346
 0.161362 0.048405 0.152686
 0.140732 0.052031 0.154101
 0.120879 0.053869 0.154377
 0.101689 0.055331 0.156982
 0.083097 0.054977 0.157845
 0.065071 0.053077 0.157704
 0.047625 0.049479 0.156180
 0.030504 0.044663 0.154491
 0.013439 0.038796 0.153196
 -0.002989 0.030774 0.149399
 -0.021257 0.023533 0.151729
 -0.038921 0.013208 0.151022
 -0.054300 -0.000448 0.142979
 -0.069668 -0.015370 0.135469
 -0.084189 -0.031885 0.126908
 -0.099506 -0.050125 0.121827
 -0.112451 -0.071029 0.115553
 -0.120671 -0.092550 0.103979
 -0.123290 -0.112386 0.087847
 -0.118794 -0.129340 0.069688
 -0.108691 -0.142430 0.051731
 -0.096360 -0.158225 0.038642
 -0.080213 -0.172096 0.025535
 -0.061579 -0.185875 0.013429
 -0.039858 -0.184879 0.001104
 -0.018909 -0.189761 -0.008460
 0.001931 -0.192817 -0.016458
 0.022387 -0.195143 -0.023120
 0.041766 -0.191044 -0.027354
 0.060592 -0.188634 -0.030516
 0.077940 -0.180687 -0.031512
 0.095908 -0.179215 -0.032390
 0.112993 -0.174483 -0.031608
 0.128860 -0.165875 -0.029070
 0.145640 -0.160823 -0.026099
 0.161565 -0.152728 -0.021563
 0.178004 -0.145501 -0.016054
 0.196057 -0.141069 -0.009525
 0.217703 -0.142451 -0.001425
 0.237226 -0.137115 0.009392
 0.253957 -0.125712 0.022292
 0.270216 -0.113765 0.037487
 0.286779 -0.103050 0.056279
 0.296099 -0.085148 0.075251
 0.294811 -0.060403 0.089591
 0.324023 -0.028089 0.103068
 0.309548 -0.004384 0.116076
 0.291374 0.015569 0.127209
 0.269701 0.032004 0.135765
 0.243500 0.043433 0.134469
 0.219566 0.052409 0.137265
 0.195948 0.058466 0.137825
 0.173638 0.063173 0.139483
 0.152513 0.067707 0.143687
 0.132053 0.069340 0.143905
 0.112474 0.071054 0.146375
 0.093585 0.071276 0.147690
 0.075519 0.069359 0.146620
 0.057881 0.066864 0.146166
 0.040763 0.062896 0.144598
 0.023988 0.057699 0.142404
 0.007301 0.051506 0.140106
 -0.009831 0.044803 0.138915
 -0.028102 0.037955 0.140022
 -0.046837 0.029272 0.140734
 -0.063237 0.016179 0.133915
 -0.080305 0.002029 0.128082
 -0.097792 -0.013612 0.123827
 -0.127699 -0.145679 0.029632
 -0.109281 -0.156642 0.014906
 -0.091139 -0.171844 0.002349
 -0.069367 -0.179182 -0.009834
 -0.046864 -0.183155 -0.020240
 -0.024745 -0.187354 -0.029116
 -0.003119 -0.190679 -0.036598
 0.017701 -0.190231 -0.042182
 0.037506 -0.187991 -0.045999
 0.056471 -0.185237 -0.048654
 0.073992 -0.177758 -0.048998
 0.091245 -0.172799 -0.049034
 0.107952 -0.167199 -0.048009
 0.125045 -0.163800 -0.046781
 0.142748 -0.161881 -0.045123
 0.158831 -0.154068 -0.040945
 0.176453 -0.149554 -0.036735
 0.192557 -0.139930 -0.030286
 0.214036 -0.140368 -0.024751
 0.234102 -0.135033 -0.016330
 0.253759 -0.126812 -0.005607
 0.270917 -0.113302 0.007380
 0.289744 -0.101804 0.022654
 0.307896 -0.089347 0.041110
 0.317229 -0.068884 0.059863
 0.321493 -0.047572 0.079349
 0.349495 -0.008899 0.088790
 0.340876 0.015030 0.112400
 0.313594 0.036867 0.118271
 0.283773 0.051238 0.118172
 0.255637 0.060511 0.117759
 0.230213 0.068111 0.120862
 0.206146 0.074664 0.125368
 0.183113 0.080355 0.130381
 0.161091 0.085976 0.136727
 0.139669 0.086971 0.136699
 0.119343 0.089287 0.140111
 0.100096 0.087753 0.138654
 0.082017 0.084106 0.135115
 0.064332 0.081468 0.134170
 0.046598 0.079546 0.135340
 0.029604 0.075062 0.133678
 0.013351 0.068338 0.129635
 -0.003928 0.062883 0.128810
 -0.021146 0.055732 0.126680
 -0.039387 0.048264 0.125787
 -0.057425 0.038342 0.122626
 -0.075313 0.026190 0.117542
 -0.095639 0.014382 0.116980
 -0.127953 -0.146097 -0.002832
 -0.107611 -0.160247 -0.016137
 -0.086325 -0.175942 -0.028562
 -0.063085 -0.188334 -0.040348
 -0.038433 -0.187008 -0.048240
 -0.015433 -0.191657 -0.056207
 0.006626 -0.189822 -0.061164
 0.027062 -0.182673 -0.063119
 0.046731 -0.181288 -0.066042
 0.064811 -0.174284 -0.066000
 0.082152 -0.168146 -0.065464
 0.099158 -0.163161 -0.064672
 0.116033 -0.158764 -0.063471
 0.132954 -0.154579 -0.061730
 0.150859 -0.152555 -0.060205
 0.167949 -0.146768 -0.056499
 0.186128 -0.142092 -0.052469
 0.204864 -0.136514 -0.047230
 0.223849 -0.129139 -0.040373
 0.245851 -0.124581 -0.033057
 0.268040 -0.117252 -0.023213
 0.289782 -0.106716 -0.010608
 0.304074 -0.085919 0.004907
 0.323787 -0.071610 0.022331
 0.336478 -0.051585 0.041773
 0.347747 -0.032302 0.065023
 0.362653 0.014685 0.064843
 0.351076 0.038664 0.085318
 0.330669 0.059942 0.101652
 0.297923 0.071870 0.103322
 0.267912 0.079413 0.104789
 0.239623 0.083585 0.105019
 0.214993 0.090264 0.111307
 0.191301 0.096146 0.117453
 0.168481 0.100378 0.122147
 0.146701 0.102723 0.125096
 0.126045 0.103613 0.126856
 0.106561 0.102119 0.126275
 0.088258 0.098722 0.123948
 0.070510 0.096145 0.123192
 0.052908 0.094248 0.123822
 0.035762 0.090870 0.123212
 0.018761 0.086642 0.122174
 0.002210 0.080490 0.119388
 -0.015043 0.074639 0.117750
 -0.032074 0.066747 0.114314
 -0.049302 0.057451 0.109949
 -0.068012 0.048163 0.106837
 -0.088955 0.038819 0.105482
 -0.150521 -0.146737 -0.023005
 -0.124768 -0.155055 -0.035478
 -0.101792 -0.169465 -0.048567
 -0.077875 -0.184633 -0.061791
 -0.051367 -0.182576 -0.068329
 -0.027026 -0.182335 -0.074153
 -0.004250 -0.183223 -0.079469
 0.017130 -0.180069 -0.082101
 0.036732 -0.172112 -0.081570
 0.055203 -0.166362 -0.081352
 0.072948 -0.161921 -0.081196
 0.090177 -0.157869 -0.080735
 0.107248 -0.154491 -0.080176
 0.123617 -0.148909 -0.078023
 0.140073 -0.143529 -0.075561
 0.157353 -0.139583 -0.073434
 0.175057 -0.135052 -0.070541
 0.194251 -0.131709 -0.067728
 0.210743 -0.120617 -0.060485
 0.230691 -0.113873 -0.054754
 0.255880 -0.112269 -0.050324
 0.279128 -0.103821 -0.041545
 0.300895 -0.090607 -0.029487
 0.321179 -0.073992 -0.014769
 0.343132 -0.057758 0.002140
 0.352198 -0.032484 0.021442
 0.361143 -0.009722 0.042515
 0.359036 0.036916 0.036815
 0.346353 0.057874 0.053688
 0.331670 0.078044 0.072321
 0.305334 0.091930 0.084051
 0.277213 0.102118 0.093158
 0.248539 0.108258 0.098927
 0.220826 0.110875 0.101766
 0.195669 0.114643 0.106369
 0.171766 0.115167 0.107985
 0.149607 0.115756 0.109954
 0.128735 0.117524 0.113319
 0.109263 0.113569 0.111164
 0.090550 0.112362 0.111953
 0.072701 0.109637 0.111425
 0.055185 0.107291 0.111489
 0.038009 0.104169 0.111017
 0.021115 0.099950 0.109706
 0.004445 0.094459 0.107402
 -0.012536 0.088631 0.105100
 -0.029778 0.081803 0.102166
 -0.048149 0.075086 0.099868
 -0.066218 0.065572 0.095141
 -0.087621 0.059031 0.094561
 -0.153921 -0.146840 -0.052582
 -0.123792 -0.150100 -0.062085
 -0.098692 -0.161994 -0.074495
 -0.072138 -0.167261 -0.083067
 -0.046421 -0.168418 -0.088657
 -0.022646 -0.172977 -0.095593
 0.000011 -0.171012 -0.098102
 0.021071 -0.167961 -0.099382
 0.040720 -0.163905 -0.099547
 0.058970 -0.157777 -0.097954
 0.075878 -0.149747 -0.094737
 0.093851 -0.149837 -0.096579
 0.111651 -0.149055 -0.097628
 0.126588 -0.138551 -0.091950
 0.143880 -0.135413 -0.090992
 0.162014 -0.132900 -0.090253
 0.178283 -0.124230 -0.085182
 0.196613 -0.118247 -0.081700
 0.214727 -0.109557 -0.076194
 0.236735 -0.104636 -0.072855
 0.258158 -0.095417 -0.066340
 0.279189 -0.082785 -0.057233
 0.306422 -0.073907 -0.049634
 0.325757 -0.054624 -0.035188
 0.347978 -0.036399 -0.020176
 0.361501 -0.012618 -0.001450
 0.366101 0.012778 0.018363
 0.351119 0.054172 0.012912
 0.334760 0.069961 0.027364
 0.320463 0.087162 0.042638
 0.301725 0.105216 0.059043
 0.277149 0.119644 0.073255
 0.249278 0.127788 0.082900
 0.221279 0.130565 0.088324
 0.195521 0.134424 0.094338
 0.170991 0.133296 0.096275
 0.148387 0.133836 0.099302
 0.127139 0.133930 0.101822
 0.107561 0.128235 0.099573
 0.089030 0.124204 0.098518
 0.071009 0.121742 0.098644
 0.053717 0.117950 0.097633
 0.036101 0.116136 0.098225
 0.019763 0.109942 0.095203
 0.002704 0.105440 0.093604
 -0.014491 0.100036 0.091307
 -0.032519 0.094753 0.089201
 -0.050142 0.086612 0.084785
 -0.068503 0.077640 0.079794
 -0.090171 0.072292 0.078183
 -0.158536 -0.127973 -0.073046
 -0.126928 -0.132443 -0.080057
 -0.100861 -0.142582 -0.090753
 -0.075250 -0.152093 -0.101257
 -0.050123 -0.160349 -0.110704
 -0.025372 -0.160972 -0.114044
 -0.002356 -0.156691 -0.113297
 0.018974 -0.156873 -0.115897
 0.038928 -0.153997 -0.115914
 0.057252 -0.147307 -0.112725
 0.074585 -0.141061 -0.109775
 0.092299 -0.139382 -0.110486
 0.109121 -0.134854 -0.108839
 0.125232 -0.128366 -0.105559
 0.142673 -0.125241 -0.105095
 0.160199 -0.120795 -0.103595
 0.178235 -0.115617 -0.101572
 0.195047 -0.106079 -0.095962
 0.213596 -0.097643 -0.091424
 0.238065 -0.095117 -0.092228
 0.258103 -0.082772 -0.084766
 0.278832 -0.068671 -0.075997
 0.301871 -0.054211 -0.067201
 0.322399 -0.035423 -0.054702
 0.343233 -0.015373 -0.041225
 0.362475 0.006957 -0.025744
 0.366929 0.032781 -0.005837
 0.346702 0.070779 -0.008820
 0.328138 0.083587 0.007618
 0.308924 0.094655 0.020580
 0.293257 0.114763 0.035756
 0.271316 0.131916 0.050674
 0.244982 0.141347 0.062012
 0.218114 0.145543 0.070032
 0.192580 0.148143 0.076442
 0.168381 0.145821 0.079305
 0.146013 0.147781 0.084122
 0.124950 0.146288 0.086358
 0.105575 0.139919 0.085040
 0.086971 0.136848 0.085414
 0.069033 0.133966 0.085591
 0.051912 0.129466 0.084417
 0.034668 0.126504 0.084016
 0.018325 0.120548 0.081384
 0.001252 0.116385 0.079741
 -0.016625 0.112948 0.078382
 -0.033242 0.104886 0.073711
 -0.050421 0.096458 0.068593
 -0.068198 0.087241 0.062739
 -0.090823 0.084404 0.060867
 -0.128556 -0.118691 -0.100632
 -0.101724 -0.127704 -0.109666
 -0.077316 -0.141113 -0.123817
 -0.051139 -0.144740 -0.128090
 -0.026480 -0.145081 -0.129411
 -0.003671 -0.143427 -0.129056
 0.017472 -0.142126 -0.129321
 0.037258 -0.139739 -0.128724
 0.055828 -0.136052 -0.127041
 0.073354 -0.131286 -0.124481
 0.090318 -0.126758 -0.122357
 0.107061 -0.122537 -0.120760
 0.124002 -0.118888 -0.120003
 0.141123 -0.114843 -0.119158
 0.157791 -0.108500 -0.116296
 0.175250 -0.102295 -0.113990
 0.192709 -0.094199 -0.110159
 0.211519 -0.086093 -0.106923
 0.233653 -0.079642 -0.106478
 0.254898 -0.068713 -0.101973
 0.273874 -0.052910 -0.092539
 0.297563 -0.038501 -0.086502
 0.319531 -0.020050 -0.076824
 0.336119 0.002391 -0.062202
 0.353248 0.025971 -0.048334
 0.354047 0.050213 -0.028132
 0.331648 0.083694 -0.029804
 0.318508 0.098781 -0.012543
 0.300511 0.110840 0.002237
 0.281041 0.124921 0.015595
 0.258806 0.138526 0.028528
 0.234107 0.147673 0.039847
 0.208743 0.151537 0.048542
 0.184321 0.152767 0.055163
 0.161327 0.154617 0.061098
 0.139562 0.154094 0.065187
 0.119088 0.151967 0.067770
 0.099984 0.147252 0.068390
 0.081710 0.143622 0.068932
 0.064307 0.138949 0.068399
 0.047358 0.134461 0.067481
 0.030364 0.131015 0.066672
 0.013539 0.126831 0.065051
 -0.004500 0.125284 0.064391
 -0.021076 0.118296 0.060425
 -0.038134 0.111148 0.055927
 -0.054540 0.101054 0.049478
 -0.074996 0.094265 0.043720
 -0.135468 -0.095552 -0.113765
 -0.107776 -0.103978 -0.118827
 -0.084409 -0.116130 -0.132284
 -0.059604 -0.124270 -0.140477
 -0.034737 -0.126262 -0.141261
 -0.011580 -0.125706 -0.139863
 0.009808 -0.126317 -0.140884
 0.029891 -0.124832 -0.139976
 0.049005 -0.123878 -0.140356
 0.066449 -0.117578 -0.134743
 0.083509 -0.113372 -0.132259
 0.101265 -0.112660 -0.134619
 0.117223 -0.106055 -0.130276
 0.133922 -0.101303 -0.128834
 0.150428 -0.095082 -0.126219
 0.168112 -0.089736 -0.125558
 0.187088 -0.084394 -0.126009
 0.204768 -0.074700 -0.121698
 0.226209 -0.067321 -0.122384
 0.244939 -0.054012 -0.115943
 0.267361 -0.041402 -0.113216
 0.287245 -0.024098 -0.104962
 0.305812 -0.004196 -0.094341
 0.323599 0.017620 -0.083146
 0.331356 0.041022 -0.064606
 0.338057 0.064641 -0.049340
 0.310805 0.093196 -0.048676
 0.303105 0.113109 -0.033655
 0.288929 0.131347 -0.018470
 0.265730 0.136992 -0.003195
 0.243933 0.149143 0.009620
 0.219366 0.152689 0.020338
 0.195899 0.159848 0.030211
 0.172646 0.163278 0.038196
 0.150306 0.161224 0.043449
 0.129362 0.157668 0.046990
 0.109352 0.157182 0.050578
 0.091044 0.149654 0.050705
 0.072930 0.147055 0.051871
 0.055198 0.144755 0.052478
 0.038243 0.140165 0.051520
 0.021234 0.136265 0.050206
 0.003543 0.134034 0.048925
 -0.013751 0.129347 0.045987
 -0.030364 0.121619 0.041180
 -0.048397 0.115755 0.036325
 -0.064987 0.105050 0.028961
 -0.087203 0.100698 0.022602
 -0.123379 -0.077277 -0.129564
 -0.097616 -0.087101 -0.134679
 -0.074144 -0.097156 -0.144469
 -0.049698 -0.102983 -0.147935
 -0.026626 -0.108456 -0.152859
 -0.004286 -0.109711 -0.152275
 0.016612 -0.109167 -0.150434
 0.036245 -0.108080 -0.149130
 0.054754 -0.105452 -0.146628
 0.072470 -0.102408 -0.144566
 0.090099 -0.100439 -0.145141
 0.106997 -0.096220 -0.143311
 0.123365 -0.090440 -0.140115
 0.140644 -0.085941 -0.140077
 0.156451 -0.077363 -0.134731
 0.174382 -0.070954 -0.134440
 0.193619 -0.064053 -0.135423
 0.212611 -0.054238 -0.133624
 0.232050 -0.042343 -0.130760
 0.252866 -0.028796 -0.128552
 0.271629 -0.011418 -0.121417
 0.288380 0.008559 -0.111110
 0.300189 0.030204 -0.095661
 0.307269 0.051391 -0.078272
 0.311525 0.072640 -0.063607
 0.288155 0.101299 -0.066468
 0.283503 0.125398 -0.054837
 0.268217 0.139740 -0.038073
 0.249589 0.152834 -0.023080
 0.228173 0.162700 -0.009353
 0.204269 0.160905 0.002423
 0.181762 0.163525 0.011919
 0.159831 0.163891 0.019514
 0.138849 0.162032 0.025231
 0.118644 0.163135 0.030285
 0.099694 0.158489 0.032898
 0.081723 0.153201 0.034226
 0.064061 0.150066 0.035172
 0.046224 0.149255 0.035929
 0.029050 0.145861 0.035120
 0.012450 0.140446 0.032896
 -0.004249 0.135023 0.029829
 -0.022107 0.131838 0.026448
 -0.038339 0.123036 0.020621
 -0.055472 0.115148 0.014091
 -0.074332 0.106063 0.006115
 -0.131088 -0.045209 -0.135958
 -0.107428 -0.058404 -0.140344
 -0.085645 -0.069883 -0.149461
 -0.062756 -0.079037 -0.155874
 -0.039732 -0.085491 -0.159083
 -0.017730 -0.091161 -0.163758
 0.003790 -0.091584 -0.159685
 0.023890 -0.093042 -0.160541
 0.043029 -0.092391 -0.159179
 0.061088 -0.089574 -0.155513
 0.078532 -0.086633 -0.153375
 0.095269 -0.082253 -0.150123
 0.112160 -0.078358 -0.149446
 0.129077 -0.073666 -0.149001
 0.145890 -0.067544 -0.147666
 0.163074 -0.060494 -0.146691
 0.181539 -0.053142 -0.148072
 0.199762 -0.043172 -0.146978
 0.217260 -0.030429 -0.142733
 0.235821 -0.016253 -0.139875
 0.253473 0.000649 -0.134554
 0.268690 0.020052 -0.125316
 0.279198 0.040576 -0.110571
 0.286321 0.060980 -0.095205
 0.288031 0.080182 -0.078934
 0.264854 0.108588 -0.083492
 0.258195 0.128975 -0.070343
 0.245982 0.147539 -0.056305
 0.228387 0.159668 -0.040977
 0.207961 0.166560 -0.026698
 0.186376 0.168555 -0.014375
 0.164845 0.165597 -0.004460
 0.144229 0.161106 0.002976
 0.124271 0.163052 0.009026
 0.105278 0.159229 0.013119
 0.086953 0.156093 0.015932
 0.069187 0.152910 0.017548
 0.051467 0.151321 0.018350
 0.034062 0.148823 0.017951
 0.017583 0.142919 0.015901
 0.000620 0.138612 0.013068
 -0.016432 0.133761 0.009015
 -0.033257 0.127257 0.003440
 -0.048900 0.116995 -0.003600
 -0.066172 0.109584 -0.011782
 -0.087429 0.110223 -0.022074
 -0.119803 -0.019813 -0.141760
 -0.099965 -0.034961 -0.147218
 -0.080548 -0.047438 -0.157226
 -0.059450 -0.057926 -0.164930
 -0.037268 -0.065507 -0.167419
 -0.015496 -0.070444 -0.167355
 0.005386 -0.072802 -0.164926
 0.025150 -0.074916 -0.166030
 0.044090 -0.074766 -0.164517
 0.062199 -0.073154 -0.162353
 0.079960 -0.071404 -0.162661
 0.096881 -0.067257 -0.159674
 0.113108 -0.061432 -0.155104
 0.130310 -0.056669 -0.156204
 0.147278 -0.050027 -0.155691
 0.164264 -0.041778 -0.154548
 0.182576 -0.032818 -0.156684
 0.200551 -0.021180 -0.156498
 0.217414 -0.006711 -0.152738
 0.233162 0.010097 -0.146699
 0.248162 0.029094 -0.140562
 0.259801 0.049851 -0.130455
 0.266286 0.070489 -0.115584
 0.268909 0.091218 -0.101035
 0.238849 0.109668 -0.093972
 0.232750 0.129100 -0.082449
 0.221114 0.144660 -0.068743
 0.205669 0.157303 -0.055147
 0.187545 0.166106 -0.042154
 0.167936 0.169743 -0.030254
 0.148048 0.166660 -0.020018
 0.128754 0.163188 -0.012317
 0.109907 0.161989 -0.006672
 0.091658 0.159357 -0.002667
 0.074195 0.154638 -0.000258
 0.056807 0.151985 0.000888
 0.039023 0.151828 0.000911
 0.022691 0.145647 -0.000722
 0.006070 0.140925 -0.003563
 -0.010505 0.135695 -0.007770
 -0.026873 0.129351 -0.013450
 -0.041083 0.117250 -0.020336
 -0.058424 0.112410 -0.029154
 -0.077447 0.109634 -0.040643
 -0.092755 0.103598 -0.055023
 -0.116271 0.021873 -0.132277
 -0.105372 0.004088 -0.143160
 -0.090348 -0.011543 -0.152887
 -0.072984 -0.024829 -0.161940
 -0.053432 -0.035975 -0.167845
 -0.033475 -0.045058 -0.174326
 -0.012220 -0.050610 -0.170345
 0.007676 -0.054773 -0.171159
 0.026966 -0.056920 -0.170550
 0.045527 -0.057293 -0.169112
 0.063496 -0.056515 -0.168642
 0.080969 -0.054339 -0.167993
 0.097651 -0.050020 -0.164297
 0.114215 -0.044933 -0.162513
 0.131900 -0.040083 -0.167120
 0.147930 -0.031645 -0.163553
 0.164443 -0.022145 -0.162405
 0.181863 -0.011143 -0.164402
 0.198425 0.002610 -0.163575
 0.211269 0.018713 -0.153127
 0.224202 0.036485 -0.146281
 0.236188 0.056872 -0.141305
 0.243389 0.077894 -0.130816
 0.243504 0.095292 -0.112585
 0.215124 0.111936 -0.105074
 0.208103 0.127190 -0.091392
 0.196481 0.137608 -0.076315
 0.182459 0.149685 -0.064512
 0.166136 0.162306 -0.054348
 0.147867 0.166156 -0.043285
 0.129214 0.165645 -0.033803
 0.110726 0.163998 -0.026581
 0.092842 0.159257 -0.021242
 0.075106 0.156543 -0.017925
 0.057512 0.154643 -0.016406
 0.039573 0.154849 -0.016547
 0.022809 0.149834 -0.018101
 0.006710 0.142885 -0.021169
 -0.009897 0.137869 -0.025994
 -0.025753 0.130581 -0.032377
 -0.041462 0.123123 -0.040586
 -0.057465 0.116723 -0.051214
 -0.072315 0.108613 -0.063893
 -0.085044 0.100297 -0.079315
 -0.095156 0.089519 -0.098329
 -0.099755 0.069882 -0.110552
 -0.098820 0.052065 -0.125110
 -0.093375 0.033905 -0.137332
 -0.084215 0.018124 -0.150804
 -0.070019 0.002801 -0.159485
 -0.053361 -0.010161 -0.166921
 -0.034537 -0.020859 -0.170062
 -0.015402 -0.028996 -0.173670
 0.004128 -0.034654 -0.173463
 0.023040 -0.038696 -0.177685
 0.041752 -0.040002 -0.175034
 0.059903 -0.039993 -0.175528
 0.077277 -0.037542 -0.171636
 0.094348 -0.033987 -0.170415
 0.111165 -0.028899 -0.169840
 0.128262 -0.022547 -0.172212
 0.143729 -0.013397 -0.167014
 0.160584 -0.003050 -0.169885
 0.176565 0.009958 -0.170137
 0.189960 0.025123 -0.163323
 0.201461 0.041833 -0.154624
 0.210857 0.060002 -0.145505
 0.216977 0.078903 -0.134725
 0.217698 0.095247 -0.118752
 0.192334 0.112901 -0.114274
 0.185422 0.127528 -0.100686
 0.174227 0.137631 -0.085920
 0.160214 0.146404 -0.073243
 0.144139 0.156682 -0.063563
 0.126441 0.163139 -0.054495
 0.108219 0.163587 -0.046160
 0.089972 0.162399 -0.040023
 0.071861 0.160610 -0.036218
 0.053836 0.158768 -0.034571
 0.035461 0.158728 -0.035302
 0.018507 0.152656 -0.037303
 0.002248 0.145007 -0.041161
 -0.014140 0.138715 -0.047420
 -0.029207 0.129572 -0.055296
 -0.045364 0.124642 -0.066848
 -0.058049 0.113442 -0.079174
 -0.067587 0.099227 -0.092159
 -0.073778 0.083755 -0.105898
 -0.075901 0.067543 -0.119806
 -0.075228 0.053766 -0.136945
 -0.067888 0.037301 -0.149349
 -0.057204 0.023030 -0.162757
 -0.041187 0.008372 -0.167272
 -0.023322 -0.003214 -0.169185
 -0.005141 -0.011547 -0.173463
 0.013537 -0.017462 -0.177053
 0.032304 -0.021132 -0.180792
 0.050932 -0.022326 -0.178700
 0.069168 -0.021566 -0.180276
 0.086535 -0.018265 -0.175350
 0.103250 -0.012987 -0.171114
 0.120139 -0.006064 -0.172252
 0.136164 0.003206 -0.170656
 0.151788 0.014860 -0.170312
 0.165143 0.028367 -0.163515
 0.177564 0.044351 -0.159134
 0.188050 0.062963 -0.154996
 0.193304 0.079888 -0.141433
 0.194226 0.095150 -0.125484
 0.169992 0.109899 -0.118516
 0.163356 0.123487 -0.105575
 0.152681 0.133664 -0.092259
 0.138968 0.140470 -0.079824
 0.123076 0.151324 -0.072165
 0.105680 0.155881 -0.064153
 0.087329 0.160215 -0.058696
 0.069379 0.157712 -0.054134
 0.050955 0.157565 -0.052957
 0.033036 0.154612 -0.053792
 0.015772 0.149580 -0.056855
 -0.000006 0.140627 -0.061531
 -0.015450 0.132853 -0.069254
 -0.029348 0.123312 -0.079064
 -0.039241 0.107605 -0.088374
 -0.048377 0.095896 -0.101804
 -0.054451 0.084103 -0.117562
 -0.056173 0.071297 -0.134433
 -0.052470 0.056923 -0.150122
 -0.042379 0.040306 -0.159337
 -0.028415 0.025424 -0.165006
 -0.011701 0.013028 -0.166191
 0.005318 0.005068 -0.172662
 0.023613 -0.000753 -0.174310
 0.041997 -0.003668 -0.176968
 0.060275 -0.004102 -0.175978
 0.078214 -0.001854 -0.177325
 0.095150 0.002727 -0.171836
 0.111592 0.009773 -0.169754
 0.127276 0.019467 -0.168466
 0.141152 0.031096 -0.162656
 0.153729 0.045462 -0.158815
 0.164001 0.062203 -0.154210
 0.170580 0.079658 -0.145744
 0.172363 0.095165 -0.132081
 0.149262 0.107213 -0.122566
 0.143035 0.122551 -0.112645
 0.132383 0.131987 -0.099746
 0.118631 0.140246 -0.089361
 0.102773 0.144038 -0.079880
 0.085209 0.150058 -0.074878
 0.067357 0.150144 -0.070684
 0.049113 0.150210 -0.069974
 0.032065 0.144259 -0.070482
 0.014934 0.140466 -0.075229
 0.000011 0.131242 -0.081244
 -0.013595 0.122079 -0.090483
 -0.024276 0.110198 -0.101270
 -0.032778 0.099937 -0.116078
 -0.037193 0.088497 -0.132719
 -0.035096 0.072817 -0.145762
 -0.027846 0.057018 -0.156665
 -0.016244 0.042616 -0.165191
 -0.000859 0.029705 -0.167668
 0.015826 0.021187 -0.171694
 0.033753 0.015383 -0.171642
 0.051699 0.013787 -0.175764
 0.069611 0.014472 -0.173487
 0.086887 0.018527 -0.172351
 0.103283 0.025640 -0.170878
 0.118091 0.035107 -0.165816
 0.131083 0.047336 -0.160728
 0.141918 0.062885 -0.157278
 0.149109 0.079620 -0.150178
 0.151385 0.093961 -0.136498
 0.129739 0.104749 -0.126463
 0.123035 0.116721 -0.114016
 0.111760 0.127377 -0.103723
 0.096999 0.134534 -0.094886
 0.079883 0.139517 -0.088989
 0.061677 0.141247 -0.085935
 0.043783 0.137940 -0.085159
 0.025980 0.135389 -0.089607
 0.010495 0.127330 -0.095958
 -0.003009 0.119178 -0.106726
 -0.013070 0.109494 -0.120890
 -0.017873 0.096568 -0.135932
 -0.015381 0.078825 -0.146313
 -0.008701 0.065400 -0.160167
 0.004138 0.050722 -0.165890
 0.020273 0.039389 -0.167908
 0.038001 0.032600 -0.168406
 0.056174 0.030820 -0.170053
 0.074182 0.033101 -0.170222
 0.091150 0.039016 -0.167613
 0.106309 0.048571 -0.163770
 0.118810 0.061638 -0.159048
 0.127487 0.076590 -0.151236
 0.131199 0.090991 -0.139171
 0.111082 0.102155 -0.129892
 0.104333 0.114529 -0.119633
 0.092474 0.124007 -0.110661
 0.076690 0.132676 -0.106177
 0.059413 0.133850 -0.102481
 0.042145 0.130782 -0.102587
 0.026075 0.125577 -0.107828
 0.013167 0.116361 -0.116235
 0.004089 0.106961 -0.129748
 0.001695 0.093149 -0.142298
 0.006156 0.077946 -0.152624
 0.016483 0.064501 -0.160460
 0.031529 0.052982 -0.161545
 0.048322 0.048111 -0.163815
 0.065836 0.047198 -0.161155
 0.082211 0.052609 -0.160226
 0.096284 0.061754 -0.155772
 0.106692 0.075217 -0.151149
 0.111757 0.087790 -0.139610
 0.093034 0.099593 -0.133141
 0.084437 0.111996 -0.122971
 0.068321 0.122149 -0.118751
 0.049337 0.124183 -0.118866
 0.032773 0.116904 -0.123719
 0.022446 0.104522 -0.133897
 0.021230 0.091137 -0.148303
 0.031019 0.074841 -0.154559
 0.047153 0.066560 -0.159618
 0.065881 0.064549 -0.156412
 0.082121 0.072462 -0.152972
 0.092095 0.085721 -0.145133
 0.075295 0.097282 -0.136767
 0.062795 0.109981 -0.131019
 0.045137 0.106479 -0.132951
 0.039826 0.092391 -0.143290
 0.052339 0.081069 -0.150080
 0.069922 0.083595 -0.146573
 0.057751 0.094187 -0.139046
 1 2 3
 1 3 4
 1 4 5
 1 5 6
 1 6 7
 1 7 2
 2 8 9
 2 9 3
 3 9 10
 3 10 11
 3 11 4
 4 11 12
 4 12 13
 4 13 5
 5 13 14
 5 14 15
 5 15 6
 6 15 16
 6 16 17
 6 17 7
 7 17 18
 7 18 19
 7 19 2
 2 19 8
 8 20 21
 8 21 9
 9 21 22
 9 22 23
 9 23 10
 10 23 24
 10 24 11
 11 24 25
 11 25 26
 11 26 12
 12 26 27
 12 27 13
 13 27 28
 13 28 29
 13 29 14
 14 29 30
 14 30 31
 14 31 15
 15 31 32
 15 32 16
 16 32 33
 16 33 34
 16 34 17
 17 34 35
 17 35 18
 18 35 36
 18 36 37
 18 37 19
 19 37 38
 19 38 8
 8 38 20
 20 39 40
 20 40 21
 21 40 41
 21 41 22
 22 41 42
 22 42 23
 23 42 43
 23 43 44
 23 44 24
 24 44 45
 24 45 25
 25 45 46
 25 46 26
 26 46 47
 26 47 27
 27 47 48
 27 48 49
 27 49 28
 28 49 50
 28 50 29
 29 50 51
 29 51 30
 30 51 52
 30 52 31
 31 52 53
 31 53 54
 31 54 32
 32 54 55
 32 55 33
 33 55 56
 33 56 34
 34 56 57
 34 57 35
 35 57 58
 35 58 59
 35 59 36
 36 59 60
 36 60 37
 37 60 61
 37 61 38
 38 61 62
 38 62 20
 20 62 39
 39 63 64
 39 64 40
 40 64 65
 40 65 41
 41 65 66
 41 66 42
 42 66 67
 42 67 43
 43 67 68
 43 68 69
 43 69 44
 44 69 70
 44 70 45
 45 70 71
 45 71 46
 46 71 72
 46 72 47
 47 72 73
 47 73 74
 47 74 48
 48 74 75
 48 75 49
 49 75 76
 49 76 50
 50 76 77
 50 77 51
 51 77 78
 51 78 79
 51 79 52
 52 79 80
 52 80 53
 53 80 81
 53 81 54
 54 81 82
 54 82 55
 55 82 83
 55 83 84
 55 84 56
 56 84 85
 56 85 57
 57 85 86
 57 86 58
 58 86 87
 58 87 59
 59 87 88
 59 88 89
 59 89 60
 60 89 90
 60 90 61
 61 90 91
 61 91 62
 62 91 92
 62 92 39
 39 92 63
 63 93 94
 63 94 64
 64 94 95
 64 95 65
 65 95 96
 65 96 66
 66 96 97
 66 97 67
 67 97 98
 67 98 68
 68 98 99
 68 99 69
 69 99 100
 69 100 101
 69 101 70
 70 101 102
 70 102 71
 71 102 103
 71 103 72
 72 103 104
 72 104 73
 73 104 105
 73 105 74
 74 105 106
 74 106 75
 75 106 107
 75 107 108
 75 108 76
 76 108 109
 76 109 77
 77 109 110
 77 110 78
 78 110 111
 78 111 79
 79 111 112
 79 112 80
 80 112 113
 80 113 81
 81 113 114
 81 114 115
 81 115 82
 82 115 116
 82 116 83
 83 116 117
 83 117 84
 84 117 118
 84 118 85
 85 118 119
 85 119 86
 86 119 120
 86 120 87
 87 120 121
 87 121 122
 87 122 88
 88 122 123
 88 123 89
 89 123 124
 89 124 90
 90 124 125
 90 125 91
 91 125 126
 91 126 92
 92 126 127
 92 127 63
 63 127 93
 93 128 129
 93 129 94
 94 129 130
 94 130 95
 95 130 131
 95 131 96
 96 131 132
 96 132 97
 97 132 133
 97 133 98
 98 133 134
 98 134 99
 99 134 135
 99 135 100
 100 135 136
 100 136 137
 100 137 101
 101 137 138
 101 138 102
 102 138 139
 102 139 103
 103 139 140
 103 140 104
 104 140 141
 104 141 105
 105 141 142
 105 142 106
 106 142 143
 106 143 107
 107 143 144
 107 144 145
 107 145 108
 108 145 146
 108 146 109
 109 146 147
 109 147 110
 110 147 148
 110 148 111
 111 148 149
 111 149 112
 112 149 150
 112 150 113
 113 150 151
 113 151 114
 114 151 152
 114 152 153
 114 153 115
 115 153 154
 115 154 116
 116 154 155
 116 155 117
 117 155 156
 117 156 118
 118 156 157
 118 157 119
 119 157 158
 119 158 120
 120 158 159
 120 159 121
 121 159 160
 121 160 161
 121 161 122
 122 161 162
 122 162 123
 123 162 163
 123 163 124
 124 163 164
 124 164 125
 125 164 165
 125 165 126
 126 165 166
 126 166 127
 127 166 167
 127 167 93
 93 167 128
 128 168 169
 128 169 129
 129 169 170
 129 170 130
 130 170 171
 130 171 131
 131 171 172
 131 172 132
 132 172 173
 132 173 133
 133 173 174
 133 174 134
 134 174 175
 134 175 135
 135 175 176
 135 176 136
 136 176 177
 136 177 178
 136 178 137
 137 178 179
 137 179 138
 138 179 180
 138 180 139
 139 180 181
 139 181 140
 140 181 182
 140 182 141
 141 182 183
 141 183 142
 142 183 184
 142 184 143
 143 184 185
 143 185 144
 144 185 186
 144 186 187
 144 187 145
 145 187 188
 145 188 146
 146 188 189
 146 189 147
 147 189 190
 147 190 148
 148 190 191
 148 191 149
 149 191 192
 149 192 150
 150 192 193
 150 193 151
 151 193 194
 151 194 152
 152 194 195
 152 195 196
 152 196 153
 153 196 197
 153 197 154
 154 197 198
 154 198 155
 155 198 199
 155 199 156
 156 199 200
 156 200 157
 157 200 201
 157 201 158
 158 201 202
 158 202 159
 159 202 203
 159 203 160
 160 203 204
 160 204 205
 160 205 161
 161 205 206
 161 206 162
 162 206 207
 162 207 163
 163 207 208
 163 208 164
 164 208 209
 164 209 165
 165 209 210
 165 210 166
 166 210 211
 166 211 167
 167 211 212
 167 212 128
 128 212 168
 168 213 214
 168 214 169
 169 214 215
 169 215 170
 170 215 216
 170 216 171
 171 216 217
 171 217 172
 172 217 218
 172 218 173
 173 218 219
 173 219 174
 174 219 220
 174 220 175
 175 220 221
 175 221 176
 176 221 222
 176 222 177
 177 222 223
 177 223 178
 178 223 224
 178 224 179
 179 224 225
 179 225 226
 179 226 180
 180 226 227
 180 227 181
 181 227 228
 181 228 182
 182 228 229
 182 229 183
 183 229 230
 183 230 184
 184 230 231
 184 231 185
 185 231 232
 185 232 186
 186 232 233
 186 233 187
 187 233 234
 187 234 188
 188 234 235
 188 235 189
 189 235 236
 189 236 190
 190 236 237
 190 237 238
 190 238 191
 191 238 239
 191 239 192
 192 239 240
 192 240 193
 193 240 241
 193 241 194
 194 241 242
 194 242 195
 195 242 243
 195 243 196
 196 243 244
 196 244 197
 197 244 245
 197 245 198
 198 245 246
 198 246 199
 199 246 247
 199 247 200
 200 247 248
 200 248 201
 201 248 249
 201 249 250
 201 250 202
 202 250 251
 202 251 203
 203 251 252
 203 252 204
 204 252 253
 204 253 205
 205 253 254
 205 254 206
 206 254 255
 206 255 207
 207 255 256
 207 256 208
 208 256 257
 208 257 209
 209 257 258
 209 258 210
 210 258 259
 210 259 211
 211 259 260
 211 260 212
 212 260 261
 212 261 168
 168 261 213
 217 262 218
 218 262 263
 218 263 219
 219 263 264
 219 264 220
 220 264 265
 220 265 221
 221 265 266
 221 266 222
 222 266 267
 222 267 223
 223 267 268
 223 268 224
 224 268 269
 224 269 225
 225 269 270
 225 270 226
 226 270 271
 226 271 227
 227 271 272
 227 272 228
 228 272 273
 228 273 229
 229 273 274
 229 274 275
 229 275 230
 230 275 276
 230 276 231
 231 276 277
 231 277 232
 232 277 278
 232 278 233
 233 278 279
 233 279 234
 234 279 280
 234 280 235
 235 280 281
 235 281 236
 236 281 282
 236 282 237
 237 282 283
 237 283 238
 238 283 284
 238 284 239
 239 284 285
 239 285 240
 240 285 286
 240 286 241
 241 286 287
 241 287 242
 242 287 288
 242 288 243
 243 288 289
 243 289 244
 244 289 290
 244 290 245
 245 290 291
 245 291 292
 245 292 246
 246 292 293
 246 293 247
 247 293 294
 247 294 248
 248 294 295
 248 295 249
 249 295 296
 249 296 250
 250 296 297
 250 297 251
 251 297 298
 251 298 252
 252 298 299
 252 299 253
 253 299 300
 253 300 254
 254 300 301
 254 301 255
 255 301 302
 255 302 256
 256 302 303
 256 303 257
 257 303 304
 257 304 258
 258 304 305
 258 305 259
 259 305 306
 259 306 260
 263 307 264
 264 307 308
 264 308 265
 265 308 309
 265 309 266
 266 309 310
 266 310 267
 267 310 311
 267 311 268
 268 311 312
 268 312 269
 269 312 313
 269 313 270
 270 313 314
 270 314 271
 271 314 315
 271 315 272
 272 315 316
 272 316 273
 273 316 317
 273 317 274
 274 317 318
 274 318 319
 274 319 275
 275 319 320
 275 320 276
 276 320 321
 276 321 277
 277 321 322
 277 322 278
 278 322 323
 278 323 279
 279 323 324
 279 324 280
 280 324 325
 280 325 281
 281 325 326
 281 326 282
 282 326 327
 282 327 283
 283 327 328
 283 328 284
 284 328 329
 284 329 285
 285 329 330
 285 330 286
 286 330 331
 286 331 287
 287 331 332
 287 332 288
 288 332 333
 288 333 289
 289 333 334
 289 334 290
 290 334 335
 290 335 291
 291 335 336
 291 336 337
 291 337 292
 292 337 338
 292 338 293
 293 338 339
 293 339 294
 294 339 340
 294 340 295
 295 340 341
 295 341 296
 296 341 342
 296 342 297
 297 342 343
 297 343 298
 298 343 344
 298 344 299
 299 344 345
 299 345 300
 300 345 346
 300 346 301
 301 346 347
 301 347 302
 302 347 348
 302 348 303
 303 348 349
 303 349 304
 304 349 350
 304 350 305
 305 350 351
 305 351 306
 308 352 309
 309 352 353
 309 353 310
 310 353 354
 310 354 311
 311 354 355
 311 355 312
 312 355 356
 312 356 313
 313 356 357
 313 357 314
 314 357 358
 314 358 315
 315 358 359
 315 359 316
 316 359 360
 316 360 317
 317 360 361
 317 361 318
 318 361 362
 318 362 319
 319 362 363
 319 363 320
 320 363 364
 320 364 321
 321 364 365
 321 365 322
 322 365 366
 322 366 323
 323 366 367
 323 367 324
 324 367 368
 324 368 325
 325 368 369
 325 369 326
 326 369 370
 326 370 327
 327 370 371
 327 371 372
 327 372 328
 328 372 373
 328 373 329
 329 373 374
 329 374 330
 330 374 375
 330 375 331
 331 375 376
 331 376 332
 332 376 377
 332 377 333
 333 377 378
 333 378 334
 334 378 379
 334 379 335
 335 379 380
 335 380 336
 336 380 381
 336 381 337
 337 381 382
 337 382 338
 338 382 383
 338 383 339
 339 383 384
 339 384 340
 340 384 385
 340 385 341
 341 385 386
 341 386 342
 342 386 387
 342 387 343
 343 387 388
 343 388 344
 344 388 389
 344 389 345
 345 389 390
 345 390 346
 346 390 391
 346 391 347
 347 391 392
 347 392 348
 348 392 393
 348 393 349
 349 393 394
 349 394 350
 352 395 353
 353 395 396
 353 396 354
 354 396 397
 354 397 355
 355 397 398
 355 398 356
 356 398 399
 356 399 357
 357 399 400
 357 400 358
 358 400 401
 358 401 359
 359 401 402
 359 402 360
 360 402 403
 360 403 361
 361 403 404
 361 404 362
 362 404 405
 362 405 363
 363 405 406
 363 406 364
 364 406 407
 364 407 365
 365 407 408
 365 408 366
 366 408 409
 366 409 367
 367 409 410
 367 410 368
 368 410 411
 368 411 369
 369 411 412
 369 412 370
 370 412 413
 370 413 371
 371 413 414
 371 414 415
 371 415 372
 372 415 416
 372 416 373
 373 416 417
 373 417 374
 374 417 418
 374 418 375
 375 418 419
 375 419 376
 376 419 420
 376 420 377
 377 420 421
 377 421 378
 378 421 422
 378 422 379
 379 422 423
 379 423 380
 380 423 424
 380 424 381
 381 424 425
 381 425 382
 382 425 426
 382 426 383
 383 426 427
 383 427 384
 384 427 428
 384 428 385
 385 428 429
 385 429 386
 386 429 430
 386 430 387
 387 430 431
 387 431 388
 388 431 432
 388 432 389
 389 432 433
 389 433 390
 390 433 434
 390 434 391
 391 434 435
 391 435 392
 392 435 436
 392 436 393
 393 436 437
 393 437 394
 395 438 396
 396 438 439
 396 439 397
 397 439 440
 397 440 398
 398 440 441
 398 441 399
 399 441 442
 399 442 400
 400 442 443
 400 443 401
 401 443 444
 401 444 402
 402 444 445
 402 445 403
 403 445 446
 403 446 404
 404 446 447
 404 447 405
 405 447 448
 405 448 406
 406 448 449
 406 449 407
 407 449 450
 407 450 408
 408 450 451
 408 451 409
 409 451 452
 409 452 410
 410 452 453
 410 453 411
 411 453 454
 411 454 412
 412 454 455
 412 455 413
 413 455 456
 413 456 414
 414 456 457
 414 457 415
 415 457 458
 415 458 416
 416 458 459
 416 459 417
 417 459 460
 417 460 418
 418 460 461
 418 461 419
 419 461 462
 419 462 420
 420 462 463
 420 463 421
 421 463 464
 421 464 422
 422 464 465
 422 465 423
 423 465 466
 423 466 424
 424 466 467
 424 467 425
 425 467 468
 425 468 426
 426 468 469
 426 469 427
 427 469 470
 427 470 428
 428 470 471
 428 471 429
 429 471 472
 429 472 430
 430 472 473
 430 473 431
 431 473 474
 431 474 432
 432 474 475
 432 475 433
 433 475 476
 433 476 434
 434 476 477
 434 477 435
 435 477 478
 435 478 436
 436 478 479
 436 479 437
 437 479 480
 438 481 439
 439 481 482
 439 482 440
 440 482 483
 440 483 441
 441 483 484
 441 484 442
 442 484 485
 442 485 443
 443 485 486
 443 486 444
 444 486 487
 444 487 445
 445 487 488
 445 488 446
 446 488 489
 446 489 447
 447 489 490
 447 490 448
 448 490 491
 448 491 449
 449 491 492
 449 492 450
 450 492 493
 450 493 451
 451 493 494
 451 494 452
 452 494 495
 452 495 453
 453 495 496
 453 496 454
 454 496 497
 454 497 455
 455 497 498
 455 498 456
 456 498 499
 456 499 457
 457 499 500
 457 500 458
 458 500 501
 458 501 459
 459 501 502
 459 502 460
 460 502 503
 460 503 461
 461 503 504
 461 504 462
 462 504 505
 462 505 463
 463 505 506
 463 506 464
 464 506 507
 464 507 465
 465 507 508
 465 508 466
 466 508 509
 466 509 467
 467 509 510
 467 510 468
 468 510 511
 468 511 469
 469 511 512
 469 512 470
 470 512 513
 470 513 471
 471 513 514
 471 514 472
 472 514 515
 472 515 473
 473 515 516
 473 516 474
 474 516 517
 474 517 475
 475 517 518
 475 518 476
 476 518 519
 476 519 477
 477 519 520
 477 520 478
 478 520 521
 478 521 479
 479 521 522
 479 522 480
 482 523 483
 483 523 524
 483 524 484
 484 524 525
 484 525 485
 485 525 526
 485 526 486
 486 526 527
 486 527 487
 487 527 528
 487 528 488
 488 528 529
 488 529 489
 489 529 530
 489 530 490
 490 530 531
 490 531 491
 491 531 532
 491 532 492
 492 532 533
 492 533 493
 493 533 534
 493 534 494
 494 534 535
 494 535 495
 495 535 536
 495 536 496
 496 536 537
 496 537 497
 497 537 538
 497 538 498
 498 538 539
 498 539 499
 499 539 540
 499 540 500
 500 540 541
 500 541 501
 501 541 542
 501 542 502
 502 542 543
 502 543 503
 503 543 544
 503 544 504
 504 544 545
 504 545 505
 505 545 546
 505 546 506
 506 546 547
 506 547 507
 507 547 548
 507 548 508
 508 548 549
 508 549 509
 509 549 550
 509 550 510
 510 550 551
 510 551 511
 511 551 552
 511 552 512
 512 552 553
 512 553 513
 513 553 554
 513 554 514
 514 554 555
 514 555 515
 515 555 556
 515 556 516
 516 556 557
 516 557 517
 517 557 558
 517 558 518
 518 558 559
 518 559 519
 519 559 560
 519 560 520
 520 560 561
 520 561 521
 521 561 562
 521 562 522
 522 562 563
 523 564 524
 524 564 565
 524 565 525
 525 565 566
 525 566 526
 526 566 567
 526 567 527
 527 567 568
 527 568 528
 528 568 569
 528 569 529
 529 569 570
 529 570 530
 530 570 571
 530 571 531
 531 571 572
 531 572 532
 532 572 573
 532 573 533
 533 573 574
 533 574 534
 534 574 575
 534 575 535
 535 575 576
 535 576 536
 536 576 577
 536 577 537
 537 577 578
 537 578 538
 538 578 579
 538 579 539
 539 579 580
 539 580 540
 540 580 581
 540 581 541
 541 581 582
 541 582 542
 542 582 583
 542 583 543
 543 583 584
 543 584 544
 544 584 585
 544 585 545
 545 585 586
 545 586 546
 546 586 587
 546 587 547
 547 587 588
 547 588 548
 548 588 589
 548 589 549
 549 589 590
 549 590 550
 550 590 591
 550 591 551
 551 591 592
 551 592 552
 552 592 593
 552 593 553
 553 593 594
 553 594 554
 554 594 595
 554 595 555
 555 595 596
 555 596 556
 556 596 597
 556 597 557
 557 597 598
 557 598 558
 558 598 599
 558 599 559
 559 599 600
 559 600 560
 560 600 601
 560 601 561
 561 601 602
 561 602 562
 562 602 603
 562 603 563
 564 604 565
 565 604 605
 565 605 566
 566 605 606
 566 606 567
 567 606 607
 567 607 568
 568 607 608
 568 608 569
 569 608 609
 569 609 570
 570 609 610
 570 610 571
 571 610 611
 571 611 572
 572 611 612
 572 612 573
 573 612 613
 573 613 574
 574 613 614
 574 614 575
 575 614 615
 575 615 576
 576 615 616
 576 616 577
 577 616 617
 577 617 578
 578 617 618
 578 618 579
 579 618 619
 579 619 580
 580 619 620
 580 620 581
 581 620 582
 582 620 621
 582 621 583
 583 621 622
 583 622 584
 584 622 623
 584 623 585
 585 623 624
 585 624 586
 586 624 625
 586 625 587
 587 625 626
 587 626 588
 588 626 627
 588 627 589
 589 627 628
 589 628 590
 590 628 629
 590 629 591
 591 629 630
 591 630 592
 592 630 631
 592 631 593
 593 631 632
 593 632 594
 594 632 633
 594 633 595
 595 633 634
 595 634 596
 596 634 635
 596 635 597
 597 635 636
 597 636 598
 598 636 637
 598 637 599
 599 637 638
 599 638 600
 600 638 639
 600 639 601
 601 639 640
 601 640 602
 602 640 641
 602 641 603
 604 642 605
 605 642 643
 605 643 606
 606 643 644
 606 644 607
 607 644 645
 607 645 608
 608 645 646
 608 646 609
 609 646 647
 609 647 610
 610 647 648
 610 648 611
 611 648 649
 611 649 612
 612 649 650
 612 650 613
 613 650 651
 613 651 614
 614 651 652
 614 652 615
 615 652 653
 615 653 616
 616 653 654
 616 654 617
 617 654 655
 617 655 618
 618 655 656
 618 656 619
 619 656 657
 619 657 620
 620 657 621
 621 657 658
 621 658 622
 622 658 659
 622 659 623
 623 659 660
 623 660 624
 624 660 661
 624 661 625
 625 661 662
 625 662 626
 626 662 663
 626 663 627
 627 663 664
 627 664 628
 628 664 665
 628 665 629
 629 665 666
 629 666 630
 630 666 667
 630 667 631
 631 667 668
 631 668 632
 632 668 669
 632 669 633
 633 669 670
 633 670 634
 634 670 671
 634 671 635
 635 671 672
 635 672 636
 636 672 673
 636 673 637
 637 673 674
 637 674 638
 638 674 675
 638 675 639
 639 675 676
 639 676 640
 640 676 677
 640 677 641
 642 678 679
 642 679 643
 643 679 680
 643 680 644
 644 680 681
 644 681 645
 645 681 682
 645 682 646
 646 682 683
 646 683 647
 647 683 684
 647 684 648
 648 684 649
 649 684 685
 649 685 650
 650 685 686
 650 686 651
 651 686 687
 651 687 652
 652 687 688
 652 688 653
 653 688 689
 653 689 654
 654 689 690
 654 690 655
 655 690 691
 655 691 656
 656 691 692
 656 692 657
 657 692 693
 657 693 658
 658 693 694
 658 694 659
 659 694 695
 659 695 660
 660 695 696
 660 696 661
 661 696 697
 661 697 662
 662 697 698
 662 698 663
 663 698 699
 663 699 664
 664 699 700
 664 700 665
 665 700 701
 665 701 666
 666 701 667
 667 701 702
 667 702 668
 668 702 703
 668 703 669
 669 703 704
 669 704 670
 670 704 705
 670 705 671
 671 705 706
 671 706 672
 672 706 707
 672 707 673
 673 707 708
 673 708 674
 674 708 709
 674 709 675
 675 709 710
 675 710 676
 676 710 711
 676 711 677
 678 712 679
 679 712 713
 679 713 680
 680 713 714
 680 714 681
 681 714 715
 681 715 682
 682 715 716
 682 716 683
 683 716 717
 683 717 684
 684 717 685
 685 717 718
 685 718 686
 686 718 719
 686 719 687
 687 719 720
 687 720 688
 688 720 721
 688 721 689
 689 721 722
 689 722 690
 690 722 723
 690 723 691
 691 723 724
 691 724 692
 692 724 725
 692 725 693
 693 725 726
 693 726 694
 694 726 727
 694 727 695
 695 727 728
 695 728 696
 696 728 729
 696 729 697
 697 729 730
 697 730 698
 698 730 731
 698 731 699
 699 731 732
 699 732 700
 700 732 733
 700 733 701
 701 733 702
 702 733 734
 702 734 703
 703 734 735
 703 735 704
 704 735 736
 704 736 705
 705 736 737
 705 737 706
 706 737 738
 706 738 707
 707 738 739
 707 739 708
 708 739 740
 708 740 709
 709 740 741
 709 741 710
 710 741 742
 710 742 711
 711 742 743
 712 744 745
 712 745 713
 713 745 714
 714 745 746
 714 746 715
 715 746 747
 715 747 716
 716 747 748
 716 748 717
 717 748 749
 717 749 718
 718 749 750
 718 750 719
 719 750 751
 719 751 720
 720 751 752
 720 752 721
 721 752 753
 721 753 722
 722 753 754
 722 754 723
 723 754 755
 723 755 724
 724 755 756
 724 756 725
 725 756 726
 726 756 757
 726 757 727
 727 757 758
 727 758 728
 728 758 759
 728 759 729
 729 759 760
 729 760 730
 730 760 761
 730 761 731
 731 761 762
 731 762 732
 732 762 763
 732 763 733
 733 763 764
 733 764 734
 734 764 765
 734 765 735
 735 765 766
 735 766 736
 736 766 767
 736 767 737
 737 767 738
 738 767 768
 738 768 739
 739 768 769
 739 769 740
 740 769 770
 740 770 741
 741 770 771
 741 771 742
 742 771 772
 742 772 743
 743 772 773
 744 774 745
 745 774 775
 745 775 746
 746 775 776
 746 776 747
 747 776 777
 747 777 748
 748 777 778
 748 778 749
 749 778 779
 749 779 750
 750 779 780
 750 780 751
 751 780 752
 752 780 781
 752 781 753
 753 781 782
 753 782 754
 754 782 783
 754 783 755
 755 783 784
 755 784 756
 756 784 785
 756 785 757
 757 785 786
 757 786 758
 758 786 787
 758 787 759
 759 787 788
 759 788 760
 760 788 761
 761 788 789
 761 789 762
 762 789 790
 762 790 763
 763 790 791
 763 791 764
 764 791 792
 764 792 765
 765 792 793
 765 793 766
 766 793 794
 766 794 767
 767 794 795
 767 795 768
 768 795 796
 768 796 769
 769 796 770
 770 796 797
 770 797 771
 771 797 798
 771 798 772
 772 798 799
 772 799 773
 774 800 775
 775 800 801
 775 801 776
 776 801 802
 776 802 777
 777 802 803
 777 803 778
 778 803 804
 778 804 779
 779 804 805
 779 805 780
 780 805 781
 781 805 806
 781 806 782
 782 806 807
 782 807 783
 783 807 808
 783 808 784
 784 808 809
 784 809 785
 785 809 810
 785 810 786
 786 810 811
 786 811 787
 787 811 812
 787 812 788
 788 812 789
 789 812 813
 789 813 790
 790 813 814
 790 814 791
 791 814 815
 791 815 792
 792 815 816
 792 816 793
 793 816 817
 793 817 794
 794 817 818
 794 818 795
 795 818 819
 795 819 796
 796 819 797
 797 819 820
 797 820 798
 798 820 821
 798 821 799
 799 821 822
 800 823 824
 800 824 801
 801 824 825
 801 825 802
 802 825 826
 802 826 803
 803 826 827
 803 827 804
 804 827 828
 804 828 805
 805 828 806
 806 828 829
 806 829 807
 807 829 830
 807 830 808
 808 830 831
 808 831 809
 809 831 832
 809 832 810
 810 832 833
 810 833 811
 811 833 834
 811 834 812
 812 834 813
 813 834 835
 813 835 814
 814 835 836
 814 836 815
 815 836 837
 815 837 816
 816 837 838
 816 838 817
 817 838 839
 817 839 818
 818 839 840
 818 840 819
 819 840 820
 820 840 841
 820 841 821
 821 841 842
 821 842 822
 822 842 843
 823 844 824
 824 844 845
 824 845 825
 825 845 846
 825 846 826
 826 846 827
 827 846 847
 827 847 828
 828 847 848
 828 848 829
 829 848 849
 829 849 830
 830 849 850
 830 850 831
 831 850 832
 832 850 851
 832 851 833
 833 851 852
 833 852 834
 834 852 853
 834 853 835
 835 853 854
 835 854 836
 836 854 837
 837 854 855
 837 855 838
 838 855 856
 838 856 839
 839 856 857
 839 857 840
 840 857 858
 840 858 841
 841 858 842
 842 858 859
 842 859 843
 843 859 860
 844 861 862
 844 862 845
 845 862 863
 845 863 846
 846 863 864
 846 864 847
 847 864 865
 847 865 848
 848 865 849
 849 865 866
 849 866 850
 850 866 867
 850 867 851
 851 867 868
 851 868 852
 852 868 869
 852 869 853
 853 869 854
 854 869 870
 854 870 855
 855 870 871
 855 871 856
 856 871 872
 856 872 857
 857 872 873
 857 873 858
 858 873 859
 859 873 874
 859 874 860
 860 874 875
 861 878 879
 861 879 862
 862 879 880
 862 880 863
 863 880 864
 864 880 881
 864 881 865
 865 881 882
 865 882 866
 866 882 867
 867 882 883
 867 883 868
 868 883 869
 869 883 884
 869 884 870
 870 884 885
 870 885 871
 871 885 872
 872 885 886
 872 886 873
 873 886 887
 873 887 874
 874 887 875
 875 887 888
 875 888 876
 877 889 878
 878 889 879
 879 889 890
 879 890 880
 880 890 881
 881 890 891
 881 891 882
 882 891 883
 883 891 892
 883 892 884
 884 892 885
 885 892 893
 885 893 886
 886 893 887
 887 893 894
 887 894 888
 888 894 877
 877 894 889
 889 895 890
 890 895 891
 891 895 892
 892 895 893
 893 895 894
 894 895 889
 896 897 898
 896 898 899
 896 899 900
 896 900 901
 896 901 902
 896 902 897
 897 903 904
 897 904 898
 898 904 905
 898 905 906
 898 906 899
 899 906 907
 899 907 908
 899 908 900
 900 908 909
 900 909 910
 900 910 901
 901 910 911
 901 911 912
 901 912 902
 902 912 913
 902 913 914
 902 914 897
 897 914 903
 903 915 916
 903 916 904
 904 916 917
 904 917 918
 904 918 905
 905 918 919
 905 919 906
 906 919 920
 906 920 921
 906 921 907
 907 921 922
 907 922 908
 908 922 923
 908 923 924
 908 924 909
 909 924 925
 909 925 926
 909 926 910
 910 926 927
 910 927 911
 911 927 928
 911 928 929
 911 929 912
 912 929 930
 912 930 913
 913 930 931
 913 931 932
 913 932 914
 914 932 933
 914 933 903
 903 933 915
 915 934 935
 915 935 916
 916 935 936
 916 936 917
 917 936 937
 917 937 918
 918 937 938
 918 938 939
 918 939 919
 919 939 940
 919 940 920
 920 940 941
 920 941 921
 921 941 942
 921 942 922
 922 942 943
 922 943 944
 922 944 923
 923 944 945
 923 945 924
 924 945 946
 924 946 925
 925 946 947
 925 947 926
 926 947 948
 926 948 949
 926 949 927
 927 949 950
 927 950 928
 928 950 951
 928 951 929
 929 951 952
 929 952 930
 930 952 953
 930 953 954
 930 954 931
 931 954 955
 931 955 932
 932 955 956
 932 956 933
 933 956 957
 933 957 915
 915 957 934
 934 958 959
 934 959 935
 935 959 960
 935 960 936
 936 960 961
 936 961 937
 937 961 962
 937 962 938
 938 962 963
 938 963 964
 938 964 939
 939 964 965
 939 965 940
 940 965 966
 940 966 941
 941 966 967
 941 967 942
 942 967 968
 942 968 969
 942 969 943
 943 969 970
 943 970 944
 944 970 971
 944 971 945
 945 971 972
 945 972 946
 946 972 973
 946 973 974
 946 974 947
 947 974 975
 947 975 948
 948 975 976
 948 976 949
 949 976 977
 949 977 950
 950 977 978
 950 978 979
 950 979 951
 951 979 980
 951 980 952
 952 980 981
 952 981 953
 953 981 982
 953 982 954
 954 982 983
 954 983 984
 954 984 955
 955 984 985
 955 985 956
 956 985 986
 956 986 957
 957 986 987
 957 987 934
 934 987 958
 958 988 989
 958 989 959
 959 989 990
 959 990 960
 960 990 991
 960 991 961
 961 991 992
 961 992 962
 962 992 993
 962 993 963
 963 993 994
 963 994 964
 964 994 995
 964 995 996
 964 996 965
 965 996 997
 965 997 966
 966 997 998
 966 998 967
 967 998 999
 967 999 968
 968 999 1000
 968 1000 969
 969 1000 1001
 969 1001 970
 970 1001 1002
 970 1002 1003
 970 1003 971
 971 1003 1004
 971 1004 972
 972 1004 1005
 972 1005 973
 973 1005 1006
 973 1006 974
 974 1006 1007
 974 1007 975
 975 1007 1008
 975 1008 976
 976 1008 1009
 976 1009 1010
 976 1010 977
 977 1010 1011
 977 1011 978
 978 1011 1012
 978 1012 979
 979 1012 1013
 979 1013 980
 980 1013 1014
 980 1014 981
 981 1014 1015
 981 1015 982
 982 1015 1016
 982 1016 1017
 982 1017 983
 983 1017 1018
 983 1018 984
 984 1018 1019
 984 1019 985
 985 1019 1020
 985 1020 986
 986 1020 1021
 986 1021 987
 987 1021 1022
 987 1022 958
 958 1022 988
 988 1023 1024
 988 1024 989
 989 1024 1025
 989 1025 990
 990 1025 1026
 990 1026 991
 991 1026 1027
 991 1027 992
 992 1027 1028
 992 1028 993
 993 1028 1029
 993 1029 994
 994 1029 1030
 994 1030 995
 995 1030 1031
 995 1031 1032
 995 1032 996
 996 1032 1033
 996 1033 997
 997 1033 1034
 997 1034 998
 998 1034 1035
 998 1035 999
 999 1035 1036
 999 1036 1000
 1000 1036 1037
 1000 1037 1001
 1001 1037 1038
 1001 1038 1002
 1002 1038 1039
 1002 1039 1040
 1002 1040 1003
 1003 1040 1041
 1003 1041 1004
 1004 1041 1042
 1004 1042 1005
 1005 1042 1043
 1005 1043 1006
 1006 1043 1044
 1006 1044 1007
 1007 1044 1045
 1007 1045 1008
 1008 1045 1046
 1008 1046 1009
 1009 1046 1047
 1009 1047 1048
 1009 1048 1010
 1010 1048 1049
 1010 1049 1011
 1011 1049 1050
 1011 1050 1012
 1012 1050 1051
 1012 1051 1013
 1013 1051 1052
 1013 1052 1014
 1014 1052 1053
 1014 1053 1015
 1015 1053 1054
 1015 1054 1016
 1016 1054 1055
 1016 1055 1056
 1016 1056 1017
 1017 1056 1057
 1017 1057 1018
 1018 1057 1058
 1018 1058 1019
 1019 1058 1059
 1019 1059 1020
 1020 1059 1060
 1020 1060 1021
 1021 1060 1061
 1021 1061 1022
 1022 1061 1062
 1022 1062 988
 988 1062 1023
 1023 1063 1064
 1023 1064 1024
 1024 1064 1065
 1024 1065 1025
 1025 1065 1066
 1025 1066 1026
 1026 1066 1067
 1026 1067 1027
 1027 1067 1068
 1027 1068 1028
 1028 1068 1069
 1028 1069 1029
 1029 1069 1070
 1029 1070 1030
 1030 1070 1071
 1030 1071 1031
 1031 1071 1072
 1031 1072 1073
 1031 1073 1032
 1032 1073 1074
 1032 1074 1033
 1033 1074 1075
 1033 1075 1034
 1034 1075 1076
 1034 1076 1035
 1035 1076 1077
 1035 1077 1036
 1036 1077 1078
 1036 1078 1037
 1037 1078 1079
 1037 1079 1038
 1038 1079 1080
 1038 1080 1039
 1039 1080 1081
 1039 1081 1082
 1039 1082 1040
 1040 1082 1083
 1040 1083 1041
 1041 1083 1084
 1041 1084 1042
 1042 1084 1085
 1042 1085 1043
 1043 1085 1086
 1043 1086 1044
 1044 1086 1087
 1044 1087 1045
 1045 1087 1088
 1045 1088 1046
 1046 1088 1089
 1046 1089 1047
 1047 1089 1090
 1047 1090 1091
 1047 1091 1048
 1048 1091 1092
 1048 1092 1049
 1049 1092 1093
 1049 1093 1050
 1050 1093 1094
 1050 1094 1051
 1051 1094 1095
 1051 1095 1052
 1052 1095 1096
 1052 1096 1053
 1053 1096 1097
 1053 1097 1054
 1054 1097 1098
 1054 1098 1055
 1055 1098 1099
 1055 1099 1100
 1055 1100 1056
 1056 1100 1101
 1056 1101 1057
 1057 1101 1102
 1057 1102 1058
 1058 1102 1103
 1058 1103 1059
 1059 1103 1104
 1059 1104 1060
 1060 1104 1105
 1060 1105 1061
 1061 1105 1106
 1061 1106 1062
 1062 1106 1107
 1062 1107 1023
 1023 1107 1063
 1063 1108 1109
 1063 1109 1064
 1064 1109 1110
 1064 1110 1065
 1065 1110 1111
 1065 1111 1066
 1066 1111 1112
 1066 1112 1067
 1067 1112 1113
 1067 1113 1068
 1068 1113 1114
 1068 1114 1069
 1069 1114 1115
 1069 1115 1070
 1070 1115 1116
 1070 1116 1071
 1071 1116 1117
 1071 1117 1072
 1072 1117 1118
 1072 1118 1073
 1073 1118 1119
 1073 1119 1074
 1074 1119 1120
 1074 1120 1121
 1074 1121 1075
 1075 1121 1122
 1075 1122 1076
 1076 1122 1123
 1076 1123 1077
 1077 1123 1124
 1077 1124 1078
 1078 1124 1125
 1078 1125 1079
 1079 1125 1126
 1079 1126 1080
 1080 1126 1127
 1080 1127 1081
 1081 1127 1128
 1081 1128 1082
 1082 1128 1129
 1082 1129 1083
 1083 1129 1130
 1083 1130 1084
 1084 1130 1131
 1084 1131 1085
 1085 1131 1132
 1085 1132 1133
 1085 1133 1086
 1086 1133 1134
 1086 1134 1087
 1087 1134 1135
 1087 1135 1088
 1088 1135 1136
 1088 1136 1089
 1089 1136 1137
 1089 1137 1090
 1090 1137 1138
 1090 1138 1091
 1091 1138 1139
 1091 1139 1092
 1092 1139 1140
 1092 1140 1093
 1093 1140 1141
 1093 1141 1094
 1094 1141 1142
 1094 1142 1095
 1095 1142 1143
 1095 1143 1096
 1096 1143 1144
 1096 1144 1145
 1096 1145 1097
 1097 1145 1146
 1097 1146 1098
 1098 1146 1147
 1098 1147 1099
 1099 1147 1148
 1099 1148 1100
 1100 1148 1149
 1100 1149 1101
 1101 1149 1150
 1101 1150 1102
 1102 1150 1151
 1102 1151 1103
 1103 1151 1152
 1103 1152 1104
 1104 1152 1153
 1104 1153 1105
 1105 1153 1154
 1105 1154 1106
 1106 1154 1155
 1106 1155 1107
 1107 1155 1156
 1107 1156 1063
 1063 1156 1108
 1108 1157 1158
 1108 1158 1109
 1109 1158 1159
 1109 1159 1110
 1110 1159 1160
 1110 1160 1111
 1111 1160 1161
 1111 1161 1112
 1112 1161 1162
 1112 1162 1113
 1113 1162 1163
 1113 1163 1114
 1114 1163 1164
 1114 1164 1115
 1115 1164 1165
 1115 1165 1116
 1116 1165 1166
 1116 1166 1117
 1117 1166 1167
 1117 1167 1118
 1118 1167 1168
 1118 1168 1119
 1119 1168 1169
 1119 1169 1120
 1120 1169 1170
 1120 1170 1121
 1121 1170 1171
 1121 1171 1122
 1122 1171 1172
 1122 1172 1123
 1123 1172 1173
 1123 1173 1124
 1124 1173 1174
 1124 1174 1175
 1124 1175 1125
 1125 1175 1176
 1125 1176 1126
 1126 1176 1177
 1126 1177 1127
 1127 1177 1178
 1127 1178 1128
 1128 1178 1179
 1128 1179 1129
 1129 1179 1180
 1129 1180 1130
 1130 1180 1181
 1130 1181 1131
 1131 1181 1182
 1131 1182 1132
 1132 1182 1183
 1132 1183 1133
 1133 1183 1184
 1133 1184 1134
 1134 1184 1185
 1134 1185 1135
 1135 1185 1186
 1135 1186 1136
 1136 1186 1187
 1136 1187 1137
 1137 1187 1188
 1137 1188 1138
 1138 1188 1189
 1138 1189 1139
 1139 1189 1190
 1139 1190 1140
 1140 1190 1191
 1140 1191 1192
 1140 1192 1141
 1141 1192 1193
 1141 1193 1142
 1142 1193 1194
 1142 1194 1143
 1143 1194 1195
 1143 1195 1144
 1144 1195 1196
 1144 1196 1145
 1145 1196 1197
 1145 1197 1146
 1146 1197 1198
 1146 1198 1147
 1147 1198 1199
 1147 1199 1148
 1148 1199 1200
 1148 1200 1149
 1149 1200 1201
 1149 1201 1150
 1150 1201 1202
 1150 1202 1151
 1151 1202 1203
 1151 1203 1152
 1152 1203 1204
 1152 1204 1153
 1153 1204 1205
 1153 1205 1154
 1154 1205 1206
 1154 1206 1155
 1155 1206 1207
 1155 1207 1156
 1156 1207 1208
 1156 1208 1108
 1108 1208 1157
 1157 1209 1210
 1157 1210 1158
 1158 1210 1211
 1158 1211 1159
 1159 1211 1212
 1159 1212 1160
 1160 1212 1213
 1160 1213 1161
 1161 1213 1214
 1161 1214 1162
 1162 1214 1215
 1162 1215 1163
 1163 1215 1216
 1163 1216 1164
 1164 1216 1217
 1164 1217 1165
 1165 1217 1218
 1165 1218 1166
 1166 1218 1219
 1166 1219 1167
 1167 1219 1220
 1167 1220 1168
 1168 1220 1221
 1168 1221 1169
 1169 1221 1222
 1169 1222 1170
 1170 1222 1223
 1170 1223 1171
 1171 1223 1224
 1171 1224 1172
 1172 1224 1225
 1172 1225 1173
 1173 1225 1226
 1173 1226 1174
 1174 1226 1227
 1174 1227 1228
 1174 1228 1175
 1175 1228 1229
 1175 1229 1176
 1176 1229 1230
 1176 1230 1177
 1177 1230 1231
 1177 1231 1178
 1184 1232 1185
 1185 1232 1233
 1185 1233 1186
 1186 1233 1234
 1186 1234 1187
 1187 1234 1235
 1187 1235 1188
 1188 1235 1236
 1188 1236 1189
 1189 1236 1237
 1189 1237 1190
 1190 1237 1238
 1190 1238 1191
 1191 1238 1239
 1191 1239 1240
 1191 1240 1192
 1192 1240 1241
 1192 1241 1193
 1193 1241 1242
 1193 1242 1194
 1194 1242 1243
 1194 1243 1195
 1195 1243 1244
 1195 1244 1196
 1196 1244 1245
 1196 1245 1197
 1197 1245 1246
 1197 1246 1198
 1198 1246 1247
 1198 1247 1199
 1199 1247 1248
 1199 1248 1200
 1200 1248 1249
 1200 1249 1201
 1201 1249 1250
 1201 1250 1202
 1202 1250 1251
 1202 1251 1203
 1203 1251 1252
 1203 1252 1204
 1204 1252 1253
 1204 1253 1205
 1205 1253 1254
 1205 1254 1206
 1206 1254 1255
 1206 1255 1207
 1207 1255 1256
 1207 1256 1208
 1208 1256 1257
 1208 1257 1157
 1157 1257 1209
 1209 1258 1259
 1209 1259 1210
 1210 1259 1260
 1210 1260 1211
 1211 1260 1261
 1211 1261 1212
 1212 1261 1262
 1212 1262 1213
 1213 1262 1263
 1213 1263 1214
 1214 1263 1264
 1214 1264 1215
 1215 1264 1265
 1215 1265 1216
 1216 1265 1266
 1216 1266 1217
 1217 1266 1267
 1217 1267 1218
 1218 1267 1268
 1218 1268 1219
 1219 1268 1269
 1219 1269 1220
 1220 1269 1270
 1220 1270 1221
 1221 1270 1271
 1221 1271 1222
 1222 1271 1272
 1222 1272 1223
 1223 1272 1273
 1223 1273 1224
 1224 1273 1274
 1224 1274 1225
 1225 1274 1275
 1225 1275 1226
 1226 1275 1276
 1226 1276 1227
 1227 1276 1277
 1227 1277 1228
 1228 1277 1278
 1228 1278 1229
 1229 1278 1279
 1229 1279 1230
 1230 1279 1280
 1230 1280 1231
 1232 1281 1233
 1233 1281 1282
 1233 1282 1234
 1234 1282 1283
 1234 1283 1235
 1235 1283 1284
 1235 1284 1236
 1236 1284 1285
 1236 1285 1237
 1237 1285 1286
 1237 1286 1238
 1238 1286 1287
 1238 1287 1239
 1239 1287 1288
 1239 1288 1240
 1240 1288 1289
 1240 1289 1241
 1241 1289 1290
 1241 1290 1242
 1242 1290 1291
 1242 1291 1243
 1243 1291 1292
 1243 1292 1244
 1244 1292 1293
 1244 1293 1245
 1245 1293 1294
 1245 1294 1246
 1246 1294 1295
 1246 1295 1247
 1247 1295 1296
 1247 1296 1248
 1248 1296 1297
 1248 1297 1249
 1249 1297 1298
 1249 1298 1250
 1250 1298 1299
 1250 1299 1251
 1251 1299 1300
 1251 1300 1252
 1252 1300 1301
 1252 1301 1253
 1253 1301 1302
 1253 1302 1254
 1254 1302 1303
 1254 1303 1255
 1255 1303 1304
 1255 1304 1256
 1256 1304 1305
 1256 1305 1257
 1257 1305 1306
 1257 1306 1209
 1209 1306 1258
 1258 1307 1308
 1258 1308 1259
 1259 1308 1309
 1259 1309 1260
 1260 1309 1310
 1260 1310 1261
 1261 1310 1311
 1261 1311 1262
 1262 1311 1312
 1262 1312 1263
 1263 1312 1313
 1263 1313 1264
 1264 1313 1314
 1264 1314 1265
 1265 1314 1315
 1265 1315 1266
 1266 1315 1316
 1266 1316 1267
 1267 1316 1317
 1267 1317 1268
 1268 1317 1318
 1268 1318 1269
 1269 1318 1319
 1269 1319 1270
 1270 1319 1320
 1270 1320 1271
 1271 1320 1321
 1271 1321 1272
 1272 1321 1322
 1272 1322 1273
 1273 1322 1323
 1273 1323 1274
 1274 1323 1324
 1274 1324 1275
 1275 1324 1325
 1275 1325 1276
 1276 1325 1326
 1276 1326 1277
 1277 1326 1327
 1277 1327 1278
 1278 1327 1328
 1278 1328 1279
 1279 1328 1329
 1279 1329 1280
 1281 1330 1331
 1281 1331 1282
 1282 1331 1332
 1282 1332 1283
 1283 1332 1333
 1283 1333 1284
 1284 1333 1334
 1284 1334 1285
 1285 1334 1335
 1285 1335 1286
 1286 1335 1336
 1286 1336 1287
 1287 1336 1337
 1287 1337 1288
 1288 1337 1338
 1288 1338 1289
 1289 1338 1339
 1289 1339 1290
 1290 1339 1340
 1290 1340 1291
 1291 1340 1341
 1291 1341 1292
 1292 1341 1342
 1292 1342 1293
 1293 1342 1343
 1293 1343 1294
 1294 1343 1344
 1294 1344 1295
 1295 1344 1345
 1295 1345 1296
 1296 1345 1346
 1296 1346 1297
 1297 1346 1347
 1297 1347 1298
 1298 1347 1348
 1298 1348 1299
 1299 1348 1349
 1299 1349 1300
 1300 1349 1350
 1300 1350 1301
 1301 1350 1351
 1301 1351 1302
 1302 1351 1352
 1302 1352 1303
 1303 1352 1353
 1303 1353 1304
 1304 1353 1354
 1304 1354 1305
 1305 1354 1355
 1305 1355 1306
 1306 1355 1356
 1306 1356 1258
 1258 1356 1307
 1307 1357 1358
 1307 1358 1308
 1308 1358 1359
 1308 1359 1309
 1309 1359 1360
 1309 1360 1310
 1310 1360 1361
 1310 1361 1311
 1311 1361 1362
 1311 1362 1312
 1312 1362 1363
 1312 1363 1313
 1313 1363 1364
 1313 1364 1314
 1314 1364 1365
 1314 1365 1315
 1315 1365 1366
 1315 1366 1316
 1316 1366 1367
 1316 1367 1317
 1317 1367 1368
 1317 1368 1318
 1318 1368 1369
 1318 1369 1319
 1319 1369 1370
 1319 1370 1320
 1320 1370 1371
 1320 1371 1321
 1321 1371 1372
 1321 1372 1322
 1322 1372 1373
 1322 1373 1323
 1323 1373 1374
 1323 1374 1324
 1324 1374 1375
 1324 1375 1325
 1325 1375 1376
 1325 1376 1326
 1326 1376 1377
 1326 1377 1327
 1327 1377 1378
 1327 1378 1328
 1328 1378 1379
 1328 1379 1329
 1330 1380 1331
 1331 1380 1381
 1331 1381 1332
 1332 1381 1382
 1332 1382 1333
 1333 1382 1383
 1333 1383 1334
 1334 1383 1384
 1334 1384 1335
 1335 1384 1385
 1335 1385 1336
 1336 1385 1386
 1336 1386 1337
 1337 1386 1387
 1337 1387 1338
 1338 1387 1388
 1338 1388 1339
 1339 1388 1389
 1339 1389 1340
 1340 1389 1390
 1340 1390 1341
 1341 1390 1391
 1341 1391 1342
 1342 1391 1392
 1342 1392 1343
 1343 1392 1393
 1343 1393 1344
 1344 1393 1394
 1344 1394 1345
 1345 1394 1395
 1345 1395 1346
 1346 1395 1396
 1346 1396 1347
 1347 1396 1397
 1347 1397 1348
 1348 1397 1398
 1348 1398 1349
 1349 1398 1399
 1349 1399 1350
 1350 1399 1400
 1350 1400 1351
 1351 1400 1401
 1351 1401 1352
 1352 1401 1402
 1352 1402 1353
 1353 1402 1403
 1353 1403 1354
 1354 1403 1404
 1354 1404 1355
 1355 1404 1405
 1355 1405 1356
 1356 1405 1406
 1356 1406 1307
 1307 1406 1357
 1357 1407 1358
 1358 1407 1408
 1358 1408 1359
 1359 1408 1409
 1359 1409 1360
 1360 1409 1410
 1360 1410 1361
 1361 1410 1411
 1361 1411 1362
 1362 1411 1412
 1362 1412 1363
 1363 1412 1413
 1363 1413 1364
 1364 1413 1414
 1364 1414 1365
 1365 1414 1415
 1365 1415 1366
 1366 1415 1416
 1366 1416 1367
 1367 1416 1417
 1367 1417 1368
 1368 1417 1418
 1368 1418 1369
 1369 1418 1419
 1369 1419 1370
 1370 1419 1420
 1370 1420 1371
 1371 1420 1421
 1371 1421 1372
 1372 1421 1422
 1372 1422 1373
 1373 1422 1423
 1373 1423 1374
 1374 1423 1424
 1374 1424 1375
 1375 1424 1425
 1375 1425 1376
 1376 1425 1426
 1376 1426 1377
 1377 1426 1427
 1377 1427 1378
 1378 1427 1428
 1378 1428 1379
 1379 1428 1429
 1380 1430 1381
 1381 1430 1431
 1381 1431 1382
 1382 1431 1432
 1382 1432 1383
 1383 1432 1433
 1383 1433 1384
 1384 1433 1434
 1384 1434 1385
 1385 1434 1435
 1385 1435 1386
 1386 1435 1436
 1386 1436 1387
 1387 1436 1437
 1387 1437 1388
 1388 1437 1438
 1388 1438 1389
 1389 1438 1439
 1389 1439 1390
 1390 1439 1440
 1390 1440 1391
 1391 1440 1441
 1391 1441 1392
 1392 1441 1442
 1392 1442 1393
 1393 1442 1443
 1393 1443 1394
 1394 1443 1444
 1394 1444 1395
 1395 1444 1445
 1395 1445 1396
 1396 1445 1446
 1396 1446 1397
 1397 1446 1447
 1397 1447 1398
 1398 1447 1448
 1398 1448 1399
 1399 1448 1449
 1399 1449 1400
 1400 1449 1450
 1400 1450 1401
 1401 1450 1451
 1401 1451 1402
 1402 1451 1452
 1402 1452 1403
 1403 1452 1453
 1403 1453 1404
 1404 1453 1454
 1404 1454 1405
 1405 1454 1455
 1405 1455 1406
 1406 1455 1456
 1406 1456 1357
 1357 1456 1407
 1407 1457 1408
 1408 1457 1458
 1408 1458 1409
 1409 1458 1459
 1409 1459 1410
 1410 1459 1460
 1410 1460 1411
 1411 1460 1461
 1411 1461 1412
 1412 1461 1462
 1412 1462 1413
 1413 1462 1463
 1413 1463 1414
 1414 1463 1464
 1414 1464 1415
 1415 1464 1465
 1415 1465 1416
 1416 1465 1466
 1416 1466 1417
 1417 1466 1467
 1417 1467 1418
 1418 1467 1468
 1418 1468 1419
 1419 1468 1469
 1419 1469 1420
 1420 1469 1470
 1420 1470 1421
 1421 1470 1471
 1421 1471 1422
 1422 1471 1472
 1422 1472 1423
 1423 1472 1473
 1423 1473 1424
 1424 1473 1474
 1424 1474 1425
 1425 1474 1475
 1425 1475 1426
 1426 1475 1476
 1426 1476 1427
 1427 1476 1477
 1427 1477 1428
 1428 1477 1478
 1428 1478 1429
 1429 1478 1479
 1431 1480 1432
 1432 1480 1481
 1432 1481 1433
 1433 1481 1482
 1433 1482 1434
 1434 1482 1483
 1434 1483 1435
 1435 1483 1484
 1435 1484 1436
 1436 1484 1485
 1436 1485 1437
 1437 1485 1486
 1437 1486 1438
 1438 1486 1487
 1438 1487 1439
 1439 1487 1488
 1439 1488 1440
 1440 1488 1489
 1440 1489 1441
 1441 1489 1490
 1441 1490 1442
 1442 1490 1491
 1442 1491 1443
 1443 1491 1492
 1443 1492 1444
 1444 1492 1493
 1444 1493 1445
 1445 1493 1494
 1445 1494 1446
 1446 1494 1495
 1446 1495 1447
 1447 1495 1496
 1447 1496 1448
 1448 1496 1497
 1448 1497 1449
 1449 1497 1498
 1449 1498 1450
 1450 1498 1499
 1450 1499 1451
 1451 1499 1500
 1451 1500 1452
 1452 1500 1501
 1452 1501 1453
 1453 1501 1502
 1453 1502 1454
 1454 1502 1503
 1454 1503 1455
 1455 1503 1504
 1455 1504 1456
 1456 1504 1505
 1456 1505 1407
 1407 1505 1457
 1457 1506 1458
 1458 1506 1507
 1458 1507 1459
 1459 1507 1508
 1459 1508 1460
 1460 1508 1509
 1460 1509 1461
 1461 1509 1510
 1461 1510 1462
 1462 1510 1511
 1462 1511 1463
 1463 1511 1512
 1463 1512 1464
 1464 1512 1513
 1464 1513 1465
 1465 1513 1514
 1465 1514 1466
 1466 1514 1515
 1466 1515 1467
 1467 1515 1516
 1467 1516 1468
 1468 1516 1517
 1468 1517 1469
 1469 1517 1518
 1469 1518 1470
 1470 1518 1519
 1470 1519 1471
 1471 1519 1520
 1471 1520 1472
 1472 1520 1521
 1472 1521 1473
 1473 1521 1522
 1473 1522 1474
 1474 1522 1523
 1474 1523 1475
 1475 1523 1524
 1475 1524 1476
 1476 1524 1525
 1476 1525 1477
 1477 1525 1526
 1477 1526 1478
 1478 1526 1527
 1478 1527 1479
 1480 1528 1529
 1480 1529 1481
 1481 1529 1530
 1481 1530 1482
 1482 1530 1531
 1482 1531 1483
 1483 1531 1532
 1483 1532 1484
 1484 1532 1533
 1484 1533 1485
 1485 1533 1534
 1485 1534 1486
 1486 1534 1535
 1486 1535 1487
 1487 1535 1536
 1487 1536 1488
 1488 1536 1537
 1488 1537 1489
 1489 1537 1538
 1489 1538 1490
 1490 1538 1539
 1490 1539 1491
 1491 1539 1540
 1491 1540 1492
 1492 1540 1541
 1492 1541 1493
 1493 1541 1542
 1493 1542 1494
 1494 1542 1543
 1494 1543 1495
 1495 1543 1544
 1495 1544 1496
 1496 1544 1545
 1496 1545 1497
 1497 1545 1546
 1497 1546 1498
 1498 1546 1547
 1498 1547 1499
 1499 1547 1548
 1499 1548 1500
 1500 1548 1549
 1500 1549 1501
 1501 1549 1550
 1501 1550 1502
 1502 1550 1551
 1502 1551 1503
 1503 1551 1552
 1503 1552 1504
 1504 1552 1553
 1504 1553 1505
 1505 1553 1457
 1457 1553 1506
 1506 1554 1507
 1507 1554 1555
 1507 1555 1508
 1508 1555 1556
 1508 1556 1509
 1509 1556 1557
 1509 1557 1510
 1510 1557 1558
 1510 1558 1511
 1511 1558 1559
 1511 1559 1512
 1512 1559 1560
 1512 1560 1513
 1513 1560 1561
 1513 1561 1514
 1514 1561 1562
 1514 1562 1515
 1515 1562 1563
 1515 1563 1516
 1516 1563 1564
 1516 1564 1517
 1517 1564 1565
 1517 1565 1518
 1518 1565 1566
 1518 1566 1519
 1519 1566 1567
 1519 1567 1520
 1520 1567 1568
 1520 1568 1521
 1521 1568 1569
 1521 1569 1522
 1522 1569 1570
 1522 1570 1523
 1523 1570 1571
 1523 1571 1524
 1524 1571 1572
 1524 1572 1525
 1525 1572 1573
 1525 1573 1526
 1526 1573 1574
 1526 1574 1527
 1527 1574 1575
 1528 1576 1529
 1529 1576 1577
 1529 1577 1530
 1530 1577 1578
 1530 1578 1531
 1531 1578 1579
 1531 1579 1532
 1532 1579 1580
 1532 1580 1533
 1533 1580 1581
 1533 1581 1534
 1534 1581 1582
 1534 1582 1535
 1535 1582 1583
 1535 1583 1536
 1536 1583 1584
 1536 1584 1537
 1537 1584 1585
 1537 1585 1538
 1538 1585 1586
 1538 1586 1539
 1539 1586 1587
 1539 1587 1540
 1540 1587 1588
 1540 1588 1541
 1541 1588 1589
 1541 1589 1542
 1542 1589 1590
 1542 1590 1543
 1543 1590 1591
 1543 1591 1544
 1544 1591 1592
 1544 1592 1545
 1545 1592 1593
 1545 1593 1546
 1546 1593 1594
 1546 1594 1547
 1547 1594 1595
 1547 1595 1548
 1548 1595 1596
 1548 1596 1549
 1549 1596 1597
 1549 1597 1550
 1550 1597 1598
 1550 1598 1551
 1551 1598 1599
 1551 1599 1552
 1552 1599 1600
 1552 1600 1553
 1553 1600 1506
 1506 1600 1554
 1554 1601 1555
 1555 1601 1602
 1555 1602 1556
 1556 1602 1603
 1556 1603 1557
 1557 1603 1604
 1557 1604 1558
 1558 1604 1605
 1558 1605 1559
 1559 1605 1606
 1559 1606 1560
 1560 1606 1607
 1560 1607 1561
 1561 1607 1608
 1561 1608 1562
 1562 1608 1609
 1562 1609 1563
 1563 1609 1610
 1563 1610 1564
 1564 1610 1611
 1564 1611 1565
 1565 1611 1612
 1565 1612 1566
 1566 1612 1613
 1566 1613 1567
 1567 1613 1614
 1567 1614 1568
 1568 1614 1615
 1568 1615 1569
 1569 1615 1616
 1569 1616 1570
 1570 1616 1617
 1570 1617 1571
 1571 1617 1618
 1571 1618 1572
 1572 1618 1619
 1572 1619 1573
 1573 1619 1620
 1573 1620 1574
 1574 1620 1621
 1574 1621 1575
 1576 1622 1623
 1576 1623 1577
 1577 1623 1624
 1577 1624 1578
 1578 1624 1625
 1578 1625 1579
 1579 1625 1626
 1579 1626 1580
 1580 1626 1627
 1580 1627 1581
 1581 1627 1628
 1581 1628 1582
 1582 1628 1629
 1582 1629 1583
 1583 1629 1630
 1583 1630 1584
 1584 1630 1631
 1584 1631 1585
 1585 1631 1632
 1585 1632 1586
 1586 1632 1633
 1586 1633 1587
 1587 1633 1634
 1587 1634 1588
 1588 1634 1635
 1588 1635 1589
 1589 1635 1636
 1589 1636 1590
 1590 1636 1637
 1590 1637 1591
 1591 1637 1638
 1591 1638 1592
 1592 1638 1639
 1592 1639 1593
 1593 1639 1640
 1593 1640 1594
 1594 1640 1641
 1594 1641 1595
 1595 1641 1642
 1595 1642 1596
 1596 1642 1643
 1596 1643 1597
 1597 1643 1644
 1597 1644 1598
 1598 1644 1645
 1598 1645 1599
 1599 1645 1646
 1599 1646 1600
 1600 1646 1554
 1554 1646 1601
 1601 1647 1602
 1602 1647 1648
 1602 1648 1603
 1603 1648 1649
 1603 1649 1604
 1604 1649 1650
 1604 1650 1605
 1605 1650 1651
 1605 1651 1606
 1606 1651 1652
 1606 1652 1607
 1607 1652 1653
 1607 1653 1608
 1608 1653 1654
 1608 1654 1609
 1609 1654 1655
 1609 1655 1610
 1610 1655 1656
 1610 1656 1611
 1611 1656 1657
 1611 1657 1612
 1612 1657 1658
 1612 1658 1613
 1613 1658 1659
 1613 1659 1614
 1614 1659 1660
 1614 1660 1615
 1615 1660 1661
 1615 1661 1616
 1616 1661 1662
 1616 1662 1617
 1617 1662 1663
 1617 1663 1618
 1618 1663 1664
 1618 1664 1619
 1619 1664 1620
 1620 1664 1665
 1620 1665 1621
 1621 1665 1666
 1622 1668 1669
 1622 1669 1623
 1623 1669 1670
 1623 1670 1624
 1624 1670 1671
 1624 1671 1625
 1625 1671 1672
 1625 1672 1626
 1626 1672 1673
 1626 1673 1627
 1627 1673 1674
 1627 1674 1628
 1628 1674 1629
 1629 1674 1675
 1629 1675 1630
 1630 1675 1676
 1630 1676 1631
 1631 1676 1677
 1631 1677 1632
 1632 1677 1678
 1632 1678 1633
 1633 1678 1679
 1633 1679 1634
 1634 1679 1680
 1634 1680 1635
 1635 1680 1681
 1635 1681 1636
 1636 1681 1682
 1636 1682 1637
 1637 1682 1683
 1637 1683 1638
 1638 1683 1684
 1638 1684 1639
 1639 1684 1685
 1639 1685 1640
 1640 1685 1686
 1640 1686 1641
 1641 1686 1687
 1641 1687 1642
 1642 1687 1688
 1642 1688 1643
 1643 1688 1689
 1643 1689 1644
 1644 1689 1690
 1644 1690 1645
 1645 1690 1691
 1645 1691 1646
 1646 1691 1601
 1601 1691 1647
 1647 1692 1648
 1648 1692 1693
 1648 1693 1649
 1649 1693 1694
 1649 1694 1650
 1650 1694 1695
 1650 1695 1651
 1651 1695 1696
 1651 1696 1652
 1652 1696 1697
 1652 1697 1653
 1653 1697 1698
 1653 1698 1654
 1654 1698 1699
 1654 1699 1655
 1655 1699 1700
 1655 1700 1656
 1656 1700 1701
 1656 1701 1657
 1657 1701 1702
 1657 1702 1658
 1658 1702 1703
 1658 1703 1659
 1659 1703 1704
 1659 1704 1660
 1660 1704 1705
 1660 1705 1661
 1661 1705 1706
 1661 1706 1662
 1662 1706 1707
 1662 1707 1663
 1663 1707 1708
 1663 1708 1664
 1664 1708 1665
 1665 1708 1709
 1665 1709 1666
 1666 1709 1710
 1666 1710 1667
 1667 1710 1711
 1668 1714 1715
 1668 1715 1669
 1669 1715 1716
 1669 1716 1670
 1670 1716 1717
 1670 1717 1671
 1671 1717 1718
 1671 1718 1672
 1672 1718 1719
 1672 1719 1673
 1673 1719 1720
 1673 1720 1674
 1674 1720 1675
 1675 1720 1721
 1675 1721 1676
 1676 1721 1722
 1676 1722 1677
 1677 1722 1723
 1677 1723 1678
 1678 1723 1724
 1678 1724 1679
 1679 1724 1725
 1679 1725 1680
 1680 1725 1726
 1680 1726 1681
 1681 1726 1727
 1681 1727 1682
 1682 1727 1728
 1682 1728 1683
 1683 1728 1729
 1683 1729 1684
 1684 1729 1730
 1684 1730 1685
 1685 1730 1731
 1685 1731 1686
 1686 1731 1732
 1686 1732 1687
 1687 1732 1733
 1687 1733 1688
 1688 1733 1734
 1688 1734 1689
 1689 1734 1735
 1689 1735 1690
 1690 1735 1736
 1690 1736 1691
 1691 1736 1647
 1647 1736 1692
 1692 1737 1693
 1693 1737 1738
 1693 1738 1694
 1694 1738 1739
 1694 1739 1695
 1695 1739 1740
 1695 1740 1696
 1696 1740 1741
 1696 1741 1697
 1697 1741 1742
 1697 1742 1698
 1698 1742 1743
 1698 1743 1699
 1699 1743 1744
 1699 1744 1700
 1700 1744 1745
 1700 1745 1701
 1701 1745 1746
 1701 1746 1702
 1702 1746 1747
 1702 1747 1703
 1703 1747 1748
 1703 1748 1704
 1704 1748 1705
 1705 1748 1749
 1705 1749 1706
 1706 1749 1750
 1706 1750 1707
 1707 1750 1751
 1707 1751 1708
 1708 1751 1752
 1708 1752 1709
 1709 1752 1753
 1709 1753 1710
 1710 1753 1754
 1710 1754 1711
 1711 1754 1755
 1711 1755 1712
 1712 1755 1756
 1713 1759 1760
 1713 1760 1714
 1714 1760 1761
 1714 1761 1715
 1715 1761 1762
 1715 1762 1716
 1716 1762 1763
 1716 1763 1717
 1717 1763 1764
 1717 1764 1718
 1718 1764 1765
 1718 1765 1719
 1719 1765 1766
 1719 1766 1720
 1720 1766 1767
 1720 1767 1721
 1721 1767 1768
 1721 1768 1722
 1722 1768 1769
 1722 1769 1723
 1723 1769 1770
 1723 1770 1724
 1724 1770 1725
 1725 1770 1771
 1725 1771 1726
 1726 1771 1772
 1726 1772 1727
 1727 1772 1773
 1727 1773 1728
 1728 1773 1774
 1728 1774 1729
 1729 1774 1775
 1729 1775 1730
 1730 1775 1776
 1730 1776 1731
 1731 1776 1777
 1731 1777 1732
 1732 1777 1778
 1732 1778 1733
 1733 1778 1779
 1733 1779 1734
 1734 1779 1780
 1734 1780 1735
 1735 1780 1781
 1735 1781 1736
 1736 1781 1692
 1692 1781 1737
 1737 1782 1738
 1738 1782 1783
 1738 1783 1739
 1739 1783 1784
 1739 1784 1740
 1740 1784 1785
 1740 1785 1741
 1741 1785 1786
 1741 1786 1742
 1742 1786 1787
 1742 1787 1743
 1743 1787 1788
 1743 1788 1744
 1744 1788 1789
 1744 1789 1745
 1745 1789 1746
 1746 1789 1790
 1746 1790 1747
 1747 1790 1791
 1747 1791 1748
 1748 1791 1792
 1748 1792 1749
 1749 1792 1793
 1749 1793 1750
 1750 1793 1794
 1750 1794 1751
 1751 1794 1795
 1751 1795 1752
 1752 1795 1796
 1752 1796 1753
 1753 1796 1797
 1753 1797 1754
 1754 1797 1755
 1755 1797 1798
 1755 1798 1756
 1756 1798 1799
 1756 1799 1757
 1757 1799 1800
 1757 1800 1758
 1758 1800 1801
 1758 1801 1759
 1759 1801 1802
 1759 1802 1760
 1760 1802 1803
 1760 1803 1761
 1761 1803 1804
 1761 1804 1762
 1762 1804 1805
 1762 1805 1763
 1763 1805 1764
 1764 1805 1806
 1764 1806 1765
 1765 1806 1807
 1765 1807 1766
 1766 1807 1808
 1766 1808 1767
 1767 1808 1809
 1767 1809 1768
 1768 1809 1810
 1768 1810 1769
 1769 1810 1811
 1769 1811 1770
 1770 1811 1812
 1770 1812 1771
 1771 1812 1813
 1771 1813 1772
 1772 1813 1773
 1773 1813 1814
 1773 1814 1774
 1774 1814 1815
 1774 1815 1775
 1775 1815 1816
 1775 1816 1776
 1776 1816 1817
 1776 1817 1777
 1777 1817 1818
 1777 1818 1778
 1778 1818 1819
 1778 1819 1779
 1779 1819 1820
 1779 1820 1780
 1780 1820 1821
 1780 1821 1781
 1781 1821 1737
 1737 1821 1782
 1782 1822 1783
 1783 1822 1823
 1783 1823 1784
 1784 1823 1824
 1784 1824 1785
 1785 1824 1825
 1785 1825 1786
 1786 1825 1826
 1786 1826 1787
 1787 1826 1827
 1787 1827 1788
 1788 1827 1828
 1788 1828 1789
 1789 1828 1790
 1790 1828 1829
 1790 1829 1791
 1791 1829 1830
 1791 1830 1792
 1792 1830 1831
 1792 1831 1793
 1793 1831 1832
 1793 1832 1794
 1794 1832 1833
 1794 1833 1795
 1795 1833 1834
 1795 1834 1796
 1796 1834 1835
 1796 1835 1797
 1797 1835 1798
 1798 1835 1836
 1798 1836 1799
 1799 1836 1837
 1799 1837 1800
 1800 1837 1838
 1800 1838 1801
 1801 1838 1839
 1801 1839 1802
 1802 1839 1840
 1802 1840 1803
 1803 1840 1841
 1803 1841 1804
 1804 1841 1842
 1804 1842 1805
 1805 1842 1806
 1806 1842 1843
 1806 1843 1807
 1807 1843 1844
 1807 1844 1808
 1808 1844 1845
 1808 1845 1809
 1809 1845 1846
 1809 1846 1810
 1810 1846 1847
 1810 1847 1811
 1811 1847 1848
 1811 1848 1812
 1812 1848 1849
 1812 1849 1813
 1813 1849 1814
 1814 1849 1850
 1814 1850 1815
 1815 1850 1851
 1815 1851 1816
 1816 1851 1852
 1816 1852 1817
 1817 1852 1853
 1817 1853 1818
 1818 1853 1854
 1818 1854 1819
 1819 1854 1855
 1819 1855 1820
 1820 1855 1856
 1820 1856 1821
 1821 1856 1782
 1782 1856 1822
 1822 1857 1823
 1823 1857 1858
 1823 1858 1824
 1824 1858 1859
 1824 1859 1825
 1825 1859 1860
 1825 1860 1826
 1826 1860 1861
 1826 1861 1827
 1827 1861 1862
 1827 1862 1828
 1828 1862 1829
 1829 1862 1863
 1829 1863 1830
 1830 1863 1864
 1830 1864 1831
 1831 1864 1865
 1831 1865 1832
 1832 1865 1866
 1832 1866 1833
 1833 1866 1867
 1833 1867 1834
 1834 1867 1868
 1834 1868 1835
 1835 1868 1836
 1836 1868 1869
 1836 1869 1837
 1837 1869 1870
 1837 1870 1838
 1838 1870 1871
 1838 1871 1839
 1839 1871 1872
 1839 1872 1840
 1840 1872 1873
 1840 1873 1841
 1841 1873 1874
 1841 1874 1842
 1842 1874 1843
 1843 1874 1875
 1843 1875 1844
 1844 1875 1876
 1844 1876 1845
 1845 1876 1877
 1845 1877 1846
 1846 1877 1878
 1846 1878 1847
 1847 1878 1879
 1847 1879 1848
 1848 1879 1880
 1848 1880 1849
 1849 1880 1850
 1850 1880 1881
 1850 1881 1851
 1851 1881 1882
 1851 1882 1852
 1852 1882 1883
 1852 1883 1853
 1853 1883 1884
 1853 1884 1854
 1854 1884 1885
 1854 1885 1855
 1855 1885 1886
 1855 1886 1856
 1856 1886 1822
 1822 1886 1857
 1857 1887 1858
 1858 1887 1888
 1858 1888 1859
 1859 1888 1889
 1859 1889 1860
 1860 1889 1890
 1860 1890 1861
 1861 1890 1862
 1862 1890 1891
 1862 1891 1863
 1863 1891 1892
 1863 1892 1864
 1864 1892 1893
 1864 1893 1865
 1865 1893 1894
 1865 1894 1866
 1866 1894 1867
 1867 1894 1895
 1867 1895 1868
 1868 1895 1896
 1868 1896 1869
 1869 1896 1897
 1869 1897 1870
 1870 1897 1898
 1870 1898 1871
 1871 1898 1872
 1872 1898 1899
 1872 1899 1873
 1873 1899 1900
 1873 1900 1874
 1874 1900 1901
 1874 1901 1875
 1875 1901 1902
 1875 1902 1876
 1876 1902 1877
 1877 1902 1903
 1877 1903 1878
 1878 1903 1904
 1878 1904 1879
 1879 1904 1905
 1879 1905 1880
 1880 1905 1906
 1880 1906 1881
 1881 1906 1882
 1882 1906 1907
 1882 1907 1883
 1883 1907 1908
 1883 1908 1884
 1884 1908 1909
 1884 1909 1885
 1885 1909 1910
 1885 1910 1886
 1886 1910 1857
 1857 1910 1887
 1887 1911 1888
 1888 1911 1912
 1888 1912 1889
 1889 1912 1913
 1889 1913 1890
 1890 1913 1914
 1890 1914 1891
 1891 1914 1892
 1892 1914 1915
 1892 1915 1893
 1893 1915 1916
 1893 1916 1894
 1894 1916 1917
 1894 1917 1895
 1895 1917 1918
 1895 1918 1896
 1896 1918 1897
 1897 1918 1919
 1897 1919 1898
 1898 1919 1920
 1898 1920 1899
 1899 1920 1921
 1899 1921 1900
 1900 1921 1922
 1900 1922 1901
 1901 1922 1902
 1902 1922 1923
 1902 1923 1903
 1903 1923 1924
 1903 1924 1904
 1904 1924 1925
 1904 1925 1905
 1905 1925 1926
 1905 1926 1906
 1906 1926 1907
 1907 1926 1927
 1907 1927 1908
 1908 1927 1928
 1908 1928 1909
 1909 1928 1929
 1909 1929 1910
 1910 1929 1887
 1887 1929 1911
 1911 1930 1912
 1912 1930 1931
 1912 1931 1913
 1913 1931 1914
 1914 1931 1932
 1914 1932 1915
 1915 1932 1933
 1915 1933 1916
 1916 1933 1917
 1917 1933 1934
 1917 1934 1918
 1918 1934 1935
 1918 1935 1919
 1919 1935 1920
 1920 1935 1936
 1920 1936 1921
 1921 1936 1922
 1922 1936 1937
 1922 1937 1923
 1923 1937 1938
 1923 1938 1924
 1924 1938 1925
 1925 1938 1939
 1925 1939 1926
 1926 1939 1940
 1926 1940 1927
 1927 1940 1928
 1928 1940 1941
 1928 1941 1929
 1929 1941 1911
 1911 1941 1930
 1930 1942 1931
 1931 1942 1932
 1932 1942 1943
 1932 1943 1933
 1933 1943 1934
 1934 1943 1944
 1934 1944 1935
 1935 1944 1936
 1936 1944 1945
 1936 1945 1937
 1937 1945 1938
 1938 1945 1946
 1938 1946 1939
 1939 1946 1940
 1940 1946 1947
 1940 1947 1941
 1941 1947 1930
 1930 1947 1942
 1942 1948 1943
 1943 1948 1944
 1944 1948 1945
 1945 1948 1946
 1946 1948 1947
 1947 1948 1942
 1184 214 213
 216 215 1182
 217 216 1182
 1232 261 260
 262 217 1181
 1181 217 1182
 263 262 1180
 1180 262 1181
 1281 306 351
 307 263 1180
 308 307 1179
 1179 307 1180
 351 350 1330
 352 308 1231
 350 394 1380
 350 1380 1330
 395 352 1231
 394 437 1430
 394 1430 1380
 438 395 1280
 1280 395 1231
 437 480 1430
 481 438 1280
 482 481 1329
 1329 481 1280
 1480 480 522
 523 482 1329
 1480 563 603
 564 523 1379
 1379 523 1329
 604 564 1429
 1429 564 1379
 1576 641 677
 642 604 1429
 678 642 1479
 1479 642 1429
 677 711 1622
 1527 678 1479
 711 743 1622
 744 712 1575
 743 773 1668
 743 1668 1622
 774 744 1575
 1714 773 799
 800 774 1621
 1621 774 1575
 799 822 1713
 823 800 1667
 822 843 1713
 844 823 1667
 843 860 1713
 861 844 1712
 1759 875 876
 1756 861 1712
 877 876 888
 877 878 1757
 876 877 1757
 876 1757 1758
 1179 1178 1231
 1179 1231 308
 1183 1182 215
 1184 1183 215
 1232 1184 213
 214 1184 215
 1281 1232 260
 261 1232 213
 1330 1281 351
 306 1281 260
 1431 1430 1480
 678 1527 712
 712 1527 1575
 1528 1480 603
 1576 1528 603
 1622 1576 677
 641 1576 603
 1621 1666 1667
 1621 1667 800
 1667 1711 844
 844 1711 1712
 773 1714 1668
 1714 799 1713
 861 1756 878
 878 1756 1757
 1759 1713 860
 1758 1759 876
 875 1759 860
 480 1480 1430
 563 1480 522
