time,flux,error,mask,visit1,visit2,visit3,visit4,visit5,visit6,visit7,visit8,visit9
60270.87377409,0.999163953,8.805967e-4,0,0,0,0,0,0,0,0,0,0
60270.87423474,1.000028875,8.808613e-4,0,0,0,0,0,0,0,0,0,0
60270.87469538,1.000568532,8.806856e-4,0,0,0,0,0,0,0,0,0,0
60270.87515603,1.001452405,8.806589e-4,0,0,0,0,0,0,0,0,0,0
60270.87561668,1.000004844,8.799725e-4,0,0,0,0,0,0,0,0,0,0
60270.87607732,0.999939678,8.810277e-4,0,0,0,0,0,0,0,0,0,0
60270.87653797,1.000209964,8.806701e-4,0,0,0,0,0,0,0,0,0,0
60270.87699862,1.002400845,8.803438e-4,0,0,0,0,0,0,0,0,0,0
60270.87745927,1.000444125,8.801602e-4,0,0,0,0,0,0,0,0,0,0
60270.87791991,0.999807311,8.805500e-4,0,0,0,0,0,0,0,0,0,0
60270.87838056,1.000089626,8.802715e-4,0,0,0,0,0,0,0,0,0,0
60270.87884121,0.999708702,8.808029e-4,0,0,0,0,0,0,0,0,0,0
60270.87930186,1.001273344,8.805997e-4,0,0,0,0,0,0,0,0,0,0
60270.87976250,1.000257824,8.804313e-4,0,0,0,0,0,0,0,0,0,0
60270.88022315,0.999633075,8.809167e-4,0,0,0,0,0,0,0,0,0,0
60270.88068380,1.000204600,8.809600e-4,0,0,0,0,0,0,0,0,0,0
60270.88114444,1.001860972,8.802408e-4,0,0,0,0,0,0,0,0,0,0
60270.88160509,1.000402010,8.800796e-4,0,0,0,0,0,0,0,0,0,0
60270.88206574,0.999933338,8.806784e-4,0,0,0,0,0,0,0,0,0,0
60270.88252639,0.999053618,8.804391e-4,0,0,0,0,0,0,0,0,0,0
60270.88298703,0.999757137,8.840653e-4,0,0,0,0,0,0,0,0,0,0
60270.88344768,1.000292144,8.801086e-4,0,0,0,0,0,0,0,0,0,0
60270.88390833,1.000491925,8.801319e-4,0,0,0,0,0,0,0,0,0,0
60270.88436898,1.001772170,8.802232e-4,0,0,0,0,0,0,0,0,0,0
60270.88482962,1.001684208,8.807565e-4,0,0,0,0,0,0,0,0,0,0
60270.88529027,1.001949147,8.801797e-4,0,0,0,0,0,0,0,0,0,0
60270.88575092,1.000436840,8.802015e-4,0,0,0,0,0,0,0,0,0,0
60270.88621156,1.001058128,8.805111e-4,0,0,0,0,0,0,0,0,0,0
60270.88667221,0.999086926,8.803007e-4,0,0,0,0,0,0,0,0,0,0
60270.88713286,1.000386546,8.800798e-4,0,0,0,0,0,0,0,0,0,0
60270.88759351,1.000024530,8.805894e-4,0,0,0,0,0,0,0,0,0,0
60270.88805415,1.000088230,8.801588e-4,0,0,0,0,0,0,0,0,0,0
60270.88851480,1.001349861,8.807087e-4,0,0,0,0,0,0,0,0,0,0
60270.88897545,1.000127735,8.802169e-4,0,0,0,0,0,0,0,0,0,0
60270.88943609,1.000681115,8.800678e-4,0,0,0,0,0,0,0,0,0,0
60270.88989674,1.000099088,8.798777e-4,0,0,0,0,0,0,0,0,0,0
60270.89035739,1.000020025,8.802818e-4,0,0,0,0,0,0,0,0,0,0
60270.89081804,1.000711736,8.802780e-4,0,0,0,0,0,0,0,0,0,0
60270.89127868,1.000862152,8.805825e-4,0,0,0,0,0,0,0,0,0,0
60270.89173933,1.000646590,8.803917e-4,0,0,0,0,0,0,0,0,0,0
60270.89219998,0.999474660,8.803171e-4,0,0,0,0,0,0,0,0,0,0
60270.89266063,0.999633175,8.801987e-4,0,0,0,0,0,0,0,0,0,0
60270.89312127,1.000476493,8.803375e-4,0,0,0,0,0,0,0,0,0,0
60270.89358192,1.001760750,8.804735e-4,0,0,0,0,0,0,0,0,0,0
60270.89404257,1.002701067,8.803731e-4,0,0,0,0,0,0,0,0,0,0
60270.89450321,1.000121574,8.804362e-4,0,0,0,0,0,0,0,0,0,0
60270.89496386,1.001051901,8.803785e-4,0,0,0,0,0,0,0,0,0,0
60270.89542451,0.999922035,8.800892e-4,0,0,0,0,0,0,0,0,0,0
60270.89588516,0.999973431,8.802793e-4,0,0,0,0,0,0,0,0,0,0
60270.89634580,0.999750238,8.804371e-4,0,0,0,0,0,0,0,0,0,0
60270.89680645,1.000124638,8.808797e-4,0,0,0,0,0,0,0,0,0,0
60270.89726710,1.000212209,8.806252e-4,0,0,0,0,0,0,0,0,0,0
60270.89772775,1.000487081,8.805711e-4,0,0,0,0,0,0,0,0,0,0
60270.89818839,0.999299900,8.807361e-4,0,0,0,0,0,0,0,0,0,0
60270.89864904,1.001287382,8.807187e-4,0,0,0,0,0,0,0,0,0,0
60270.89910969,0.999763570,8.807472e-4,0,0,0,0,0,0,0,0,0,0
60270.89957033,1.000649390,8.807589e-4,0,0,0,0,0,0,0,0,0,0
60270.90003098,0.999863950,8.805989e-4,0,0,0,0,0,0,0,0,0,0
60270.90049163,1.000808608,8.807417e-4,0,0,0,0,0,0,0,0,0,0
60270.90095228,1.001334934,8.804857e-4,0,0,0,0,0,0,0,0,0,0
60270.90141292,0.999196131,8.807991e-4,0,0,0,0,0,0,0,0,0,0
60270.90187357,0.999365235,8.801498e-4,0,0,0,0,0,0,0,0,0,0
60270.90233422,1.001469620,8.808378e-4,0,0,0,0,0,0,0,0,0,0
60270.90279487,1.000266602,8.807881e-4,0,0,0,0,0,0,0,0,0,0
60270.90325551,1.000772118,8.801890e-4,0,0,0,0,0,0,0,0,0,0
60270.90371616,1.001082635,8.803419e-4,0,0,0,0,0,0,0,0,0,0
60270.90417681,1.000183679,8.801186e-4,0,0,0,0,0,0,0,0,0,0
60270.90463745,0.999066092,8.806603e-4,0,0,0,0,0,0,0,0,0,0
60270.90509810,1.000364549,8.802965e-4,0,0,0,0,0,0,0,0,0,0
60270.90555875,0.999769975,8.804104e-4,0,0,0,0,0,0,0,0,0,0
60270.90601940,1.000919425,8.808438e-4,0,0,0,0,0,0,0,0,0,0
60270.90648004,1.000776986,8.805687e-4,0,0,0,0,0,0,0,0,0,0
60270.90694069,1.001265254,8.803693e-4,0,0,0,0,0,0,0,0,0,0
60270.90740134,1.000930725,8.803424e-4,0,0,0,0,0,0,0,0,0,0
60270.90786199,1.001342967,8.806859e-4,0,0,0,0,0,0,0,0,0,0
60270.90832263,1.001243719,8.805748e-4,0,0,0,0,0,0,0,0,0,0
60270.90878328,1.000687795,8.814281e-4,0,0,0,0,0,0,0,0,0,0
60270.90924393,1.000615502,8.805006e-4,0,0,0,0,0,0,0,0,0,0
60270.90970457,0.999256955,8.810590e-4,0,0,0,0,0,0,0,0,0,0
60270.91016522,0.999959508,8.804182e-4,0,0,0,0,0,0,0,0,0,0
60270.91062587,0.999881286,8.807438e-4,0,0,0,0,0,0,0,0,0,0
60270.91108652,1.000399995,8.804522e-4,0,0,0,0,0,0,0,0,0,0
60270.91154716,0.999754167,8.806356e-4,0,0,0,0,0,0,0,0,0,0
60270.91200781,1.001080189,8.801566e-4,0,0,0,0,0,0,0,0,0,0
60270.91246846,1.001905784,8.799706e-4,0,0,0,0,0,0,0,0,0,0
60270.91292911,1.001195243,8.804969e-4,0,0,0,0,0,0,0,0,0,0
60270.91338975,1.000307428,8.805010e-4,0,0,0,0,0,0,0,0,0,0
60270.91385040,1.000205703,8.805698e-4,0,0,0,0,0,0,0,0,0,0
60270.91431105,0.999439338,8.802369e-4,0,0,0,0,0,0,0,0,0,0
60270.91477169,1.000270216,8.801207e-4,0,0,0,0,0,0,0,0,0,0
60270.91523234,1.001035020,8.802739e-4,0,0,0,0,0,0,0,0,0,0
60270.91569299,0.999106491,8.803736e-4,0,0,0,0,0,0,0,0,0,0
60270.91615364,1.000819968,8.801289e-4,0,0,0,0,0,0,0,0,0,0
60270.91661428,0.999979237,8.805272e-4,0,0,0,0,0,0,0,0,0,0
60270.91707493,1.000203678,8.803783e-4,0,0,0,0,0,0,0,0,0,0
60270.91753558,1.000538254,8.802697e-4,0,0,0,0,0,0,0,0,0,0
60270.91799623,1.001003147,8.806961e-4,0,0,0,0,0,0,0,0,0,0
60270.91845687,1.000458687,8.804192e-4,0,0,0,0,0,0,0,0,0,0
60270.91891752,0.999528895,8.803490e-4,0,0,0,0,0,0,0,0,0,0
60270.91937817,1.000548679,8.805697e-4,0,0,0,0,0,0,0,0,0,0
60270.91983881,1.000616047,8.808329e-4,0,0,0,0,0,0,0,0,0,0
60270.92029946,0.999734401,8.807582e-4,0,0,0,0,0,0,0,0,0,0
60270.92076011,1.000038037,8.808512e-4,0,0,0,0,0,0,0,0,0,0
60270.92122076,1.002046559,8.809140e-4,0,0,0,0,0,0,0,0,0,0
60270.92168140,0.999196779,8.808327e-4,0,0,0,0,0,0,0,0,0,0
60270.92214205,1.001202931,8.805710e-4,0,0,0,0,0,0,0,0,0,0
60270.92260270,1.001680866,8.808461e-4,0,0,0,0,0,0,0,0,0,0
60270.92306334,0.999933691,8.803953e-4,0,0,0,0,0,0,0,0,0,0
60270.92352399,1.000919594,8.804224e-4,0,0,0,0,0,0,0,0,0,0
60270.92398464,1.000686010,8.801975e-4,0,0,0,0,0,0,0,0,0,0
60270.92444529,1.000518328,8.806875e-4,0,0,0,0,0,0,0,0,0,0
60270.92490593,1.001563114,8.808788e-4,0,0,0,0,0,0,0,0,0,0
60270.92536658,1.000208282,8.802353e-4,0,0,0,0,0,0,0,0,0,0
60270.92582723,1.000633827,8.803944e-4,0,0,0,0,0,0,0,0,0,0
60270.92628788,0.998782572,8.803823e-4,0,0,0,0,0,0,0,0,0,0
60270.92674852,1.000659352,8.804993e-4,0,0,0,0,0,0,0,0,0,0
60270.92720917,0.999388298,8.806246e-4,0,0,0,0,0,0,0,0,0,0
60270.92766982,1.002002422,8.803175e-4,0,0,0,0,0,0,0,0,0,0
60270.92813046,1.000068388,8.804025e-4,0,0,0,0,0,0,0,0,0,0
60270.92859111,1.001125629,8.805562e-4,0,0,0,0,0,0,0,0,0,0
60270.92905176,0.999111985,8.804509e-4,0,0,0,0,0,0,0,0,0,0
60270.92951241,1.000346179,8.803829e-4,0,0,0,0,0,0,0,0,0,0
60270.92997305,0.998450571,8.808156e-4,0,0,0,0,0,0,0,0,0,0
60270.93043370,1.000540139,8.801790e-4,0,0,0,0,0,0,0,0,0,0
60270.93089435,1.001260912,8.805021e-4,0,0,0,0,0,0,0,0,0,0
60270.93135500,1.000867389,8.802817e-4,0,0,0,0,0,0,0,0,0,0
60270.93181564,1.001264073,8.803533e-4,0,0,0,0,0,0,0,0,0,0
60270.93227629,1.000630545,8.800950e-4,0,0,0,0,0,0,0,0,0,0
60270.93273694,1.001003085,8.801857e-4,0,0,0,0,0,0,0,0,0,0
60270.93319758,0.998374284,8.805362e-4,0,0,0,0,0,0,0,0,0,0
60270.93365823,0.999680321,8.801825e-4,0,0,0,0,0,0,0,0,0,0
60270.93411888,1.001313943,8.806894e-4,0,0,0,0,0,0,0,0,0,0
60270.93457953,1.000057999,8.803463e-4,0,0,0,0,0,0,0,0,0,0
60270.93504017,1.001126250,8.804257e-4,0,0,0,0,0,0,0,0,0,0
60270.93550082,1.000535202,8.804495e-4,0,0,0,0,0,0,0,0,0,0
60270.93596147,0.999328891,8.805358e-4,0,0,0,0,0,0,0,0,0,0
60270.93642212,1.001016980,8.797327e-4,0,0,0,0,0,0,0,0,0,0
60270.93688276,0.999529109,8.801705e-4,0,0,0,0,0,0,0,0,0,0
60270.93734341,0.998842176,8.805511e-4,0,0,0,0,0,0,0,0,0,0
60270.93780406,0.999031666,8.803427e-4,0,0,0,0,0,0,0,0,0,0
60270.93826470,1.001577143,8.800275e-4,0,0,0,0,0,0,0,0,0,0
60270.93872535,1.000171243,8.799891e-4,0,0,0,0,0,0,0,0,0,0
60270.93918600,0.999283351,8.802057e-4,0,0,0,0,0,0,0,0,0,0
60270.93964665,1.001130410,8.802642e-4,0,0,0,0,0,0,0,0,0,0
60270.94010729,1.000888439,8.803718e-4,0,0,0,0,0,0,0,0,0,0
60270.94056794,1.000986646,8.801863e-4,0,0,0,0,0,0,0,0,0,0
60270.94102859,0.999095643,8.804529e-4,0,0,0,0,0,0,0,0,0,0
60270.94148923,1.000565716,8.804590e-4,0,0,0,0,0,0,0,0,0,0
60270.94194988,1.000978355,8.806324e-4,0,0,0,0,0,0,0,0,0,0
60270.94241053,0.999858520,8.805024e-4,0,0,0,0,0,0,0,0,0,0
60270.94287118,1.001092429,8.802891e-4,0,0,0,0,0,0,0,0,0,0
60270.94333182,1.000863330,8.801761e-4,0,0,0,0,0,0,0,0,0,0
60270.94379247,0.998512795,8.801790e-4,0,0,0,0,0,0,0,0,0,0
60270.94425312,1.001297876,8.801007e-4,0,0,0,0,0,0,0,0,0,0
60270.94471377,0.999645180,8.804743e-4,0,0,0,0,0,0,0,0,0,0
60270.94517441,1.000714243,8.803334e-4,0,0,0,0,0,0,0,0,0,0
60270.94563506,1.000186439,8.799745e-4,0,0,0,0,0,0,0,0,0,0
60270.94609571,1.000189005,8.805367e-4,0,0,0,0,0,0,0,0,0,0
60270.94655635,0.999844821,8.806015e-4,0,0,0,0,0,0,0,0,0,0
60270.94701700,1.000285936,8.803107e-4,0,0,0,0,0,0,0,0,0,0
60270.94747765,1.000280994,8.806085e-4,0,0,0,0,0,0,0,0,0,0
60270.94793830,1.001258250,8.801512e-4,0,0,0,0,0,0,0,0,0,0
60270.94839894,1.000512052,8.801942e-4,0,0,0,0,0,0,0,0,0,0
60270.94885959,1.000291176,8.813427e-4,0,0,0,0,0,0,0,0,0,0
60270.94932024,1.000627614,8.805463e-4,0,0,0,0,0,0,0,0,0,0
60270.94978089,1.001806881,8.801658e-4,0,0,0,0,0,0,0,0,0,0
60270.95024153,1.000117428,8.803707e-4,0,0,0,0,0,0,0,0,0,0
60270.95070218,1.000606004,8.813394e-4,0,0,0,0,0,0,0,0,0,0
60270.95116283,1.001344033,8.800614e-4,0,0,0,0,0,0,0,0,0,0
60270.95162347,1.001415644,8.801695e-4,0,0,0,0,0,0,0,0,0,0
60270.95208412,1.000150876,8.804429e-4,0,0,0,0,0,0,0,0,0,0
60270.95254477,0.999566414,8.800992e-4,0,0,0,0,0,0,0,0,0,0
60270.95300542,1.000424196,8.800795e-4,0,0,0,0,0,0,0,0,0,0
60270.95346606,0.999673328,8.801396e-4,0,0,0,0,0,0,0,0,0,0
60270.95392671,1.000594626,8.803916e-4,0,0,0,0,0,0,0,0,0,0
60270.95438736,1.000286413,8.804888e-4,0,0,0,0,0,0,0,0,0,0
60270.95484801,0.999378651,8.800211e-4,0,0,0,0,0,0,0,0,0,0
60270.95530865,1.000477843,8.801545e-4,0,0,0,0,0,0,0,0,0,0
60270.95576930,0.999049885,8.803426e-4,0,0,0,0,0,0,0,0,0,0
60270.95622995,1.000806888,8.812881e-4,0,0,0,0,0,0,0,0,0,0
60270.95669059,1.000556207,8.804794e-4,0,0,0,0,0,0,0,0,0,0
60270.95715124,1.002129431,8.801846e-4,0,0,0,0,0,0,0,0,0,0
60270.95761189,0.999862418,8.802434e-4,0,0,0,0,0,0,0,0,0,0
60270.95807254,0.999192088,8.805355e-4,0,0,0,0,0,0,0,0,0,0
60270.95853318,0.999845954,8.802451e-4,0,0,0,0,0,0,0,0,0,0
60270.95899383,1.000460560,8.800589e-4,0,0,0,0,0,0,0,0,0,0
60270.95945448,0.998602605,8.806520e-4,0,0,0,0,0,0,0,0,0,0
60270.95991512,1.000457909,8.799283e-4,0,0,0,0,0,0,0,0,0,0
60270.96037577,0.999975069,8.802825e-4,0,0,0,0,0,0,0,0,0,0
60270.96083642,1.000227673,8.798835e-4,0,0,0,0,0,0,0,0,0,0
60270.96129707,0.999674270,8.802451e-4,0,0,0,0,0,0,0,0,0,0
60270.96175771,1.000501325,8.806425e-4,0,0,0,0,0,0,0,0,0,0
60270.96221836,0.999826067,8.811481e-4,0,0,0,0,0,0,0,0,0,0
60270.96267901,1.001210159,8.799140e-4,0,0,0,0,0,0,0,0,0,0
60270.96313966,1.000825908,8.800167e-4,0,0,0,0,0,0,0,0,0,0
60270.96360030,0.999919573,8.803869e-4,0,0,0,0,0,0,0,0,0,0
60270.96406095,0.999573310,8.800954e-4,0,0,0,0,0,0,0,0,0,0
60270.96452160,0.999549955,8.802389e-4,0,0,0,0,0,0,0,0,0,0
60270.96498224,1.000213975,8.802562e-4,0,0,0,0,0,0,0,0,0,0
60270.96544289,1.000993078,8.803666e-4,0,0,0,0,0,0,0,0,0,0
60270.96590354,0.999848955,8.805770e-4,0,0,0,0,0,0,0,0,0,0
60270.96636419,0.998331624,8.800532e-4,0,0,0,0,0,0,0,0,0,0
60270.96682483,1.000513617,8.802407e-4,0,0,0,0,0,0,0,0,0,0
60270.96728548,1.002268221,8.803986e-4,0,0,0,0,0,0,0,0,0,0
60270.96774613,1.000566947,8.802050e-4,0,0,0,0,0,0,0,0,0,0
60270.96820678,1.000011828,8.826215e-4,0,0,0,0,0,0,0,0,0,0
60270.96866742,1.000631951,8.798810e-4,0,0,0,0,0,0,0,0,0,0
60270.96912807,1.001551202,8.798907e-4,0,0,0,0,0,0,0,0,0,0
60270.96958872,1.000651005,8.807774e-4,0,0,0,0,0,0,0,0,0,0
60270.97004936,1.001750798,8.801382e-4,0,0,0,0,0,0,0,0,0,0
60270.97051001,0.999464722,8.798545e-4,0,0,0,0,0,0,0,0,0,0
60270.97097066,1.000968305,8.800131e-4,0,0,0,0,0,0,0,0,0,0
60270.97143131,0.999131093,8.804564e-4,0,0,0,0,0,0,0,0,0,0
60270.97189195,1.000858234,8.801725e-4,0,0,0,0,0,0,0,0,0,0
60270.97235260,0.999794659,8.804474e-4,0,0,0,0,0,0,0,0,0,0
60270.97281325,1.000642801,8.801851e-4,0,0,0,0,0,0,0,0,0,0
60270.97327390,1.001043026,8.802571e-4,0,0,0,0,0,0,0,0,0,0
60270.97373454,0.999962733,8.804696e-4,0,0,0,0,0,0,0,0,0,0
60270.97419519,1.000001318,8.802255e-4,0,0,0,0,0,0,0,0,0,0
60270.97465584,0.998936478,8.803884e-4,0,0,0,0,0,0,0,0,0,0
60270.97511648,1.001990768,8.803388e-4,0,0,0,0,0,0,0,0,0,0
60270.97557713,0.999752700,8.803504e-4,0,0,0,0,0,0,0,0,0,0
60270.97603778,0.999762622,8.801946e-4,0,0,0,0,0,0,0,0,0,0
60270.97649843,1.000613410,8.799419e-4,0,0,0,0,0,0,0,0,0,0
60270.97695907,0.999012890,8.798035e-4,0,0,0,0,0,0,0,0,0,0
60270.97741972,1.000000310,8.799912e-4,0,0,0,0,0,0,0,0,0,0
60270.97788037,1.002149340,8.801138e-4,0,0,0,0,0,0,0,0,0,0
60270.97834101,1.000808864,8.802138e-4,0,0,0,0,0,0,0,0,0,0
60270.97880166,1.000642813,8.800165e-4,0,0,0,0,0,0,0,0,0,0
60270.97926231,0.999735555,8.800731e-4,0,0,0,0,0,0,0,0,0,0
60270.97972296,1.000746211,8.801000e-4,0,0,0,0,0,0,0,0,0,0
60270.98018360,1.001438708,8.800440e-4,0,0,0,0,0,0,0,0,0,0
60270.98064425,1.000456542,8.798223e-4,0,0,0,0,0,0,0,0,0,0
60270.98110490,0.999079251,8.802073e-4,0,0,0,0,0,0,0,0,0,0
60270.98156555,1.001298141,8.801032e-4,0,0,0,0,0,0,0,0,0,0
60270.98202619,1.000198400,8.802199e-4,0,0,0,0,0,0,0,0,0,0
60270.98248684,1.000057917,8.804984e-4,0,0,0,0,0,0,0,0,0,0
60270.98294749,1.000294597,8.796546e-4,0,0,0,0,0,0,0,0,0,0
60270.98340813,0.999604147,8.800177e-4,0,0,0,0,0,0,0,0,0,0
60270.98386878,0.999595991,8.803747e-4,0,0,0,0,0,0,0,0,0,0
60270.98432943,0.999440339,8.799918e-4,0,0,0,0,0,0,0,0,0,0
60270.98479008,1.001000726,8.799801e-4,0,0,0,0,0,0,0,0,0,0
60270.98525072,1.000050371,8.801096e-4,0,0,0,0,0,0,0,0,0,0
60270.98571137,0.999662237,8.803179e-4,0,0,0,0,0,0,0,0,0,0
60270.98617202,1.000072599,8.802987e-4,0,0,0,0,0,0,0,0,0,0
60270.98663267,0.999864809,8.798858e-4,0,0,0,0,0,0,0,0,0,0
60270.98709331,0.999511067,8.800980e-4,0,0,0,0,0,0,0,0,0,0
60270.98755396,1.000800069,8.814883e-4,0,0,0,0,0,0,0,0,0,0
60270.98801461,0.999728001,8.805377e-4,0,0,0,0,0,0,0,0,0,0
60270.98847525,1.000320960,8.800268e-4,0,0,0,0,0,0,0,0,0,0
60270.98893590,1.000378151,8.804767e-4,0,0,0,0,0,0,0,0,0,0
60270.98939655,0.998745354,8.801098e-4,0,0,0,0,0,0,0,0,0,0
60270.98985720,1.001713083,8.805672e-4,0,0,0,0,0,0,0,0,0,0
60270.99031784,0.998943171,8.800980e-4,0,0,0,0,0,0,0,0,0,0
60270.99077849,1.000240304,8.804566e-4,0,0,0,0,0,0,0,0,0,0
60270.99123914,1.000338692,8.798304e-4,0,0,0,0,0,0,0,0,0,0
60270.99169978,0.999988398,8.813925e-4,0,0,0,0,0,0,0,0,0,0
60270.99216043,1.000323065,8.801341e-4,0,0,0,0,0,0,0,0,0,0
60270.99262108,0.999881368,8.799334e-4,0,0,0,0,0,0,0,0,0,0
60270.99308173,0.999961864,8.823045e-4,0,0,0,0,0,0,0,0,0,0
60270.99354237,1.001027777,8.800394e-4,0,0,0,0,0,0,0,0,0,0
60270.99400302,1.001517696,8.799036e-4,0,0,0,0,0,0,0,0,0,0
60270.99446367,0.999843025,8.798145e-4,0,0,0,0,0,0,0,0,0,0
60270.99492432,1.000945012,8.800038e-4,0,0,0,0,0,0,0,0,0,0
60270.99538496,1.000050958,8.802319e-4,0,0,0,0,0,0,0,0,0,0
60270.99584561,1.000950172,8.798710e-4,0,0,0,0,0,0,0,0,0,0
60270.99630626,1.001057979,8.802919e-4,0,0,0,0,0,0,0,0,0,0
60270.99676690,0.999465148,8.798493e-4,0,0,0,0,0,0,0,0,0,0
60270.99722755,1.000872674,8.800754e-4,0,0,0,0,0,0,0,0,0,0
60270.99768820,0.998314396,8.809556e-4,0,0,0,0,0,0,0,0,0,0
60270.99814885,1.001413896,8.800597e-4,0,0,0,0,0,0,0,0,0,0
60270.99860949,1.001337617,8.800954e-4,0,0,0,0,0,0,0,0,0,0
60270.99907014,1.000492884,8.799657e-4,0,0,0,0,0,0,0,0,0,0
60270.99953079,0.999678312,8.797068e-4,0,0,0,0,0,0,0,0,0,0
60270.99999144,1.001163902,8.800010e-4,0,0,0,0,0,0,0,0,0,0
60271.00045208,1.000671937,8.799717e-4,0,0,0,0,0,0,0,0,0,0
60271.00091273,0.999625443,8.802120e-4,0,0,0,0,0,0,0,0,0,0
60271.00137338,1.001166171,8.800973e-4,0,0,0,0,0,0,0,0,0,0
60271.00183402,0.999109947,8.802388e-4,0,0,0,0,0,0,0,0,0,0
60271.00229467,1.000399351,8.798839e-4,0,0,0,0,0,0,0,0,0,0
60271.00275532,0.999312530,8.799964e-4,0,0,0,0,0,0,0,0,0,0
60271.00321597,1.000074988,8.802408e-4,0,0,0,0,0,0,0,0,0,0
60271.00367661,0.999399011,8.800665e-4,0,0,0,0,0,0,0,0,0,0
60271.00413726,1.000318808,8.797656e-4,0,0,0,0,0,0,0,0,0,0
60271.00459791,1.000845486,8.801837e-4,0,0,0,0,0,0,0,0,0,0
60271.00505855,1.000172853,8.800153e-4,0,0,0,0,0,0,0,0,0,0
60271.00551920,0.998104288,8.799712e-4,0,0,0,0,0,0,0,0,0,0
60271.00597985,1.000573142,8.799652e-4,0,0,0,0,0,0,0,0,0,0
60271.00644050,0.999966620,8.798860e-4,0,0,0,0,0,0,0,0,0,0
60271.00690114,1.000870051,8.799851e-4,0,0,0,0,0,0,0,0,0,0
60271.00736179,0.999623052,8.798955e-4,0,0,0,0,0,0,0,0,0,0
60271.00782244,0.999602608,8.800624e-4,0,0,0,0,0,0,0,0,0,0
60271.00828309,0.999474330,8.798942e-4,0,0,0,0,0,0,0,0,0,0
60271.00874373,0.999718097,8.800062e-4,0,0,0,0,0,0,0,0,0,0
60271.00920438,1.000590031,8.796664e-4,0,0,0,0,0,0,0,0,0,0
60271.00966503,0.998933489,8.804984e-4,0,0,0,0,0,0,0,0,0,0
60271.01012567,0.999385139,8.800627e-4,0,0,0,0,0,0,0,0,0,0
60271.01058632,1.000826780,8.801831e-4,0,0,0,0,0,0,0,0,0,0
60271.01104697,1.000277028,8.802698e-4,0,0,0,0,0,0,0,0,0,0
60271.01150762,1.000846920,8.797419e-4,0,0,0,0,0,0,0,0,0,0
60271.01196826,0.999918796,8.801577e-4,0,0,0,0,0,0,0,0,0,0
60271.01242891,1.000610998,8.802794e-4,0,0,0,0,0,0,0,0,0,0
60271.01288956,1.001464730,8.802722e-4,0,0,0,0,0,0,0,0,0,0
60271.01335020,0.999503039,8.804360e-4,0,0,0,0,0,0,0,0,0,0
60271.01381085,1.001555262,8.802118e-4,0,0,0,0,0,0,0,0,0,0
60271.01427150,1.000950036,8.806080e-4,0,0,0,0,0,0,0,0,0,0
60271.01473215,1.000934535,8.800301e-4,0,0,0,0,0,0,0,0,0,0
60271.01519279,1.000288931,8.799370e-4,0,0,0,0,0,0,0,0,0,0
60271.01565344,1.000065662,8.798082e-4,0,0,0,0,0,0,0,0,0,0
60271.01611409,0.998695353,8.804535e-4,0,0,0,0,0,0,0,0,0,0
60271.01657474,0.999999444,8.802780e-4,0,0,0,0,0,0,0,0,0,0
60271.01703538,1.000392416,8.800941e-4,0,0,0,0,0,0,0,0,0,0
60271.01749603,1.000028064,8.803142e-4,0,0,0,0,0,0,0,0,0,0
60271.01795668,1.000701826,8.802985e-4,0,0,0,0,0,0,0,0,0,0
60271.01841732,1.000988349,8.798878e-4,0,0,0,0,0,0,0,0,0,0
60271.01887797,1.000281623,8.800104e-4,0,0,0,0,0,0,0,0,0,0
60271.01933862,1.000927165,8.801355e-4,0,0,0,0,0,0,0,0,0,0
60271.01979927,1.000069071,8.806147e-4,0,0,0,0,0,0,0,0,0,0
60271.02025991,1.000295229,8.802698e-4,0,0,0,0,0,0,0,0,0,0
60271.02072056,0.999887700,8.804903e-4,0,0,0,0,0,0,0,0,0,0
60271.02118121,1.000196675,8.801260e-4,0,0,0,0,0,0,0,0,0,0
60271.02164186,0.999744495,8.799242e-4,0,0,0,0,0,0,0,0,0,0
60271.02210250,1.001086511,8.804921e-4,0,0,0,0,0,0,0,0,0,0
60271.02256315,1.001168313,8.799198e-4,0,0,0,0,0,0,0,0,0,0
60271.02302380,0.998666086,8.801697e-4,0,0,0,0,0,0,0,0,0,0
60271.02348444,1.000856755,8.802868e-4,0,0,0,0,0,0,0,0,0,0
60271.02394509,1.001915054,8.799439e-4,0,0,0,0,0,0,0,0,0,0
60271.02440574,0.999392308,8.804062e-4,0,0,0,0,0,0,0,0,0,0
60271.02486639,1.000220914,8.801486e-4,0,0,0,0,0,0,0,0,0,0
60271.02532703,1.000800434,8.801083e-4,0,0,0,0,0,0,0,0,0,0
60271.02578768,0.999652074,8.802165e-4,0,0,0,0,0,0,0,0,0,0
60271.02624833,1.000797480,8.802572e-4,0,0,0,0,0,0,0,0,0,0
60271.02670897,1.001093365,8.799125e-4,0,0,0,0,0,0,0,0,0,0
60271.02716962,0.999467942,8.802548e-4,0,0,0,0,0,0,0,0,0,0
60271.02763027,1.000524849,8.800000e-4,0,0,0,0,0,0,0,0,0,0
60271.02809092,0.998924094,8.800693e-4,0,0,0,0,0,0,0,0,0,0
60271.02855156,1.000422227,8.806505e-4,0,0,0,0,0,0,0,0,0,0
60271.02901221,0.999880787,8.801227e-4,0,0,0,0,0,0,0,0,0,0
60271.02947286,1.000626326,8.804621e-4,0,0,0,0,0,0,0,0,0,0
60271.02993351,1.000180774,8.802292e-4,0,0,0,0,0,0,0,0,0,0
60271.03039415,0.999104638,8.800624e-4,0,0,0,0,0,0,0,0,0,0
60271.03085480,0.999234742,8.803324e-4,0,0,0,0,0,0,0,0,0,0
60271.03131545,1.001275650,8.804259e-4,0,0,0,0,0,0,0,0,0,0
60271.03177609,1.000240891,8.802364e-4,0,0,0,0,0,0,0,0,0,0
60271.03223674,1.000742802,8.799320e-4,0,0,0,0,0,0,0,0,0,0
60271.03269739,0.999815071,8.802101e-4,0,0,0,0,0,0,0,0,0,0
60271.03315804,0.999284090,8.800120e-4,0,0,0,0,0,0,0,0,0,0
60271.03361868,1.000225736,8.803310e-4,0,0,0,0,0,0,0,0,0,0
60271.03407933,0.999461056,8.803972e-4,0,0,0,0,0,0,0,0,0,0
60271.03453998,0.999948758,8.805063e-4,0,0,0,0,0,0,0,0,0,0
60271.03500062,1.000857219,8.800399e-4,0,0,0,0,0,0,0,0,0,0
60271.03546127,0.999237421,8.801555e-4,0,0,0,0,0,0,0,0,0,0
60271.03592192,0.999892992,8.824237e-4,0,0,0,0,0,0,0,0,0,0
60271.03638257,1.000662150,8.802049e-4,0,0,0,0,0,0,0,0,0,0
60271.03684321,0.999069608,8.797137e-4,0,0,0,0,0,0,0,0,0,0
60271.03730386,1.000713998,8.802231e-4,0,0,0,0,0,0,0,0,0,0
60271.03776451,0.999815362,8.801956e-4,0,0,0,0,0,0,0,0,0,0
60271.03822516,1.001253171,8.801410e-4,0,0,0,0,0,0,0,0,0,0
60271.03868580,0.999398215,8.805888e-4,0,0,0,0,0,0,0,0,0,0
60271.03914645,1.000111711,8.797696e-4,0,0,0,0,0,0,0,0,0,0
60271.03960710,0.999668528,8.800619e-4,0,0,0,0,0,0,0,0,0,0
60271.04006774,0.999276718,8.802451e-4,0,0,0,0,0,0,0,0,0,0
60271.04052839,1.001062010,8.804179e-4,0,0,0,0,0,0,0,0,0,0
60271.04098904,0.999790106,8.805214e-4,0,0,0,0,0,0,0,0,0,0
60271.04144969,1.000408870,8.800977e-4,0,0,0,0,0,0,0,0,0,0
60271.04191033,1.000735155,8.799724e-4,0,0,0,0,0,0,0,0,0,0
60271.04237098,0.999814789,8.802116e-4,0,0,0,0,0,0,0,0,0,0
60271.04283163,1.000078336,8.805465e-4,0,0,0,0,0,0,0,0,0,0
60271.04329228,1.000541706,8.799567e-4,0,0,0,0,0,0,0,0,0,0
60271.04375292,1.000176768,8.802227e-4,0,0,0,0,0,0,0,0,0,0
60271.04421357,1.000059577,8.802220e-4,0,0,0,0,0,0,0,0,0,0
60271.04467422,1.000040713,8.803274e-4,0,0,0,0,0,0,0,0,0,0
60271.04513486,1.001264285,8.802820e-4,0,0,0,0,0,0,0,0,0,0
60271.04559551,1.000095567,8.802149e-4,0,0,0,0,0,0,0,0,0,0
60271.04605616,1.000163816,8.801358e-4,0,0,0,0,0,0,0,0,0,0
60271.04651681,1.001788272,8.803657e-4,0,0,0,0,0,0,0,0,0,0
60271.04697745,1.000852507,8.800606e-4,0,0,0,0,0,0,0,0,0,0
60271.04743810,1.000457037,8.797895e-4,0,0,0,0,0,0,0,0,0,0
60271.04789875,0.999907047,8.817734e-4,0,0,0,0,0,0,0,0,0,0
60271.04835939,1.000319538,8.800304e-4,0,0,0,0,0,0,0,0,0,0
60271.04882004,1.000713258,8.825269e-4,0,0,0,0,0,0,0,0,0,0
60271.04928069,0.999037266,8.805263e-4,0,0,0,0,0,0,0,0,0,0
60271.04974134,0.999501946,8.801399e-4,0,0,0,0,0,0,0,0,0,0
60271.05020198,1.001368925,8.798408e-4,0,0,0,0,0,0,0,0,0,0
60271.05066263,1.000806797,8.803106e-4,0,0,0,0,0,0,0,0,0,0
60271.05112328,1.000308188,8.801126e-4,0,0,0,0,0,0,0,0,0,0
60271.05158393,1.000668374,8.811968e-4,0,0,0,0,0,0,0,0,0,0
60271.05204457,1.000144295,8.804390e-4,0,0,0,0,0,0,0,0,0,0
60271.05250522,0.998897125,8.800137e-4,0,0,0,0,0,0,0,0,0,0
60271.05296587,0.999421366,8.802625e-4,0,0,0,0,0,0,0,0,0,0
60271.05342651,0.999786376,8.800096e-4,0,0,0,0,0,0,0,0,0,0
60271.05388716,1.000203645,8.794594e-4,0,0,0,0,0,0,0,0,0,0
60271.05434781,0.999486175,8.799868e-4,0,0,0,0,0,0,0,0,0,0
60271.05480846,0.998619320,8.801636e-4,0,0,0,0,0,0,0,0,0,0
60271.05526910,1.000904945,8.797459e-4,0,0,0,0,0,0,0,0,0,0
60271.05572975,1.000449753,8.799611e-4,0,0,0,0,0,0,0,0,0,0
60271.05619040,0.999086518,8.803646e-4,0,0,0,0,0,0,0,0,0,0
60271.05665104,1.000077122,8.802691e-4,0,0,0,0,0,0,0,0,0,0
60271.05711169,1.000255701,8.800576e-4,0,0,0,0,0,0,0,0,0,0
60271.05757234,0.998940999,8.800082e-4,0,0,0,0,0,0,0,0,0,0
60271.05803299,0.999115855,8.802093e-4,0,0,0,0,0,0,0,0,0,0
60271.05849363,0.998562111,8.801536e-4,0,0,0,0,0,0,0,0,0,0
60271.05895428,0.999203365,8.802675e-4,0,0,0,0,0,0,0,0,0,0
60271.05941493,0.999678103,8.802582e-4,0,0,0,0,0,0,0,0,0,0
60271.05987558,1.001212089,8.800226e-4,0,0,0,0,0,0,0,0,0,0
60271.06033622,1.000231712,8.800898e-4,0,0,0,0,0,0,0,0,0,0
60271.06079687,1.000866278,8.802674e-4,0,0,0,0,0,0,0,0,0,0
60271.06125752,1.000265813,8.801249e-4,0,0,0,0,0,0,0,0,0,0
60271.06171816,1.000602664,8.801487e-4,0,0,0,0,0,0,0,0,0,0
60271.06217881,1.001683008,8.816232e-4,0,0,0,0,0,0,0,0,0,0
60271.06263946,1.000821826,8.802247e-4,0,0,0,0,0,0,0,0,0,0
60271.06310011,1.001550043,8.802675e-4,0,0,0,0,0,0,0,0,0,0
60271.06356075,0.999101873,8.803255e-4,0,0,0,0,0,0,0,0,0,0
60271.06402140,0.999790703,8.801713e-4,0,0,0,0,0,0,0,0,0,0
60271.06448205,1.000495504,8.802086e-4,0,0,0,0,0,0,0,0,0,0
60271.06494269,0.999971315,8.803595e-4,0,0,0,0,0,0,0,0,0,0
60271.06540334,0.999549468,8.799499e-4,0,0,0,0,0,0,0,0,0,0
60271.06586399,0.999374763,8.805470e-4,0,0,0,0,0,0,0,0,0,0
60271.06632464,1.001536422,8.804539e-4,0,0,0,0,0,0,0,0,0,0
60271.06678528,1.000423537,8.800497e-4,0,0,0,0,0,0,0,0,0,0
60271.06724593,1.000363204,8.806659e-4,0,0,0,0,0,0,0,0,0,0
60271.06770658,1.000196982,8.803719e-4,0,0,0,0,0,0,0,0,0,0
60271.06816723,1.000441350,8.803649e-4,0,0,0,0,0,0,0,0,0,0
60271.06862787,0.999348732,8.801265e-4,0,0,0,0,0,0,0,0,0,0
60271.06908852,0.999776306,8.803290e-4,0,0,0,0,0,0,0,0,0,0
60271.06954917,1.000181857,8.804301e-4,0,0,0,0,0,0,0,0,0,0
60271.07000981,1.000510511,8.802866e-4,0,0,0,0,0,0,0,0,0,0
60271.07047046,1.002080534,8.802375e-4,0,0,0,0,0,0,0,0,0,0
60271.07093111,1.001444493,8.804466e-4,0,0,0,0,0,0,0,0,0,0
60271.07139176,1.000711499,8.802531e-4,0,0,0,0,0,0,0,0,0,0
60271.07185240,0.998451122,8.806889e-4,0,0,0,0,0,0,0,0,0,0
60271.07231305,1.000218313,8.803596e-4,0,0,0,0,0,0,0,0,0,0
60271.07277370,0.999317413,8.804287e-4,0,0,0,0,0,0,0,0,0,0
60271.07323434,1.000760140,8.800976e-4,0,0,0,0,0,0,0,0,0,0
60271.07369499,0.999515521,8.800411e-4,0,0,0,0,0,0,0,0,0,0
60271.07415564,1.001219992,8.800704e-4,0,0,0,0,0,0,0,0,0,0
60271.07461629,1.000033050,8.799905e-4,0,0,0,0,0,0,0,0,0,0
60271.07507693,0.999228557,8.801170e-4,0,0,0,0,0,0,0,0,0,0
60271.07553758,0.998567829,8.803340e-4,0,0,0,0,0,0,0,0,0,0
60271.07599823,1.000125258,8.803057e-4,0,0,0,0,0,0,0,0,0,0
60271.07645888,1.000663196,8.803480e-4,0,0,0,0,0,0,0,0,0,0
60271.07691952,1.001119284,8.803195e-4,0,0,0,0,0,0,0,0,0,0
60271.07738017,0.999096963,8.801272e-4,0,0,0,0,0,0,0,0,0,0
60271.07784082,1.000510368,8.805005e-4,0,0,0,0,0,0,0,0,0,0
60271.07830146,1.000581281,8.803624e-4,0,0,0,0,0,0,0,0,0,0
60271.07876211,0.998796979,8.802718e-4,0,0,0,0,0,0,0,0,0,0
60271.07922276,1.001468417,8.806076e-4,0,0,0,0,0,0,0,0,0,0
60271.07968341,1.000229533,8.802058e-4,0,0,0,0,0,0,0,0,0,0
60271.08014405,0.999602285,8.803301e-4,0,0,0,0,0,0,0,0,0,0
60271.08060470,1.000781633,8.800212e-4,0,0,0,0,0,0,0,0,0,0
60271.08106535,1.000152946,8.802387e-4,0,0,0,0,0,0,0,0,0,0
60271.08152599,1.000173673,8.805146e-4,0,0,0,0,0,0,0,0,0,0
60271.08198664,1.000554095,8.804366e-4,0,0,0,0,0,0,0,0,0,0
60271.08244729,1.000103618,8.804473e-4,0,0,0,0,0,0,0,0,0,0
60271.08290794,0.999318220,8.805850e-4,0,0,0,0,0,0,0,0,0,0
60271.08336858,0.998768939,8.802201e-4,0,0,0,0,0,0,0,0,0,0
60271.08382923,1.000374986,8.801665e-4,0,0,0,0,0,0,0,0,0,0
60271.08428988,0.998836257,8.817872e-4,0,0,0,0,0,0,0,0,0,0
60271.08475053,1.000118134,8.800535e-4,0,0,0,0,0,0,0,0,0,0
60271.08521117,0.999125471,8.803845e-4,0,0,0,0,0,0,0,0,0,0
60271.08567182,0.999231506,8.802248e-4,0,0,0,0,0,0,0,0,0,0
60271.08613247,1.000155690,8.825505e-4,0,0,0,0,0,0,0,0,0,0
60271.08659311,1.000983194,8.802618e-4,0,0,0,0,0,0,0,0,0,0
60271.08705376,0.999937924,8.806628e-4,0,0,0,0,0,0,0,0,0,0
60271.08751441,1.001068361,8.806874e-4,0,0,0,0,0,0,0,0,0,0
60271.08797506,1.000805926,8.804679e-4,0,0,0,0,0,0,0,0,0,0
60271.08843570,0.999548254,8.801381e-4,0,0,0,0,0,0,0,0,0,0
60271.08889635,1.000337239,8.802392e-4,0,0,0,0,0,0,0,0,0,0
60271.08935700,0.999620690,8.801588e-4,0,0,0,0,0,0,0,0,0,0
60271.08981764,0.999615612,8.802680e-4,0,0,0,0,0,0,0,0,0,0
60271.09027829,1.001178348,8.801267e-4,0,0,0,0,0,0,0,0,0,0
60271.09073894,0.999925230,8.801605e-4,0,0,0,0,0,0,0,0,0,0
60271.09119959,1.000417098,8.802589e-4,0,0,0,0,0,0,0,0,0,0
60271.09166023,1.000244477,8.805535e-4,0,0,0,0,0,0,0,0,0,0
60271.09212088,1.000986043,8.801677e-4,0,0,0,0,0,0,0,0,0,0
60271.09258153,0.999638246,8.800431e-4,0,0,0,0,0,0,0,0,0,0
60271.09304218,1.000713921,8.805181e-4,0,0,0,0,0,0,0,0,0,0
60271.09350282,1.000154630,8.807064e-4,0,0,0,0,0,0,0,0,0,0
60271.09396347,1.001950565,8.837665e-4,0,0,0,0,0,0,0,0,0,0
60271.09442412,1.000430853,8.800619e-4,0,0,0,0,0,0,0,0,0,0
60271.09488476,0.998872511,8.800606e-4,0,0,0,0,0,0,0,0,0,0
60271.09534541,0.999235964,8.802620e-4,0,0,0,0,0,0,0,0,0,0
60271.09580606,1.000886027,8.803237e-4,0,0,0,0,0,0,0,0,0,0
60271.09626671,0.999936679,8.802964e-4,0,0,0,0,0,0,0,0,0,0
60271.09672735,1.000686248,8.802426e-4,0,0,0,0,0,0,0,0,0,0
60271.09718800,0.999488288,8.806664e-4,0,0,0,0,0,0,0,0,0,0
60271.09764865,0.999743142,8.801101e-4,0,0,0,0,0,0,0,0,0,0
60271.09810929,0.999250327,8.799174e-4,0,0,0,0,0,0,0,0,0,0
60271.09856994,0.999281680,8.802816e-4,0,0,0,0,0,0,0,0,0,0
60271.09903059,1.000415758,8.804268e-4,0,0,0,0,0,0,0,0,0,0
60271.09949124,0.999478420,8.802618e-4,0,0,0,0,0,0,0,0,0,0
60271.09995188,0.999477633,8.802247e-4,0,0,0,0,0,0,0,0,0,0
60271.10041253,0.999588644,8.804729e-4,0,0,0,0,0,0,0,0,0,0
60271.10087318,0.998817856,8.804964e-4,0,0,0,0,0,0,0,0,0,0
60271.10133383,1.000935493,8.800031e-4,0,0,0,0,0,0,0,0,0,0
60271.10179447,1.000763655,8.810864e-4,0,0,0,0,0,0,0,0,0,0
60271.10225512,1.000922062,8.803893e-4,0,0,0,0,0,0,0,0,0,0
60271.10271577,1.000641399,8.803356e-4,0,0,0,0,0,0,0,0,0,0
60271.10317641,1.000578773,8.804465e-4,0,0,0,0,0,0,0,0,0,0
60271.10363706,0.999229346,8.802142e-4,0,0,0,0,0,0,0,0,0,0
60271.10409771,0.999185698,8.800455e-4,0,0,0,0,0,0,0,0,0,0
60271.10455836,1.001113664,8.799338e-4,0,0,0,0,0,0,0,0,0,0
60271.10501900,1.001432122,8.802171e-4,0,0,0,0,0,0,0,0,0,0
60271.10547965,0.998322995,8.806237e-4,0,0,0,0,0,0,0,0,0,0
60271.10594030,1.000386541,8.802899e-4,0,0,0,0,0,0,0,0,0,0
60271.10640094,0.999461404,8.802489e-4,0,0,0,0,0,0,0,0,0,0
60271.10686159,1.000061106,8.802435e-4,0,0,0,0,0,0,0,0,0,0
60271.10732224,1.000582176,8.803348e-4,0,0,0,0,0,0,0,0,0,0
60271.10778289,1.000419938,8.802797e-4,0,0,0,0,0,0,0,0,0,0
60271.10824353,0.998898135,8.805132e-4,0,0,0,0,0,0,0,0,0,0
60271.10870418,1.000207034,8.801480e-4,0,0,0,0,0,0,0,0,0,0
60271.10916483,1.000002956,8.803496e-4,0,0,0,0,0,0,0,0,0,0
60271.10962548,1.001174102,8.803347e-4,0,0,0,0,0,0,0,0,0,0
60271.11008612,1.000026133,8.803779e-4,0,0,0,0,0,0,0,0,0,0
60271.11054677,0.999199804,8.805916e-4,0,0,0,0,0,0,0,0,0,0
60271.11100742,1.000166370,8.801964e-4,0,0,0,0,0,0,0,0,0,0
60271.11146806,0.999969437,8.804979e-4,0,0,0,0,0,0,0,0,0,0
60271.11192871,1.000709068,8.802880e-4,0,0,0,0,0,0,0,0,0,0
60271.11238936,1.000461122,8.805459e-4,0,0,0,0,0,0,0,0,0,0
60271.11285001,1.000917772,8.803488e-4,0,0,0,0,0,0,0,0,0,0
60271.11331065,0.999554296,8.800544e-4,0,0,0,0,0,0,0,0,0,0
60271.11377130,1.000447100,8.801561e-4,0,0,0,0,0,0,0,0,0,0
60271.11423195,1.001003505,8.807590e-4,0,0,0,0,0,0,0,0,0,0
60271.11469259,1.000453467,8.805396e-4,0,0,0,0,0,0,0,0,0,0
60271.11515324,1.000051455,8.806202e-4,0,0,0,0,0,0,0,0,0,0
60271.11561389,0.999395403,8.804858e-4,0,0,0,0,0,0,0,0,0,0
60271.11607454,0.999655372,8.799465e-4,0,0,0,0,0,0,0,0,0,0
60271.11653518,0.998677442,8.805921e-4,0,0,0,0,0,0,0,0,0,0
60271.11699583,1.000349354,8.800856e-4,0,0,0,0,0,0,0,0,0,0
60271.11745648,1.001664006,8.803311e-4,0,0,0,0,0,0,0,0,0,0
60271.11791713,1.000903106,8.805444e-4,0,0,0,0,0,0,0,0,0,0
60271.11837777,0.999200570,8.805756e-4,0,0,0,0,0,0,0,0,0,0
60271.11883842,0.999762994,8.799893e-4,0,0,0,0,0,0,0,0,0,0
60271.11929907,0.999774303,8.803561e-4,0,0,0,0,0,0,0,0,0,0
60271.11975971,1.001495967,8.805661e-4,0,0,0,0,0,0,0,0,0,0
60271.12022036,1.000276138,8.807581e-4,0,0,0,0,0,0,0,0,0,0
60271.12068101,1.000479244,8.802624e-4,0,0,0,0,0,0,0,0,0,0
60271.12114166,0.999276117,8.802126e-4,0,0,0,0,0,0,0,0,0,0
60271.12160230,0.999926671,8.801999e-4,0,0,0,0,0,0,0,0,0,0
60271.12206295,1.000255826,8.803803e-4,0,0,0,0,0,0,0,0,0,0
60271.12252360,0.999552200,8.801242e-4,0,0,0,0,0,0,0,0,0,0
60271.12298424,0.998712523,8.807046e-4,0,0,0,0,0,0,0,0,0,0
60271.12344489,0.998552721,8.799714e-4,0,0,0,0,0,0,0,0,0,0
60271.12390554,1.000034299,8.803143e-4,0,0,0,0,0,0,0,0,0,0
60271.12436619,1.001368220,8.803349e-4,0,0,0,0,0,0,0,0,0,0
60271.12482683,1.000360063,8.803028e-4,0,0,0,0,0,0,0,0,0,0
60271.12528748,0.998876747,8.799272e-4,0,0,0,0,0,0,0,0,0,0
60271.12574813,1.000252346,8.804142e-4,0,0,0,0,0,0,0,0,0,0
60271.12620877,0.997777138,8.804772e-4,0,0,0,0,0,0,0,0,0,0
60271.12666942,0.999387858,8.802945e-4,0,0,0,0,0,0,0,0,0,0
60271.12713007,1.000899150,8.809548e-4,0,0,0,0,0,0,0,0,0,0
60271.12759072,1.002222785,8.802398e-4,0,0,0,0,0,0,0,0,0,0
60271.12805136,1.001849495,8.805409e-4,0,0,0,0,0,0,0,0,0,0
60271.12851201,0.999868403,8.803986e-4,0,0,0,0,0,0,0,0,0,0
60271.12897266,1.000426048,8.803643e-4,0,0,0,0,0,0,0,0,0,0
60271.12943331,1.000873642,8.806259e-4,0,0,0,0,0,0,0,0,0,0
60271.12989395,0.999609835,8.811091e-4,0,0,0,0,0,0,0,0,0,0
60271.13035460,0.999121972,8.805497e-4,0,0,0,0,0,0,0,0,0,0
60271.13081525,0.999956836,8.803751e-4,0,0,0,0,0,0,0,0,0,0
60271.13127589,1.000483870,8.804833e-4,0,0,0,0,0,0,0,0,0,0
60271.13173654,0.999259290,8.803327e-4,0,0,0,0,0,0,0,0,0,0
60271.13219719,1.000705806,8.803284e-4,0,0,0,0,0,0,0,0,0,0
60271.13265784,0.999682089,8.805616e-4,0,0,0,0,0,0,0,0,0,0
60271.13311848,1.000960878,8.806523e-4,0,0,0,0,0,0,0,0,0,0
60271.13357913,0.999534660,8.805333e-4,0,0,0,0,0,0,0,0,0,0
60271.13403978,0.999374734,8.807166e-4,0,0,0,0,0,0,0,0,0,0
60271.13450042,0.999695206,8.804214e-4,0,0,0,0,0,0,0,0,0,0
60271.13496107,1.000322429,8.802576e-4,0,0,0,0,0,0,0,0,0,0
60271.13542172,1.000102364,8.805636e-4,0,0,0,0,0,0,0,0,0,0
60271.13588237,0.999196369,8.805065e-4,0,0,0,0,0,0,0,0,0,0
60271.13634301,0.999132533,8.803050e-4,0,0,0,0,0,0,0,0,0,0
60271.13680366,1.000431445,8.804552e-4,0,0,0,0,0,0,0,0,0,0
60271.13726431,1.000385241,8.805223e-4,0,0,0,0,0,0,0,0,0,0
60271.13772496,0.999920819,8.806431e-4,0,0,0,0,0,0,0,0,0,0
60271.13818560,0.999946895,8.803710e-4,0,0,0,0,0,0,0,0,0,0
60271.13864625,0.998614310,8.808099e-4,0,0,0,0,0,0,0,0,0,0
60271.13910690,1.000615175,8.804616e-4,0,0,0,0,0,0,0,0,0,0
60271.13956754,1.000395508,8.808061e-4,0,0,0,0,0,0,0,0,0,0
60271.14002819,1.000099515,8.801282e-4,0,0,0,0,0,0,0,0,0,0
60271.14048884,1.001409061,8.807706e-4,0,0,0,0,0,0,0,0,0,0
60271.14094949,0.999655022,8.802986e-4,0,0,0,0,0,0,0,0,0,0
60271.14141013,1.001327811,8.805301e-4,0,0,0,0,0,0,0,0,0,0
60271.14187078,0.999887102,8.803595e-4,0,0,0,0,0,0,0,0,0,0
60271.14233143,0.999127684,8.804784e-4,0,0,0,0,0,0,0,0,0,0
60271.14279207,0.999446500,8.803055e-4,0,0,0,0,0,0,0,0,0,0
60271.14325272,1.001352281,8.804132e-4,0,0,0,0,0,0,0,0,0,0
60271.14371337,1.000639105,8.800357e-4,0,0,0,0,0,0,0,0,0,0
60271.14417402,1.000873698,8.807360e-4,0,0,0,0,0,0,0,0,0,0
60271.14463466,0.999519962,8.803809e-4,0,0,0,0,0,0,0,0,0,0
60271.14509531,1.000053977,8.803679e-4,0,0,0,0,0,0,0,0,0,0
60271.14555596,1.001112888,8.806863e-4,0,0,0,0,0,0,0,0,0,0
60271.14601661,0.998299694,8.803304e-4,0,0,0,0,0,0,0,0,0,0
60271.14647725,0.999568635,8.804649e-4,0,0,0,0,0,0,0,0,0,0
60271.14693790,1.000635892,8.806574e-4,0,0,0,0,0,0,0,0,0,0
60271.14739855,0.999143794,8.806153e-4,0,0,0,0,0,0,0,0,0,0
60271.14785919,1.000392996,8.806702e-4,0,0,0,0,0,0,0,0,0,0
60271.14831984,0.999925490,8.803819e-4,0,0,0,0,0,0,0,0,0,0
60271.14878049,0.999820454,8.806259e-4,0,0,0,0,0,0,0,0,0,0
60271.14924114,1.000788250,8.801230e-4,0,0,0,0,0,0,0,0,0,0
60271.14970178,0.998896681,8.808541e-4,0,0,0,0,0,0,0,0,0,0
60271.15016243,0.999883479,8.800311e-4,0,0,0,0,0,0,0,0,0,0
60271.15062308,1.000813412,8.803952e-4,0,0,0,0,0,0,0,0,0,0
60271.15108372,0.999960993,8.803898e-4,0,0,0,0,0,0,0,0,0,0
60271.15154437,1.000903280,8.801265e-4,0,0,0,0,0,0,0,0,0,0
60271.15200502,1.001835422,8.805091e-4,0,0,0,0,0,0,0,0,0,0
60271.15246567,0.999184091,8.807500e-4,0,0,0,0,0,0,0,0,0,0
60271.15292631,0.999722263,8.805000e-4,0,0,0,0,0,0,0,0,0,0
60271.15338696,0.999653739,8.807064e-4,0,0,0,0,0,0,0,0,0,0
60271.15384761,1.000592490,8.803837e-4,0,0,0,0,0,0,0,0,0,0
60271.15430825,0.999439941,8.806355e-4,0,0,0,0,0,0,0,0,0,0
60271.15476890,0.999688280,8.802798e-4,0,0,0,0,0,0,0,0,0,0
60271.15522955,1.000506788,8.804186e-4,0,0,0,0,0,0,0,0,0,0
60271.15569020,0.999585178,8.806855e-4,0,0,0,0,0,0,0,0,0,0
60271.15615084,1.000936452,8.804885e-4,0,0,0,0,0,0,0,0,0,0
60271.15661149,0.998913440,8.806261e-4,0,0,0,0,0,0,0,0,0,0
60271.15707214,0.999686192,8.825149e-4,0,0,0,0,0,0,0,0,0,0
60271.15753279,0.999706478,8.801832e-4,0,0,0,0,0,0,0,0,0,0
60271.15799343,0.999158505,8.802263e-4,0,0,0,0,0,0,0,0,0,0
60271.15845408,1.001165668,8.804802e-4,0,0,0,0,0,0,0,0,0,0
60271.15891473,0.998785728,8.801479e-4,0,0,0,0,0,0,0,0,0,0
60271.15937537,1.000477196,8.806893e-4,0,0,0,0,0,0,0,0,0,0
60271.15983602,1.001391860,8.805585e-4,0,0,0,0,0,0,0,0,0,0
60271.16029667,1.000865818,8.802589e-4,0,0,0,0,0,0,0,0,0,0
60271.16075732,0.999946846,8.803999e-4,0,0,0,0,0,0,0,0,0,0
60271.16121796,1.000395614,8.802965e-4,0,0,0,0,0,0,0,0,0,0
60271.16167861,1.000366649,8.804209e-4,0,0,0,0,0,0,0,0,0,0
60271.16213926,0.999370271,8.800157e-4,0,0,0,0,0,0,0,0,0,0
60271.16259990,1.000191202,8.805638e-4,0,0,0,0,0,0,0,0,0,0
60271.16306055,1.000257774,8.802523e-4,0,0,0,0,0,0,0,0,0,0
60271.16352120,0.998141219,8.806691e-4,0,0,0,0,0,0,0,0,0,0
60271.16398185,0.999748152,8.807620e-4,0,0,0,0,0,0,0,0,0,0
60271.16444249,1.001197432,8.802485e-4,0,0,0,0,0,0,0,0,0,0
60271.16490314,0.997534685,8.805341e-4,0,0,0,0,0,0,0,0,0,0
60271.16536379,1.000337346,8.803968e-4,0,0,0,0,0,0,0,0,0,0
60271.16582443,1.000620058,8.801022e-4,0,0,0,0,0,0,0,0,0,0
60271.16628508,1.001285669,8.806292e-4,0,0,0,0,0,0,0,0,0,0
60271.16674573,0.998725515,8.803528e-4,0,0,0,0,0,0,0,0,0,0
60271.16720638,0.999324996,8.805501e-4,0,0,0,0,0,0,0,0,0,0
60271.16766702,1.000047966,8.805066e-4,0,0,0,0,0,0,0,0,0,0
60271.16812767,0.999711841,8.805294e-4,0,0,0,0,0,0,0,0,0,0
60271.16858832,1.001086723,8.807216e-4,0,0,0,0,0,0,0,0,0,0
60271.16904897,1.000299680,8.804164e-4,0,0,0,0,0,0,0,0,0,0
60271.16950961,1.000300389,8.807794e-4,0,0,0,0,0,0,0,0,0,0
60271.16997026,0.999809366,8.805523e-4,0,0,0,0,0,0,0,0,0,0
60271.17043091,1.001185463,8.803058e-4,0,0,0,0,0,0,0,0,0,0
60271.17089155,0.999458694,8.805606e-4,0,0,0,0,0,0,0,0,0,0
60271.17135220,1.000912611,8.805002e-4,0,0,0,0,0,0,0,0,0,0
60271.17181285,0.999740531,8.803522e-4,0,0,0,0,0,0,0,0,0,0
60271.17227350,1.001283351,8.804395e-4,0,0,0,0,0,0,0,0,0,0
60271.17273414,1.000260929,8.803413e-4,0,0,0,0,0,0,0,0,0,0
60271.17319479,1.000689592,8.805983e-4,0,0,0,0,0,0,0,0,0,0
60271.17365544,0.999934756,8.805215e-4,0,0,0,0,0,0,0,0,0,0
60271.17411608,0.999718854,8.828516e-4,0,0,0,0,0,0,0,0,0,0
60271.17457673,0.999920966,8.801557e-4,0,0,0,0,0,0,0,0,0,0
60271.17503738,0.999140094,8.806105e-4,0,0,0,0,0,0,0,0,0,0
60271.17549803,0.999278035,8.803779e-4,0,0,0,0,0,0,0,0,0,0
60271.17595867,1.001212198,8.806511e-4,0,0,0,0,0,0,0,0,0,0
60271.17641932,0.999955853,8.804685e-4,0,0,0,0,0,0,0,0,0,0
60271.17687997,0.999401660,8.806955e-4,0,0,0,0,0,0,0,0,0,0
60271.17734062,1.000230379,8.807106e-4,0,0,0,0,0,0,0,0,0,0
60271.17780126,0.999831826,8.799868e-4,0,0,0,0,0,0,0,0,0,0
60271.17826191,0.998609826,8.810096e-4,0,0,0,0,0,0,0,0,0,0
60271.17872256,1.000815691,8.806834e-4,0,0,0,0,0,0,0,0,0,0
60271.17918320,1.000774300,8.807619e-4,0,0,0,0,0,0,0,0,0,0
60271.17964385,1.000231475,8.804669e-4,0,0,0,0,0,0,0,0,0,0
60271.18010450,1.000230325,8.805457e-4,0,0,0,0,0,0,0,0,0,0
60271.18056515,0.999858115,8.808020e-4,0,0,0,0,0,0,0,0,0,0
60271.18102579,1.000788663,8.809358e-4,0,0,0,0,0,0,0,0,0,0
60271.18148644,0.999452142,8.803148e-4,0,0,0,0,0,0,0,0,0,0
60271.18194709,0.999570690,8.802686e-4,0,0,0,0,0,0,0,0,0,0
60271.18240773,0.999203653,8.805275e-4,0,0,0,0,0,0,0,0,0,0
60271.18286838,1.000880114,8.804657e-4,0,0,0,0,0,0,0,0,0,0
60271.18332903,0.999619733,8.806972e-4,0,0,0,0,0,0,0,0,0,0
60271.18378968,1.000353624,8.802439e-4,0,0,0,0,0,0,0,0,0,0
60271.18425032,0.999511882,8.807128e-4,0,0,0,0,0,0,0,0,0,0
60271.18471097,0.999419505,8.805149e-4,0,0,0,0,0,0,0,0,0,0
60271.18517162,1.000145984,8.801540e-4,0,0,0,0,0,0,0,0,0,0
60271.18563226,0.999542850,8.806071e-4,0,0,0,0,0,0,0,0,0,0
60271.18609291,0.998746384,8.800234e-4,0,0,0,0,0,0,0,0,0,0
60271.18655356,0.999621582,8.806923e-4,0,0,0,0,0,0,0,0,0,0
60271.18701421,1.000787000,8.806117e-4,0,0,0,0,0,0,0,0,0,0
60271.18747485,1.000110525,8.818040e-4,0,0,0,0,0,0,0,0,0,0
60271.18793550,0.999749440,8.806954e-4,0,0,0,0,0,0,0,0,0,0
60271.18839615,0.999708623,8.810286e-4,0,0,0,0,0,0,0,0,0,0
60271.18885680,1.000730620,8.804733e-4,0,0,0,0,0,0,0,0,0,0
60271.18931744,0.999656329,8.804614e-4,0,0,0,0,0,0,0,0,0,0
60271.18977809,1.000205368,8.805906e-4,0,0,0,0,0,0,0,0,0,0
60271.19023874,1.000345571,8.805753e-4,0,0,0,0,0,0,0,0,0,0
60271.19069938,0.999577578,8.800529e-4,0,0,0,0,0,0,0,0,0,0
60271.19116003,0.999833334,8.806534e-4,0,0,0,0,0,0,0,0,0,0
60271.19162068,0.999111101,8.806337e-4,0,0,0,0,0,0,0,0,0,0
60271.19208133,1.000479464,8.805326e-4,0,0,0,0,0,0,0,0,0,0
60271.19254197,0.999542152,8.817346e-4,0,0,0,0,0,0,0,0,0,0
60271.19300262,1.001160286,8.801361e-4,0,0,0,0,0,0,0,0,0,0
60271.19346327,1.000604268,8.807313e-4,0,0,0,0,0,0,0,0,0,0
60271.19392391,0.998199229,8.806356e-4,0,0,0,0,0,0,0,0,0,0
60271.19438456,1.000055201,8.802248e-4,0,0,0,0,0,0,0,0,0,0
60271.19484521,0.999508266,8.803894e-4,0,0,0,0,0,0,0,0,0,0
60271.19530586,1.001139139,8.804329e-4,0,0,0,0,0,0,0,0,0,0
60271.19576650,1.001019723,8.803905e-4,0,0,0,0,0,0,0,0,0,0
60271.19622715,1.000313865,8.804434e-4,0,0,0,0,0,0,0,0,0,0
60271.19668780,0.999201541,8.808415e-4,0,0,0,0,0,0,0,0,0,0
60271.19714844,0.999360744,8.809308e-4,0,0,0,0,0,0,0,0,0,0
60271.19760909,1.000087355,8.807201e-4,0,0,0,0,0,0,0,0,0,0
60271.19806974,1.000343831,8.809142e-4,0,0,0,0,0,0,0,0,0,0
60271.19853039,1.000122257,8.807153e-4,0,0,0,0,0,0,0,0,0,0
60271.19899103,0.998846300,8.805507e-4,0,0,0,0,0,0,0,0,0,0
60271.19945168,0.999016846,8.807685e-4,0,0,0,0,0,0,0,0,0,0
60271.19991233,0.999856667,8.831996e-4,0,0,0,0,0,0,0,0,0,0
60271.20037298,1.000463523,8.811226e-4,0,0,0,0,0,0,0,0,0,0
60271.20083362,0.999879185,8.808938e-4,0,0,0,0,0,0,0,0,0,0
60271.20129427,0.999382724,8.805913e-4,0,0,0,0,0,0,0,0,0,0
60271.20175492,1.000550013,8.804937e-4,0,0,0,0,0,0,0,0,0,0
60271.20221556,0.997611578,8.828361e-4,0,0,0,0,0,0,0,0,0,0
60271.20267621,1.001305417,8.807420e-4,0,0,0,0,0,0,0,0,0,0
60271.20313686,0.999535961,8.807834e-4,0,0,0,0,0,0,0,0,0,0
60271.20359751,1.000781633,8.853761e-4,0,0,0,0,0,0,0,0,0,0
60271.20405815,0.999138765,8.802152e-4,0,0,0,0,0,0,0,0,0,0
60271.20451880,0.999595297,8.801539e-4,0,0,0,0,0,0,0,0,0,0
60271.20497945,1.000170284,8.804919e-4,0,0,0,0,0,0,0,0,0,0
60271.20544009,1.001967927,8.808095e-4,0,0,0,0,0,0,0,0,0,0
60271.20590074,1.001224599,8.808381e-4,0,0,0,0,0,0,0,0,0,0
60271.20636139,1.000821441,8.805180e-4,0,0,0,0,0,0,0,0,0,0
60271.20682204,1.000137617,8.805842e-4,0,0,0,0,0,0,0,0,0,0
60271.20728268,0.999905206,8.832139e-4,0,0,0,0,0,0,0,0,0,0
60271.20774333,1.000880395,8.808911e-4,0,0,0,0,0,0,0,0,0,0
60271.20820398,0.999486816,8.812101e-4,0,0,0,0,0,0,0,0,0,0
60271.20866462,0.999856605,8.806896e-4,0,0,0,0,0,0,0,0,0,0
60271.20912527,0.999828684,8.803079e-4,0,0,0,0,0,0,0,0,0,0
60271.20958592,1.000876725,8.807871e-4,0,0,0,0,0,0,0,0,0,0
60271.21004657,1.000400159,8.805828e-4,0,0,0,0,0,0,0,0,0,0
60271.21050721,1.000346321,8.805177e-4,0,0,0,0,0,0,0,0,0,0
60271.21096786,0.999926164,8.807937e-4,0,0,0,0,0,0,0,0,0,0
60271.21142851,1.000052098,8.808872e-4,0,0,0,0,0,0,0,0,0,0
60271.21188915,0.999438183,8.808136e-4,0,0,0,0,0,0,0,0,0,0
60271.21234980,1.001267199,8.806853e-4,0,0,0,0,0,0,0,0,0,0
60271.21281045,0.999849438,8.807022e-4,0,0,0,0,0,0,0,0,0,0
60271.21327110,1.000592767,8.804434e-4,0,0,0,0,0,0,0,0,0,0
60271.21373174,0.998885636,8.807719e-4,0,0,0,0,0,0,0,0,0,0
60271.21419239,1.000231222,8.848468e-4,0,0,0,0,0,0,0,0,0,0
60271.21465304,1.000690052,8.803925e-4,0,0,0,0,0,0,0,0,0,0
60271.21511369,1.000440969,8.801865e-4,0,0,0,0,0,0,0,0,0,0
60271.21557433,0.998716895,8.829278e-4,0,0,0,0,0,0,0,0,0,0
60271.21603498,0.999892433,8.803590e-4,0,0,0,0,0,0,0,0,0,0
60271.21649563,1.000334173,8.806128e-4,0,0,0,0,0,0,0,0,0,0
60271.21695627,1.000798101,8.804552e-4,0,0,0,0,0,0,0,0,0,0
60271.21741692,0.999900828,8.804294e-4,0,0,0,0,0,0,0,0,0,0
60271.21787757,0.999244423,8.806113e-4,0,0,0,0,0,0,0,0,0,0
60271.21833822,0.999982722,8.804801e-4,0,0,0,0,0,0,0,0,0,0
60271.21879886,0.999592025,8.804868e-4,0,0,0,0,0,0,0,0,0,0
60271.21925951,0.999582527,8.803791e-4,0,0,0,0,0,0,0,0,0,0
60271.21972016,1.000258446,8.805510e-4,0,0,0,0,0,0,0,0,0,0
60271.22018080,0.999388812,8.827917e-4,0,0,0,0,0,0,0,0,0,0
60271.22064145,0.999705028,8.837230e-4,0,0,0,0,0,0,0,0,0,0
60271.22110210,1.000135341,8.806045e-4,0,0,0,0,0,0,0,0,0,0
60271.22156275,0.999511505,8.808399e-4,0,0,0,0,0,0,0,0,0,0
60271.22202339,0.999342919,8.806305e-4,0,0,0,0,0,0,0,0,0,0
60271.22248404,1.001148811,8.809469e-4,0,0,0,0,0,0,0,0,0,0
60271.22294469,1.000052773,8.805405e-4,0,0,0,0,0,0,0,0,0,0
60271.22340533,0.999533013,8.808992e-4,0,0,0,0,0,0,0,0,0,0
60271.22386598,0.998736191,8.806357e-4,0,0,0,0,0,0,0,0,0,0
60271.22432663,1.000166020,8.808570e-4,0,0,0,0,0,0,0,0,0,0
60271.22478728,0.999185613,8.808283e-4,0,0,0,0,0,0,0,0,0,0
60271.22524792,1.000977986,8.806795e-4,0,0,0,0,0,0,0,0,0,0
60271.22570857,1.000083026,8.807546e-4,0,0,0,0,0,0,0,0,0,0
60271.22616922,1.001069935,8.805273e-4,0,0,0,0,0,0,0,0,0,0
60271.22662987,1.000204014,8.803431e-4,0,0,0,0,0,0,0,0,0,0
60271.22709051,0.999464694,8.807863e-4,0,0,0,0,0,0,0,0,0,0
60271.22755116,1.000371895,8.804895e-4,0,0,0,0,0,0,0,0,0,0
60271.22801181,1.000173644,8.804442e-4,0,0,0,0,0,0,0,0,0,0
60271.22847245,0.999885695,8.805999e-4,0,0,0,0,0,0,0,0,0,0
60271.22893310,0.999813169,8.804566e-4,0,0,0,0,0,0,0,0,0,0
60271.22939375,1.000734907,8.805982e-4,0,0,0,0,0,0,0,0,0,0
60271.22985440,1.001199320,8.803505e-4,0,0,0,0,0,0,0,0,0,0
60271.23031504,1.000924291,8.808733e-4,0,0,0,0,0,0,0,0,0,0
60271.23077569,0.999946478,8.807915e-4,0,0,0,0,0,0,0,0,0,0
60271.23123634,1.000515922,8.806298e-4,0,0,0,0,0,0,0,0,0,0
60271.23169698,0.997842738,8.828324e-4,0,0,0,0,0,0,0,0,0,0
60271.23215763,1.000451416,8.811166e-4,0,0,0,0,0,0,0,0,0,0
60271.23261828,0.999751231,8.804667e-4,0,0,0,0,0,0,0,0,0,0
60271.23307893,0.999192395,8.805146e-4,0,0,0,0,0,0,0,0,0,0
60271.23353957,1.000033001,8.806533e-4,0,0,0,0,0,0,0,0,0,0
60271.23400022,0.999739274,8.806853e-4,0,0,0,0,0,0,0,0,0,0
60271.23446087,1.000927373,8.810538e-4,0,0,0,0,0,0,0,0,0,0
60271.23492151,0.999997023,8.807053e-4,0,0,0,0,0,0,0,0,0,0
60271.23538216,0.999082961,8.805371e-4,1,0,0,0,0,0,0,0,0,0
60271.23584281,1.001178031,8.807649e-4,1,0,0,0,0,0,0,0,0,0
60271.23630346,0.999335287,8.806956e-4,1,0,0,0,0,0,0,0,0,0
60271.23676410,0.999683326,8.806707e-4,1,0,0,0,0,0,0,0,0,0
60271.23722475,1.001692568,8.806899e-4,1,0,0,0,0,0,0,0,0,0
60271.23768540,0.999676590,8.806090e-4,1,0,0,0,0,0,0,0,0,0
60271.23814604,0.998975984,8.805456e-4,1,0,0,0,0,0,0,0,0,0
60271.23860669,1.001348050,8.809554e-4,1,0,0,0,0,0,0,0,0,0
60271.23906734,0.998741181,8.806468e-4,1,0,0,0,0,0,0,0,0,0
60271.23952799,0.999059700,8.811094e-4,1,0,0,0,0,0,0,0,0,0
60271.23998863,0.999090341,8.807101e-4,1,0,0,0,0,0,0,0,0,0
60271.24044928,1.000975527,8.803758e-4,1,0,0,0,0,0,0,0,0,0
60271.24090993,1.000460646,8.803173e-4,1,0,0,0,0,0,0,0,0,0
60271.24137058,1.000323848,8.803896e-4,1,0,0,0,0,0,0,0,0,0
60271.24183122,0.999270236,8.805561e-4,1,0,0,0,0,0,0,0,0,0
60271.24229187,0.999519966,8.788088e-4,1,0,0,0,0,0,0,0,0,0
60271.24275252,1.001705704,8.789149e-4,1,0,0,0,0,0,0,0,0,0
60271.24321316,0.998225965,8.787448e-4,1,0,0,0,0,0,0,0,0,0
60271.24367381,1.000352283,8.788593e-4,1,0,0,0,0,0,0,0,0,0
60271.24413446,1.002419014,8.789898e-4,1,0,0,0,0,0,0,0,0,0
60271.24459511,0.999430768,8.789220e-4,1,0,0,0,0,0,0,0,0,0
60271.24505575,1.000090456,8.788008e-4,1,0,0,0,0,0,0,0,0,0
60271.24551640,0.999825164,8.790064e-4,1,0,0,0,0,0,0,0,0,0
60271.24597705,0.999805028,8.788145e-4,1,0,0,0,0,0,0,0,0,0
60271.24643769,1.000630491,8.785466e-4,1,0,0,0,0,0,0,0,0,0
60271.24689834,0.999994269,8.792198e-4,1,0,0,0,0,0,0,0,0,0
60271.24735899,0.999580501,8.786109e-4,1,0,0,0,0,0,0,0,0,0
60271.24781964,1.000340575,8.787871e-4,1,0,0,0,0,0,0,0,0,0
60271.24828028,0.999323411,8.793663e-4,1,0,0,0,0,0,0,0,0,0
60271.24874093,0.999564827,8.784585e-4,1,0,0,0,0,0,0,0,0,0
60271.24920158,0.999151136,8.790028e-4,1,0,0,0,0,0,0,0,0,0
60271.24966222,1.000772638,8.826121e-4,1,0,0,0,0,0,0,0,0,0
60271.25012287,1.000262850,8.792946e-4,1,0,0,0,0,0,0,0,0,0
60271.25058352,1.000068413,8.782334e-4,1,0,0,0,0,0,0,0,0,0
60271.25104417,0.999786907,8.791767e-4,1,0,0,0,0,0,0,0,0,0
60271.25150481,0.999585315,8.781492e-4,1,0,0,0,0,0,0,0,0,0
60271.25196546,0.999492864,8.789094e-4,1,0,0,0,0,0,0,0,0,0
60271.25242611,1.000148603,8.791507e-4,1,0,0,0,0,0,0,0,0,0
60271.25288675,1.001394728,8.788704e-4,1,0,0,0,0,0,0,0,0,0
60271.25334740,0.998888982,8.788990e-4,1,0,0,0,0,0,0,0,0,0
60271.25380805,0.999482308,8.790010e-4,1,0,0,0,0,0,0,0,0,0
60271.25426870,0.999678945,8.788455e-4,1,0,0,0,0,0,0,0,0,0
60271.25472934,1.000959753,8.788503e-4,1,0,0,0,0,0,0,0,0,0
60271.25518999,0.998422133,8.788705e-4,1,0,0,0,0,0,0,0,0,0
60271.25565064,1.000270564,8.790799e-4,1,0,0,0,0,0,0,0,0,0
60271.25611129,1.000212635,8.787425e-4,1,0,0,0,0,0,0,0,0,0
60271.25657193,1.000216809,8.790465e-4,1,0,0,0,0,0,0,0,0,0
60271.25703258,1.000322662,8.788371e-4,1,0,0,0,0,0,0,0,0,0
60271.25749323,0.999980299,8.804995e-4,1,0,0,0,0,0,0,0,0,0
60271.25795387,0.999288530,8.783561e-4,1,0,0,0,0,0,0,0,0,0
60271.25841452,0.999352425,8.787201e-4,1,0,0,0,0,0,0,0,0,0
60271.25887517,0.999676332,8.790837e-4,1,0,0,0,0,0,0,0,0,0
60271.25933582,1.000254372,8.788217e-4,1,0,0,0,0,0,0,0,0,0
60271.25979646,0.999536254,8.790950e-4,1,0,0,0,0,0,0,0,0,0
60271.26025711,1.000245887,8.787362e-4,1,0,0,0,0,0,0,0,0,0
60271.26071776,1.000313297,8.789138e-4,1,0,0,0,0,0,0,0,0,0
60271.26117840,1.001101289,8.789524e-4,1,0,0,0,0,0,0,0,0,0
60271.26163905,1.001604457,8.785728e-4,1,0,0,0,0,0,0,0,0,0
60271.26209970,1.000070454,8.790411e-4,1,0,0,0,0,0,0,0,0,0
60271.26256035,0.998737246,8.788338e-4,1,0,0,0,0,0,0,0,0,0
60271.26302099,0.999982374,8.787565e-4,1,0,0,0,0,0,0,0,0,0
60271.26348164,0.999355521,8.790292e-4,1,0,0,0,0,0,0,0,0,0
60271.26394229,0.999446310,8.784078e-4,1,0,0,0,0,0,0,0,0,0
60271.26440293,0.999022887,8.789980e-4,1,0,0,0,0,0,0,0,0,0
60271.26486358,1.000137407,8.791102e-4,1,0,0,0,0,0,0,0,0,0
60271.26532423,0.999268396,8.807416e-4,1,0,0,0,0,0,0,0,0,0
60271.26578488,1.000503326,8.806817e-4,1,0,0,0,0,0,0,0,0,0
60271.26624552,0.999444606,8.804847e-4,1,0,0,0,0,0,0,0,0,0
60271.26670617,1.000100791,8.805805e-4,1,0,0,0,0,0,0,0,0,0
60271.26716682,0.999142786,8.804295e-4,1,0,0,0,0,0,0,0,0,0
60271.26762746,0.998350667,8.807909e-4,1,0,0,0,0,0,0,0,0,0
60271.26808811,0.999475969,8.807223e-4,1,0,0,0,0,0,0,0,0,0
60271.26854876,0.998971970,8.803793e-4,1,0,0,0,0,0,0,0,0,0
60271.26900941,0.999463302,8.806415e-4,1,0,0,0,0,0,0,0,0,0
60271.26947005,1.000396405,8.808276e-4,1,0,0,0,0,0,0,0,0,0
60271.26993070,1.001428161,8.802343e-4,1,0,0,0,0,0,0,0,0,0
60271.27039135,1.000491854,8.805654e-4,1,0,0,0,0,0,0,0,0,0
60271.27085200,1.000427669,8.808074e-4,1,0,0,0,0,0,0,0,0,0
60271.27131264,1.000163634,8.802940e-4,1,0,0,0,0,0,0,0,0,0
60271.27177329,0.999872314,8.806528e-4,1,0,0,0,0,0,0,0,0,0
60271.27223394,1.000076544,8.805056e-4,1,0,0,0,0,0,0,0,0,0
60271.27269458,1.001383580,8.831856e-4,1,0,0,0,0,0,0,0,0,0
60271.27315523,0.999609460,8.805857e-4,1,0,0,0,0,0,0,0,0,0
60271.27361588,1.000553145,8.809807e-4,1,0,0,0,0,0,0,0,0,0
60271.27407653,1.000342346,8.803878e-4,0,0,0,0,0,0,0,0,0,0
60271.27453717,1.000372103,8.804230e-4,0,0,0,0,0,0,0,0,0,0
60271.27499782,1.000185731,8.806240e-4,0,0,0,0,0,0,0,0,0,0
60271.27545847,1.000428621,8.807491e-4,0,0,0,0,0,0,0,0,0,0
60271.27591911,0.999403162,8.808370e-4,0,0,0,0,0,0,0,0,0,0
60271.27637976,0.999696585,8.807396e-4,0,0,0,0,0,0,0,0,0,0
60271.27684041,1.000528475,8.809380e-4,0,0,0,0,0,0,0,0,0,0
60271.27730106,1.001171239,8.806398e-4,0,0,0,0,0,0,0,0,0,0
60271.27776170,1.000153042,8.804442e-4,0,0,0,0,0,0,0,0,0,0
60271.27822235,1.001008399,8.807202e-4,0,0,0,0,0,0,0,0,0,0
60271.27868300,1.002956870,8.839140e-4,0,0,0,0,0,0,0,0,0,0
60271.27914364,1.000474636,8.807313e-4,0,0,0,0,0,0,0,0,0,0
60271.27960429,0.998624776,8.803404e-4,0,0,0,0,0,0,0,0,0,0
60271.28006494,1.000879248,8.805008e-4,0,0,0,0,0,0,0,0,0,0
60271.28052559,1.000255066,8.803300e-4,0,0,0,0,0,0,0,0,0,0
60271.28098623,1.000737893,8.804493e-4,0,0,0,0,0,0,0,0,0,0
60271.28144688,0.998356561,8.801867e-4,0,0,0,0,0,0,0,0,0,0
60271.28190753,1.000160505,8.806354e-4,0,0,0,0,0,0,0,0,0,0
60271.28236817,1.000282598,8.809248e-4,0,0,0,0,0,0,0,0,0,0
60271.28282882,0.998522404,8.805680e-4,0,0,0,0,0,0,0,0,0,0
60271.28328947,0.999027031,8.807119e-4,0,0,0,0,0,0,0,0,0,0
60271.28375012,0.998487083,8.807924e-4,0,0,0,0,0,0,0,0,0,0
60271.28421076,1.000752811,8.807253e-4,0,0,0,0,0,0,0,0,0,0
60271.28467141,0.999929887,8.803039e-4,0,0,0,0,0,0,0,0,0,0
60271.28513206,1.000371053,8.809231e-4,0,0,0,0,0,0,0,0,0,0
60271.28559271,0.998601727,8.809028e-4,0,0,0,0,0,0,0,0,0,0
60271.28605335,1.000132379,8.807457e-4,0,0,0,0,0,0,0,0,0,0
60271.28651400,0.999221397,8.806438e-4,0,0,0,0,0,0,0,0,0,0
60271.28697465,0.999113445,8.807731e-4,0,0,0,0,0,0,0,0,0,0
60271.28743529,0.999402314,8.803743e-4,0,0,0,0,0,0,0,0,0,0
60271.28789594,1.000605453,8.804938e-4,0,0,0,0,0,0,0,0,0,0
60271.28835659,0.998961296,8.805787e-4,0,0,0,0,0,0,0,0,0,0
60271.28881724,1.000128711,8.805596e-4,0,0,0,0,0,0,0,0,0,0
60271.28927788,1.001205761,8.808131e-4,0,0,0,0,0,0,0,0,0,0
60271.28973853,1.000286139,8.806668e-4,0,0,0,0,0,0,0,0,0,0
60271.29019918,1.000136440,8.811461e-4,0,0,0,0,0,0,0,0,0,0
60271.29065982,0.998765260,8.803843e-4,0,0,0,0,0,0,0,0,0,0
60271.29112047,1.000631895,8.807839e-4,0,0,0,0,0,0,0,0,0,0
60271.29158112,0.998231094,8.806553e-4,0,0,0,0,0,0,0,0,0,0
60271.29204177,0.999634047,8.806688e-4,0,0,0,0,0,0,0,0,0,0
60271.29250241,1.000680245,8.806922e-4,0,0,0,0,0,0,0,0,0,0
60271.29296306,1.000519309,8.803361e-4,0,0,0,0,0,0,0,0,0,0
60271.29342371,0.999983891,8.809519e-4,0,0,0,0,0,0,0,0,0,0
60271.29388435,1.000034649,8.809325e-4,0,0,0,0,0,0,0,0,0,0
60271.29434500,0.999461091,8.825573e-4,0,0,0,0,0,0,0,0,0,0
60271.29480565,1.001383634,8.844188e-4,0,0,0,0,0,0,0,0,0,0
60271.29526630,1.001106759,8.831765e-4,0,0,0,0,0,0,0,0,0,0
60271.29572694,1.000539102,8.806604e-4,0,0,0,0,0,0,0,0,0,0
60271.29618759,0.998968128,8.807352e-4,0,0,0,0,0,0,0,0,0,0
60271.29664824,1.000489275,8.810224e-4,0,0,0,0,0,0,0,0,0,0
60271.29710888,0.998140457,8.806544e-4,0,0,0,0,0,0,0,0,0,0
60271.29756953,0.999430984,8.808475e-4,0,0,0,0,0,0,0,0,0,0
60271.29803018,0.999713592,8.805221e-4,0,0,0,0,0,0,0,0,0,0
60271.29849083,0.999151974,8.810983e-4,0,0,0,0,0,0,0,0,0,0
60271.29895147,1.000858241,8.807085e-4,0,0,0,0,0,0,0,0,0,0
60271.29941212,1.000804872,8.806234e-4,0,0,0,0,0,0,0,0,0,0
60271.29987277,0.999555683,8.804587e-4,0,0,0,0,0,0,0,0,0,0
60271.30033341,1.001681682,8.810936e-4,0,0,0,0,0,0,0,0,0,0
60271.30079406,1.000891217,8.805280e-4,0,0,0,0,0,0,0,0,0,0
60271.30125471,1.000680834,8.810058e-4,0,0,0,0,0,0,0,0,0,0
60271.30171536,0.999344643,8.807174e-4,0,0,0,0,0,0,0,0,0,0
60271.30217600,0.999339852,8.825461e-4,0,0,0,0,0,0,0,0,0,0
60271.30263665,1.000005065,8.808158e-4,0,0,0,0,0,0,0,0,0,0
60271.30309730,1.001863551,8.839853e-4,0,0,0,0,0,0,0,0,0,0
60271.30355794,1.000303933,8.804235e-4,0,0,0,0,0,0,0,0,0,0
60271.30401859,0.999136341,8.807560e-4,0,0,0,0,0,0,0,0,0,0
60271.30447924,1.000101646,8.809699e-4,0,0,0,0,0,0,0,0,0,0
60271.30493989,0.999565897,8.806302e-4,0,0,0,0,0,0,0,0,0,0
60271.30540053,1.000194386,8.807117e-4,0,0,0,0,0,0,0,0,0,0
60271.30586118,1.000733127,8.806314e-4,0,0,0,0,0,0,0,0,0,0
60271.30632183,1.000417204,8.807191e-4,0,0,0,0,0,0,0,0,0,0
60271.30678248,1.000974699,8.806060e-4,0,0,0,0,0,0,0,0,0,0
60271.30724312,1.000573894,8.807966e-4,0,0,0,0,0,0,0,0,0,0
60271.30770377,1.000464173,8.808905e-4,0,0,0,0,0,0,0,0,0,0
60271.30816442,0.999441555,8.808079e-4,0,0,0,0,0,0,0,0,0,0
60271.30862506,0.998833057,8.812553e-4,0,0,0,0,0,0,0,0,0,0
60271.30908571,1.001031758,8.807598e-4,0,0,0,0,0,0,0,0,0,0
60271.30954636,0.999076488,8.805857e-4,0,0,0,0,0,0,0,0,0,0
60271.31000701,1.000595691,8.808318e-4,0,0,0,0,0,0,0,0,0,0
60271.31046765,1.000204902,8.808833e-4,0,0,0,0,0,0,0,0,0,0
60271.31092830,0.999079675,8.826883e-4,0,0,0,0,0,0,0,0,0,0
60271.31138895,0.999918614,8.819596e-4,0,0,0,0,0,0,0,0,0,0
60271.31184959,0.998194246,8.810319e-4,0,0,0,0,0,0,0,0,0,0
60271.31231024,0.998696887,8.807912e-4,0,0,0,0,0,0,0,0,0,0
60271.31277089,1.001665083,8.812180e-4,0,0,0,0,0,0,0,0,0,0
60271.31323154,1.001307133,8.809233e-4,0,0,0,0,0,0,0,0,0,0
60271.31369218,1.000233771,8.808346e-4,0,0,0,0,0,0,0,0,0,0
60271.31415283,0.998432461,8.809010e-4,0,0,0,0,0,0,0,0,0,0
60271.31461348,1.000191418,8.808377e-4,0,0,0,0,0,0,0,0,0,0
60271.31507412,0.999496931,8.810276e-4,0,0,0,0,0,0,0,0,0,0
60271.31553477,1.000227455,8.808319e-4,0,0,0,0,0,0,0,0,0,0
60271.31599542,1.000199130,8.810030e-4,0,0,0,0,0,0,0,0,0,0
60271.31645607,0.999805116,8.812903e-4,0,0,0,0,0,0,0,0,0,0
60271.31691671,1.000317787,8.808284e-4,0,0,0,0,0,0,0,0,0,0
60271.31737736,0.999399575,8.818964e-4,0,0,0,0,0,0,0,0,0,0
60271.31783801,1.000114747,8.809157e-4,0,0,0,0,0,0,0,0,0,0
60271.31829865,0.999404945,8.809602e-4,0,0,0,0,0,0,0,0,0,0
60271.31875930,1.002601346,8.836459e-4,0,0,0,0,0,0,0,0,0,0
60271.31921995,0.997443284,8.808275e-4,0,0,0,0,0,0,0,0,0,0
60271.31968060,1.001158544,8.808855e-4,0,0,0,0,0,0,0,0,0,0
60271.32014124,1.000008178,8.807470e-4,0,0,0,0,0,0,0,0,0,0
60271.32060189,0.999856161,8.809749e-4,0,0,0,0,0,0,0,0,0,0
60271.32106254,0.999727703,8.809009e-4,0,0,0,0,0,0,0,0,0,0
60271.32152318,0.999428243,8.808531e-4,0,0,0,0,0,0,0,0,0,0
60271.32198383,0.999894843,8.804023e-4,0,0,0,0,0,0,0,0,0,0
60271.32244448,0.999783696,8.810851e-4,0,0,0,0,0,0,0,0,0,0
60271.32290513,0.999427824,8.808937e-4,0,0,0,0,0,0,0,0,0,0
60271.32336577,0.999777523,8.808172e-4,0,0,0,0,0,0,0,0,0,0
60271.32382642,0.999898899,8.806374e-4,0,0,0,0,0,0,0,0,0,0
60271.32428707,0.999609968,8.806676e-4,0,0,0,0,0,0,0,0,0,0
60271.32474772,1.000426000,8.810730e-4,0,0,0,0,0,0,0,0,0,0
60271.32520836,0.999159642,8.807894e-4,0,0,0,0,0,0,0,0,0,0
60271.32566901,1.001002424,8.809220e-4,0,0,0,0,0,0,0,0,0,0
60271.32612966,1.001024552,8.811466e-4,0,0,0,0,0,0,0,0,0,0
60271.32659030,0.998434698,8.807833e-4,0,0,0,0,0,0,0,0,0,0
60271.32705095,0.999964920,8.807244e-4,0,0,0,0,0,0,0,0,0,0
60271.32751160,0.999827643,8.810387e-4,0,0,0,0,0,0,0,0,0,0
60271.32797225,1.000143872,8.809452e-4,0,0,0,0,0,0,0,0,0,0
60271.32843289,1.000214366,8.806896e-4,0,0,0,0,0,0,0,0,0,0
60271.32889354,0.999775631,8.808418e-4,0,0,0,0,0,0,0,0,0,0
60271.32935419,1.000986508,8.809721e-4,0,0,0,0,0,0,0,0,0,0
60271.32981483,1.000642962,8.808805e-4,0,0,0,0,0,0,0,0,0,0
60271.33027548,0.999904625,8.820654e-4,0,0,0,0,0,0,0,0,0,0
60271.33073613,1.000253536,8.806189e-4,0,0,0,0,0,0,0,0,0,0
60271.33119678,1.000069612,8.808579e-4,0,0,0,0,0,0,0,0,0,0
60271.33165742,1.000163254,8.810827e-4,0,0,0,0,0,0,0,0,0,0
60271.33211807,1.000133488,8.806459e-4,0,0,0,0,0,0,0,0,0,0
60271.33257872,0.999920557,8.804765e-4,0,0,0,0,0,0,0,0,0,0
60271.33303936,1.000056512,8.813430e-4,0,0,0,0,0,0,0,0,0,0
60271.33350001,1.000417776,8.808292e-4,0,0,0,0,0,0,0,0,0,0
60271.33396066,0.999840045,8.820339e-4,0,0,0,0,0,0,0,0,0,0
60271.33442131,1.000969054,8.808110e-4,0,0,0,0,0,0,0,0,0,0
60271.33488195,0.999687325,8.814639e-4,0,0,0,0,0,0,0,0,0,0
60271.33534260,1.000689935,8.806479e-4,0,0,0,0,0,0,0,0,0,0
60271.33580325,0.999766987,8.809139e-4,0,0,0,0,0,0,0,0,0,0
60271.33626389,1.001361911,8.807997e-4,0,0,0,0,0,0,0,0,0,0
60271.33672454,0.999936353,8.808329e-4,0,0,0,0,0,0,0,0,0,0
60271.33718519,1.001100982,8.809080e-4,0,0,0,0,0,0,0,0,0,0
60271.33764584,0.999750811,8.808028e-4,0,0,0,0,0,0,0,0,0,0
60271.33810648,0.999345632,8.810947e-4,0,0,0,0,0,0,0,0,0,0
60271.33856713,1.000804952,8.808512e-4,0,0,0,0,0,0,0,0,0,0
60271.33902778,0.999449046,8.817187e-4,0,0,0,0,0,0,0,0,0,0
60271.33948842,0.999609188,8.809087e-4,0,0,0,0,0,0,0,0,0,0
60271.33994907,0.999399063,8.807794e-4,0,0,0,0,0,0,0,0,0,0
60271.34040972,1.000872819,8.808398e-4,0,0,0,0,0,0,0,0,0,0
60271.34087037,0.999842446,8.809687e-4,0,0,0,0,0,0,0,0,0,0
60271.34133101,1.000634865,8.806325e-4,0,0,0,0,0,0,0,0,0,0
60271.34179166,0.998423001,8.809327e-4,0,0,0,0,0,0,0,0,0,0
60271.34225231,0.999980978,8.808401e-4,0,0,0,0,0,0,0,0,0,0
60271.34271295,0.999171830,8.809373e-4,0,0,0,0,0,0,0,0,0,0
60271.34317360,1.000274844,8.810261e-4,0,0,0,0,0,0,0,0,0,0
60271.34363425,1.000615077,8.811028e-4,0,0,0,0,0,0,0,0,0,0
60271.34409490,0.998918345,8.809103e-4,0,0,0,0,0,0,0,0,0,0
60271.34455554,0.999210672,8.806278e-4,0,0,0,0,0,0,0,0,0,0
60271.34501619,0.999813478,8.809952e-4,0,0,0,0,0,0,0,0,0,0
60271.34547684,1.000185079,8.841951e-4,0,0,0,0,0,0,0,0,0,0
60271.34593748,0.999147877,8.805500e-4,0,0,0,0,0,0,0,0,0,0
60271.34639813,1.000227382,8.808376e-4,0,0,0,0,0,0,0,0,0,0
60271.34685878,1.000145786,8.809522e-4,0,0,0,0,0,0,0,0,0,0
60271.34731943,1.000413842,8.809523e-4,0,0,0,0,0,0,0,0,0,0
60271.34778007,1.000142586,8.810075e-4,0,0,0,0,0,0,0,0,0,0
60271.34824072,1.001054658,8.807380e-4,0,0,0,0,0,0,0,0,0,0
60271.34870137,1.000734671,8.811668e-4,0,0,0,0,0,0,0,0,0,0
60271.34916202,1.000654675,8.807800e-4,0,0,0,0,0,0,0,0,0,0
60271.34962266,0.998981201,8.811735e-4,0,0,0,0,0,0,0,0,0,0
60271.35008331,1.000650584,8.809448e-4,0,0,0,0,0,0,0,0,0,0
60271.35054396,1.001261663,8.808263e-4,0,0,0,0,0,0,0,0,0,0
60271.35100460,0.999378925,8.809041e-4,0,0,0,0,0,0,0,0,0,0
60271.35146525,0.999716685,8.812277e-4,0,0,0,0,0,0,0,0,0,0
60271.35192590,0.999849593,8.807547e-4,0,0,0,0,0,0,0,0,0,0
60271.35238655,1.000116431,8.810474e-4,0,0,0,0,0,0,0,0,0,0
60271.35284719,0.999705719,8.807998e-4,0,0,0,0,0,0,0,0,0,0
60271.35330784,1.000160314,8.811629e-4,0,0,0,0,0,0,0,0,0,0
60271.35376849,1.001228412,8.808414e-4,0,0,0,0,0,0,0,0,0,0
60271.35422913,0.998628367,8.807011e-4,0,0,0,0,0,0,0,0,0,0
60271.35468978,0.999989218,8.814016e-4,0,0,0,0,0,0,0,0,0,0
60271.35515043,0.998127627,8.810634e-4,0,0,0,0,0,0,0,0,0,0
60271.35561108,1.001033421,8.811625e-4,0,0,0,0,0,0,0,0,0,0
60271.35607172,0.998640512,8.829838e-4,0,0,0,0,0,0,0,0,0,0
60271.35653237,0.999747751,8.808433e-4,0,0,0,0,0,0,0,0,0,0
60271.35699302,0.999391181,8.811505e-4,0,0,0,0,0,0,0,0,0,0
60271.35745366,1.000089761,8.809265e-4,0,0,0,0,0,0,0,0,0,0
60271.35791431,0.999182427,8.809507e-4,0,0,0,0,0,0,0,0,0,0
60271.35837496,1.001355842,8.806985e-4,0,0,0,0,0,0,0,0,0,0
60271.35883561,0.998643195,8.812714e-4,0,0,0,0,0,0,0,0,0,0
60271.35929625,1.001651901,8.816058e-4,0,0,0,0,0,0,0,0,0,0
60271.35975690,1.001667707,8.809823e-4,0,0,0,0,0,0,0,0,0,0
60271.36021755,1.001050242,8.808594e-4,0,0,0,0,0,0,0,0,0,0
60271.36067819,1.000741451,8.811600e-4,0,0,0,0,0,0,0,0,0,0
60271.36113884,0.999669367,8.812303e-4,0,0,0,0,0,0,0,0,0,0
60271.36159949,0.999420776,8.809354e-4,0,0,0,0,0,0,0,0,0,0
60271.36206014,0.998914996,8.805864e-4,0,0,0,0,0,0,0,0,0,0
60271.36252078,0.999979197,8.809419e-4,0,0,0,0,0,0,0,0,0,0
60271.36298143,0.999796965,8.821564e-4,0,0,0,0,0,0,0,0,0,0
60271.36344208,0.998505335,8.808356e-4,0,0,0,0,0,0,0,0,0,0
60271.36390272,1.000148091,8.808886e-4,0,0,0,0,0,0,0,0,0,0
60271.36436337,1.001460738,8.809742e-4,0,0,0,0,0,0,0,0,0,0
60271.36482402,0.999583697,8.810976e-4,0,0,0,0,0,0,0,0,0,0
60271.36528467,1.000977190,8.806827e-4,0,0,0,0,0,0,0,0,0,0
60271.36574531,1.001104704,8.806876e-4,0,0,0,0,0,0,0,0,0,0
60271.36620596,0.999735833,8.810895e-4,0,0,0,0,0,0,0,0,0,0
60271.36666661,0.999214714,8.810912e-4,0,0,0,0,0,0,0,0,0,0
60271.36712725,0.999246470,8.809035e-4,0,0,0,0,0,0,0,0,0,0
60271.36758790,1.000887557,8.804918e-4,0,0,0,0,0,0,0,0,0,0
60271.36804855,1.000113754,8.810837e-4,0,0,0,0,0,0,0,0,0,0
60271.36850920,1.000550050,8.814342e-4,0,0,0,0,0,0,0,0,0,0
60271.36896984,0.998070355,8.809889e-4,0,0,0,0,0,0,0,0,0,0
60271.36943049,0.999944580,8.809778e-4,0,0,0,0,0,0,0,0,0,0
60271.36989114,1.000712864,8.808825e-4,0,0,0,0,0,0,0,0,0,0
60271.37035178,1.001027640,8.805803e-4,0,0,0,0,0,0,0,0,0,0
60271.37081243,0.999906815,8.811564e-4,0,0,0,0,0,0,0,0,0,0
60271.37127308,0.999892922,8.808528e-4,0,0,0,0,0,0,0,0,0,0
60271.37173373,1.000297003,8.807883e-4,0,0,0,0,0,0,0,0,0,0
60271.37219437,1.001293668,8.813542e-4,0,0,0,0,0,0,0,0,0,0
60271.37265502,0.999425284,8.810188e-4,0,0,0,0,0,0,0,0,0,0
60271.37311567,1.000364978,8.808057e-4,0,0,0,0,0,0,0,0,0,0
60271.37357631,0.999341851,8.811017e-4,0,0,0,0,0,0,0,0,0,0
60271.37403696,0.998621968,8.809611e-4,0,0,0,0,0,0,0,0,0,0
60271.37449761,1.000190814,8.809841e-4,0,0,0,0,0,0,0,0,0,0
60271.37495826,0.998190349,8.810739e-4,0,0,0,0,0,0,0,0,0,0
60271.37541890,1.001619198,8.808591e-4,0,0,0,0,0,0,0,0,0,0
60271.37587955,0.999741408,8.811952e-4,0,0,0,0,0,0,0,0,0,0
60271.37634020,1.000410473,8.810978e-4,0,0,0,0,0,0,0,0,0,0
60271.37680084,1.000918030,8.809639e-4,0,0,0,0,0,0,0,0,0,0
60271.37726149,1.002056964,8.807580e-4,0,0,0,0,0,0,0,0,0,0
60271.37772214,1.000261249,8.812000e-4,0,0,0,0,0,0,0,0,0,0
60271.37818279,0.999912064,8.811496e-4,0,0,0,0,0,0,0,0,0,0
60271.37864343,0.998798277,8.810229e-4,0,0,0,0,0,0,0,0,0,0
60271.37910408,0.999514687,8.808993e-4,0,0,0,0,0,0,0,0,0,0
60271.37956473,1.000138873,8.806709e-4,0,0,0,0,0,0,0,0,0,0
60271.38002538,1.000204949,8.813188e-4,0,0,0,0,0,0,0,0,0,0
60271.38048602,0.999415186,8.831088e-4,0,0,0,0,0,0,0,0,0,0
60271.38094667,0.999995544,8.812345e-4,0,0,0,0,0,0,0,0,0,0
60271.38140732,1.000137256,8.807812e-4,0,0,0,0,0,0,0,0,0,0
60271.38186796,0.999751900,8.811200e-4,0,0,0,0,0,0,0,0,0,0
60271.38232861,1.001489458,8.809858e-4,0,0,0,0,0,0,0,0,0,0
60271.38278926,1.000351793,8.809751e-4,0,0,0,0,0,0,0,0,0,0
60271.38324991,0.999974316,8.808756e-4,0,0,0,0,0,0,0,0,0,0
60271.38371055,0.999473096,8.812007e-4,0,0,0,0,0,0,0,0,0,0
60271.38417120,1.000591137,8.812004e-4,0,0,0,0,0,0,0,0,0,0
60271.38463185,0.998601678,8.809213e-4,0,0,0,0,0,0,0,0,0,0
60271.38509249,1.000583638,8.814732e-4,0,0,0,0,0,0,0,0,0,0
60271.38555314,1.000292860,8.813059e-4,0,0,0,0,0,0,0,0,0,0
60271.38601379,0.999540630,8.807613e-4,0,0,0,0,0,0,0,0,0,0
60271.38647444,1.000381795,8.809833e-4,0,0,0,0,0,0,0,0,0,0
60271.38693508,0.998870816,8.812544e-4,0,0,0,0,0,0,0,0,0,0
60271.38739573,1.001121146,8.811357e-4,0,0,0,0,0,0,0,0,0,0
60271.38785638,1.000207286,8.809547e-4,0,0,0,0,0,0,0,0,0,0
60271.38831702,1.001179000,8.811546e-4,0,0,0,0,0,0,0,0,0,0
60271.38877767,1.001243311,8.808117e-4,0,0,0,0,0,0,0,0,0,0
60271.38923832,0.999727897,8.808905e-4,0,0,0,0,0,0,0,0,0,0
60271.38969897,0.999938872,8.811355e-4,0,0,0,0,0,0,0,0,0,0
60271.39015961,1.000661160,8.812960e-4,0,0,0,0,0,0,0,0,0,0
60271.39062026,0.999167710,8.812138e-4,0,0,0,0,0,0,0,0,0,0
60271.39108091,0.998996498,8.813876e-4,0,0,0,0,0,0,0,0,0,0
60271.39154155,1.000810388,8.811379e-4,0,0,0,0,0,0,0,0,0,0
60271.39200220,0.999709416,8.814435e-4,0,0,0,0,0,0,0,0,0,0
60271.39246285,1.000446838,8.807884e-4,0,0,0,0,0,0,0,0,0,0
60271.39292350,0.999912508,8.807045e-4,0,0,0,0,0,0,0,0,0,0
60271.39338414,1.000703638,8.817360e-4,0,0,0,0,0,0,0,0,0,0
60271.39384479,1.000827189,8.808168e-4,0,0,0,0,0,0,0,0,0,0
60271.39430544,0.999885327,8.808718e-4,0,0,0,0,0,0,0,0,0,0
60271.39476608,0.999148449,8.809720e-4,0,0,0,0,0,0,0,0,0,0
60271.39522673,1.000307994,8.811722e-4,0,0,0,0,0,0,0,0,0,0
60271.39568738,0.999676252,8.813113e-4,0,0,0,0,0,0,0,0,0,0
60271.39614803,0.999497110,8.813194e-4,0,0,0,0,0,0,0,0,0,0
60271.39660867,1.000390967,8.809113e-4,0,0,0,0,0,0,0,0,0,0
60271.39706932,1.000144115,8.823637e-4,0,0,0,0,0,0,0,0,0,0
60271.39752997,1.000848174,8.808144e-4,0,0,0,0,0,0,0,0,0,0
60271.39799061,1.000218292,8.812381e-4,0,0,0,0,0,0,0,0,0,0
60271.39845126,1.000280933,8.809433e-4,0,0,0,0,0,0,0,0,0,0
60271.39891191,0.998403698,8.808922e-4,0,0,0,0,0,0,0,0,0,0
60271.39937256,0.999482533,8.809048e-4,0,0,0,0,0,0,0,0,0,0
60271.39983320,1.000613228,8.806198e-4,0,0,0,0,0,0,0,0,0,0
60271.40029385,1.001509089,8.807492e-4,0,0,0,0,0,0,0,0,0,0
60271.40075450,0.999550727,8.810373e-4,0,0,0,0,0,0,0,0,0,0
60271.40121514,1.000259996,8.814997e-4,0,0,0,0,0,0,0,0,0,0
60271.40167579,1.000174053,8.808181e-4,0,0,0,0,0,0,0,0,0,0
60271.40213644,0.999539320,8.809065e-4,0,0,0,0,0,0,0,0,0,0
60271.40259709,1.000477875,8.809096e-4,0,0,0,0,0,0,0,0,0,0
60271.40305773,0.999346224,8.811741e-4,0,0,0,0,0,0,0,0,0,0
60271.40351838,0.999885442,8.812779e-4,0,0,0,0,0,0,0,0,0,0
60271.40397903,0.999826783,8.809000e-4,0,0,0,0,0,0,0,0,0,0
60271.40443967,0.999131506,8.811411e-4,0,0,0,0,0,0,0,0,0,0
60271.40490032,0.999068937,8.809854e-4,0,0,0,0,0,0,0,0,0,0
60271.40536097,0.998575965,8.810241e-4,0,0,0,0,0,0,0,0,0,0
60271.40582162,0.999994017,8.810626e-4,0,0,0,0,0,0,0,0,0,0
60271.40628226,1.000493737,8.811872e-4,0,0,0,0,0,0,0,0,0,0
60271.40674291,1.000722996,8.811661e-4,0,0,0,0,0,0,0,0,0,0
60271.40720356,0.999811403,8.811510e-4,0,0,0,0,0,0,0,0,0,0
60271.40766420,0.999934076,8.808722e-4,0,0,0,0,0,0,0,0,0,0
60271.40812485,1.000673953,8.809224e-4,0,0,0,0,0,0,0,0,0,0
60271.40858550,1.000624559,8.811143e-4,0,0,0,0,0,0,0,0,0,0
60271.40904615,0.999932864,8.814299e-4,0,0,0,0,0,0,0,0,0,0
60271.40950679,0.999529732,8.811172e-4,0,0,0,0,0,0,0,0,0,0
60271.40996744,1.000814338,8.811736e-4,0,0,0,0,0,0,0,0,0,0
60271.41042809,0.999543409,8.816471e-4,0,0,0,0,0,0,0,0,0,0
60271.41088873,1.000932450,8.806458e-4,0,0,0,0,0,0,0,0,0,0
60271.41134938,0.999579357,8.810107e-4,0,0,0,0,0,0,0,0,0,0
60271.41181003,0.999810885,8.814271e-4,0,0,0,0,0,0,0,0,0,0
60271.41227068,1.000171188,8.813893e-4,0,0,0,0,0,0,0,0,0,0
60271.41273132,0.999482767,8.810805e-4,0,0,0,0,0,0,0,0,0,0
60271.41319197,1.000481619,8.815134e-4,0,0,0,0,0,0,0,0,0,0
60271.41365262,1.000791764,8.812177e-4,0,0,0,0,0,0,0,0,0,0
60271.41411326,1.001591952,8.808840e-4,0,0,0,0,0,0,0,0,0,0
60271.41457391,1.002035666,8.809437e-4,0,0,0,0,0,0,0,0,0,0
60271.41503456,1.000912059,8.813667e-4,0,0,0,0,0,0,0,0,0,0
60271.41549521,0.997851899,8.838289e-4,0,0,0,0,0,0,0,0,0,0
60271.41595585,0.998166448,8.809406e-4,0,0,0,0,0,0,0,0,0,0
60271.41641650,1.000478946,8.808450e-4,0,0,0,0,0,0,0,0,0,0
60271.41687715,0.999075308,8.810351e-4,0,0,0,0,0,0,0,0,0,0
60271.41733779,0.999867206,8.808699e-4,0,0,0,0,0,0,0,0,0,0
60271.41779844,0.999850195,8.808913e-4,0,0,0,0,0,0,0,0,0,0
60271.41825909,1.000221983,8.811752e-4,0,0,0,0,0,0,0,0,0,0
60271.41871974,1.000920434,8.811859e-4,0,0,0,0,0,0,0,0,0,0
60271.41918038,1.000800843,8.813024e-4,0,0,0,0,0,0,0,0,0,0
60271.41964103,1.000442109,8.817017e-4,0,0,0,0,0,0,0,0,0,0
60271.42010168,1.000112655,8.809094e-4,0,0,0,0,0,0,0,0,0,0
60271.42056232,1.000810486,8.814291e-4,0,0,0,0,0,0,0,0,0,0
60271.42102297,0.999923025,8.814248e-4,0,0,0,0,0,0,0,0,0,0
60271.42148362,0.999675918,8.810434e-4,0,0,0,0,0,0,0,0,0,0
60271.42194427,1.000579118,8.813938e-4,0,0,0,0,0,0,0,0,0,0
60271.42240491,0.999592710,8.813048e-4,0,0,0,0,0,0,0,0,0,0
60271.42286556,0.999917933,8.812667e-4,0,0,0,0,0,0,0,0,0,0
60271.42332621,0.998112073,8.811953e-4,0,0,0,0,0,0,0,0,0,0
60271.42378686,0.999996022,8.808303e-4,0,0,0,0,0,0,0,0,0,0
60271.42424750,0.999073972,8.810074e-4,0,0,0,0,0,0,0,0,0,0
60271.42470815,1.001249675,8.813014e-4,0,0,0,0,0,0,0,0,0,0
60271.42516880,0.998960990,8.814946e-4,0,0,0,0,0,0,0,0,0,0
60271.42562944,0.999458265,8.814958e-4,0,0,0,0,0,0,0,0,0,0
60271.42609009,0.998765624,8.810325e-4,0,0,0,0,0,0,0,0,0,0
60271.42655074,0.999335691,8.813743e-4,0,0,0,0,0,0,0,0,0,0
60271.42701139,0.999512412,8.812898e-4,0,0,0,0,0,0,0,0,0,0
60271.42747203,1.000434284,8.815589e-4,0,0,0,0,0,0,0,0,0,0
60271.42793268,1.001773153,8.812129e-4,0,0,0,0,0,0,0,0,0,0
60271.42839333,1.000221057,8.809907e-4,0,0,0,0,0,0,0,0,0,0
60271.42885397,0.999212058,8.828991e-4,0,0,0,0,0,0,0,0,0,0
60271.42931462,1.001171963,8.811792e-4,0,0,0,0,0,0,0,0,0,0
60271.42977527,1.000263268,8.816864e-4,0,0,0,0,0,0,0,0,0,0
60271.43023592,0.999911043,8.812052e-4,0,0,0,0,0,0,0,0,0,0
60271.43069656,1.001641682,8.812320e-4,0,0,0,0,0,0,0,0,0,0
60271.43115721,1.001277440,8.815694e-4,0,0,0,0,0,0,0,0,0,0
60271.43161786,1.001002196,8.816565e-4,0,0,0,0,0,0,0,0,0,0
60271.43207850,1.000723818,8.809824e-4,0,0,0,0,0,0,0,0,0,0
60271.43253915,1.000010884,8.817176e-4,0,0,0,0,0,0,0,0,0,0
60271.43299980,1.000950696,8.813835e-4,0,0,0,0,0,0,0,0,0,0
60271.43346045,0.999882078,8.812115e-4,0,0,0,0,0,0,0,0,0,0
60271.43392109,0.999088133,8.813876e-4,0,0,0,0,0,0,0,0,0,0
60271.43438174,0.999316595,8.809179e-4,0,0,0,0,0,0,0,0,0,0
60271.43484239,1.001734996,8.813028e-4,0,0,0,0,0,0,0,0,0,0
60271.43530303,0.998204948,8.814508e-4,0,0,0,0,0,0,0,0,0,0
60271.43576368,0.999774570,8.811712e-4,0,0,0,0,0,0,0,0,0,0
60271.43622433,1.001316810,8.811808e-4,0,0,0,0,0,0,0,0,0,0
60271.43668498,1.002242616,8.811226e-4,0,0,0,0,0,0,0,0,0,0
60271.43714562,1.000336825,8.814565e-4,0,0,0,0,0,0,0,0,0,0
60271.43760627,0.999695127,8.808548e-4,0,0,0,0,0,0,0,0,0,0
60271.43806692,1.000907506,8.810770e-4,0,0,0,0,0,0,0,0,0,0
60271.43852756,1.000233296,8.812177e-4,0,0,0,0,0,0,0,0,0,0
60271.43898821,1.000484131,8.812444e-4,0,0,0,0,0,0,0,0,0,0
60271.43944886,0.998602329,8.818156e-4,0,0,0,0,0,0,0,0,0,0
60271.43990951,0.999795957,8.812449e-4,0,0,0,0,0,0,0,0,0,0
60271.44037015,0.999070774,8.832737e-4,0,0,0,0,0,0,0,0,0,0
60271.44083080,1.000496506,8.811481e-4,0,0,0,0,0,0,0,0,0,0
60271.44129145,0.999249848,8.815735e-4,0,0,0,0,0,0,0,0,0,0
60271.44175209,1.000871193,8.814257e-4,0,0,0,0,0,0,0,0,0,0
60271.44221274,1.000455474,8.814118e-4,0,0,0,0,0,0,0,0,0,0
60271.44267339,0.999846505,8.818672e-4,0,0,0,0,0,0,0,0,0,0
60271.44313404,1.000521573,8.812147e-4,0,0,0,0,0,0,0,0,0,0
60271.44359468,1.000714296,8.814140e-4,0,0,0,0,0,0,0,0,0,0
60271.44405533,1.001708389,8.812406e-4,0,0,0,0,0,0,0,0,0,0
60271.44451598,0.999947346,8.810815e-4,0,0,0,0,0,0,0,0,0,0
60271.44497662,1.001110022,8.817342e-4,0,0,0,0,0,0,0,0,0,0
60271.44543727,0.998970587,8.854137e-4,0,0,0,0,0,0,0,0,0,0
60271.44589792,1.000511183,8.814780e-4,0,0,0,0,0,0,0,0,0,0
60271.44635857,1.000374533,8.814329e-4,0,0,0,0,0,0,0,0,0,0
60271.44681921,0.999743579,8.813323e-4,0,0,0,0,0,0,0,0,0,0
60271.44727986,1.000678714,8.812943e-4,0,0,0,0,0,0,0,0,0,0
60271.44774051,1.000609302,8.811858e-4,0,0,0,0,0,0,0,0,0,0
60271.44820115,0.998831570,8.814334e-4,0,0,0,0,0,0,0,0,0,0
60271.44866180,1.000393850,8.812320e-4,1,0,0,0,0,0,0,0,0,0
60271.44912245,0.998866834,8.815050e-4,1,0,0,0,0,0,0,0,0,0
60271.44958310,1.000631677,8.802633e-4,1,0,0,0,0,0,0,0,0,0
60271.45004374,1.002275935,8.797785e-4,1,0,0,0,0,0,0,0,0,0
60271.45050439,1.000119161,8.800202e-4,1,0,0,0,0,0,0,0,0,0
60271.45096504,0.999252839,8.800509e-4,1,0,0,0,0,0,0,0,0,0
60271.45142568,0.999078568,8.803209e-4,1,0,0,0,0,0,0,0,0,0
60271.45188633,1.000362834,8.820215e-4,1,0,0,0,0,0,0,0,0,0
60271.45234698,1.000215581,8.802682e-4,1,0,0,0,0,0,0,0,0,0
60271.45280763,1.000855538,8.799365e-4,1,0,0,0,0,0,0,0,0,0
60271.45326827,1.002082285,8.802218e-4,1,0,0,0,0,0,0,0,0,0
60271.45372892,0.999910026,8.802681e-4,1,0,0,0,0,0,0,0,0,0
60271.45418957,0.999584649,8.802240e-4,1,0,0,0,0,0,0,0,0,0
60271.45465021,0.999055604,8.801293e-4,1,0,0,0,0,0,0,0,0,0
60271.45511086,0.998749895,8.795608e-4,1,0,0,0,0,0,0,0,0,0
60271.45557151,1.001177119,8.801826e-4,1,0,0,0,0,0,0,0,0,0
60271.45603216,1.000563114,8.805677e-4,1,0,0,0,0,0,0,0,0,0
60271.45649280,0.999560205,8.802698e-4,1,0,0,0,0,0,0,0,0,0
60271.45695345,0.999246123,8.796747e-4,1,0,0,0,0,0,0,0,0,0
60271.45741410,0.999740795,8.796728e-4,1,0,0,0,0,0,0,0,0,0
60271.45787474,1.000565686,8.797795e-4,1,0,0,0,0,0,0,0,0,0
60271.45833539,0.999657335,8.800125e-4,1,0,0,0,0,0,0,0,0,0
60271.45879604,1.000517487,8.794883e-4,1,0,0,0,0,0,0,0,0,0
60271.45925669,1.001099645,8.797892e-4,1,0,0,0,0,0,0,0,0,0
60271.45971733,1.000220487,8.798069e-4,1,0,0,0,0,0,0,0,0,0
60271.46017798,0.999171327,8.802233e-4,1,0,0,0,0,0,0,0,0,0
60271.46063863,0.999330111,8.797137e-4,1,0,0,0,0,0,0,0,0,0
60271.46109927,1.000170182,8.804052e-4,1,0,0,0,0,0,0,0,0,0
60271.46155992,0.999871386,8.814967e-4,1,0,0,0,0,0,0,0,0,0
60271.46202057,0.999426829,8.799420e-4,1,0,0,0,0,0,0,0,0,0
60271.46248122,1.000048764,8.800026e-4,1,0,0,0,0,0,0,0,0,0
60271.46294186,0.999189226,8.800308e-4,1,0,0,0,0,0,0,0,0,0
60271.46340251,0.999989574,8.802796e-4,1,0,0,0,0,0,0,0,0,0
60271.46386316,1.000185111,8.798511e-4,1,0,0,0,0,0,0,0,0,0
60271.46432380,0.999908392,8.799500e-4,1,0,0,0,0,0,0,0,0,0
60271.46478445,0.999987355,8.807721e-4,1,0,0,0,0,0,0,0,0,0
60271.46524510,1.000623792,8.801765e-4,1,0,0,0,0,0,0,0,0,0
60271.46570575,0.999769922,8.804471e-4,1,0,0,0,0,0,0,0,0,0
60271.46616639,0.999224050,8.800453e-4,1,0,0,0,0,0,0,0,0,0
60271.46662704,1.000478167,8.797382e-4,1,0,0,0,0,0,0,0,0,0
60271.46708769,0.999176011,8.802259e-4,1,0,0,0,0,0,0,0,0,0
60271.46754833,0.999248057,8.803975e-4,1,0,0,0,0,0,0,0,0,0
60271.46800898,0.999707521,8.798367e-4,1,0,0,0,0,0,0,0,0,0
60271.46846963,1.000141325,8.800859e-4,1,0,0,0,0,0,0,0,0,0
60271.46893028,0.998941487,8.799103e-4,1,0,0,0,0,0,0,0,0,0
60271.46939092,0.999666368,8.799458e-4,1,0,0,0,0,0,0,0,0,0
60271.46985157,1.001210881,8.797807e-4,1,0,0,0,0,0,0,0,0,0
60271.47031222,1.000687682,8.799977e-4,1,0,0,0,0,0,0,0,0,0
60271.47077286,0.999640712,8.799329e-4,1,0,0,0,0,0,0,0,0,0
60271.47123351,1.000847221,8.800789e-4,1,0,0,0,0,0,0,0,0,0
60271.47169416,0.999318705,8.801544e-4,1,0,0,0,0,0,0,0,0,0
60271.47215481,1.000805925,8.801419e-4,1,0,0,0,0,0,0,0,0,0
60271.47261545,1.000699165,8.797661e-4,1,0,0,0,0,0,0,0,0,0
60271.47307610,1.001574379,8.793800e-4,1,0,0,0,0,0,0,0,0,0
60271.47353675,1.001162158,8.796166e-4,1,0,0,0,0,0,0,0,0,0
60271.47399739,1.001844970,8.791951e-4,1,0,0,0,0,0,0,0,0,0
60271.47445804,0.999503913,8.795767e-4,1,0,0,0,0,0,0,0,0,0
60271.47491869,1.000832748,8.796181e-4,1,0,0,0,0,0,0,0,0,0
60271.47537934,0.998312910,8.797642e-4,1,0,0,0,0,0,0,0,0,0
60271.47583998,1.000160760,8.794710e-4,1,0,0,0,0,0,0,0,0,0
60271.47630063,1.000002378,8.795811e-4,1,0,0,0,0,0,0,0,0,0
60271.47676128,0.998526798,8.793571e-4,1,0,0,0,0,0,0,0,0,0
60271.47722192,1.001127427,8.793387e-4,1,0,0,0,0,0,0,0,0,0
60271.47768257,1.000979079,8.794734e-4,1,0,0,0,0,0,0,0,0,0
60271.47814322,1.000130445,8.792228e-4,1,0,0,0,0,0,0,0,0,0
60271.47860387,1.000455315,8.792348e-4,1,0,0,0,0,0,0,0,0,0
60271.47906451,0.999832017,8.793544e-4,1,0,0,0,0,0,0,0,0,0
60271.47952516,0.998465648,8.794663e-4,1,0,0,0,0,0,0,0,0,0
60271.47998581,1.001148980,8.796853e-4,1,0,0,0,0,0,0,0,0,0
60271.48044645,1.001442881,8.815041e-4,1,0,0,0,0,0,0,0,0,0
60271.48090710,1.000025959,8.798312e-4,1,0,0,0,0,0,0,0,0,0
60271.48136775,0.999200635,8.793066e-4,1,0,0,0,0,0,0,0,0,0
60271.48182840,1.000507836,8.793851e-4,1,0,0,0,0,0,0,0,0,0
60271.48228904,1.001045200,8.796448e-4,1,0,0,0,0,0,0,0,0,0
60271.48274969,1.000589977,8.795314e-4,1,0,0,0,0,0,0,0,0,0
60271.48321034,1.001562273,8.796391e-4,1,0,0,0,0,0,0,0,0,0
60271.48367098,1.000671457,8.797044e-4,1,0,0,0,0,0,0,0,0,0
60271.48413163,0.999249977,8.794558e-4,1,0,0,0,0,0,0,0,0,0
60271.48459228,1.000525357,8.788712e-4,1,0,0,0,0,0,0,0,0,0
60271.48505293,0.999754329,8.793945e-4,1,0,0,0,0,0,0,0,0,0
60271.48551357,1.000154567,8.792791e-4,1,0,0,0,0,0,0,0,0,0
60271.48597422,1.001068987,8.795888e-4,1,0,0,0,0,0,0,0,0,0
60271.48643487,0.999574386,8.796134e-4,1,0,0,0,0,0,0,0,0,0
60271.48689551,1.001054786,8.795183e-4,1,0,0,0,0,0,0,0,0,0
60271.48735616,1.000073634,8.794522e-4,1,0,0,0,0,0,0,0,0,0
60271.48781681,1.000315858,8.794385e-4,1,0,0,0,0,0,0,0,0,0
60271.48827746,0.998716504,8.792482e-4,1,0,0,0,0,0,0,0,0,0
60271.48873810,0.998887646,8.791860e-4,1,0,0,0,0,0,0,0,0,0
60271.48919875,1.000429155,8.794530e-4,1,0,0,0,0,0,0,0,0,0
60271.48965940,0.999093800,8.794275e-4,1,0,0,0,0,0,0,0,0,0
60271.49012004,1.000069121,8.795498e-4,1,0,0,0,0,0,0,0,0,0
60271.49058069,1.001175299,8.793902e-4,1,0,0,0,0,0,0,0,0,0
60271.49104134,1.000962283,8.795287e-4,1,0,0,0,0,0,0,0,0,0
60271.49150199,0.999890959,8.799630e-4,1,0,0,0,0,0,0,0,0,0
60271.49196263,1.002115213,8.794639e-4,1,0,0,0,0,0,0,0,0,0
60271.49242328,1.000760806,8.797176e-4,1,0,0,0,0,0,0,0,0,0
60271.49288393,1.000047846,8.797662e-4,1,0,0,0,0,0,0,0,0,0
60271.49334457,1.000039752,8.791575e-4,1,0,0,0,0,0,0,0,0,0
60271.49380522,0.999359315,8.794475e-4,1,0,0,0,0,0,0,0,0,0
60271.49426587,0.999709194,8.796882e-4,1,0,0,0,0,0,0,0,0,0
60271.49472652,0.999060942,8.798382e-4,1,0,0,0,0,0,0,0,0,0
60271.49518716,1.001241287,8.790918e-4,1,0,0,0,0,0,0,0,0,0
60271.49564781,1.000685148,8.813683e-4,1,0,0,0,0,0,0,0,0,0
60271.49610846,1.000676618,8.811198e-4,1,0,0,0,0,0,0,0,0,0
60271.49656910,1.001607077,8.811574e-4,1,0,0,0,0,0,0,0,0,0
60271.49702975,1.001803565,8.810393e-4,1,0,0,0,0,0,0,0,0,0
60271.49749040,0.999379583,8.809012e-4,1,0,0,0,0,0,0,0,0,0
60271.49795105,1.000660601,8.810804e-4,1,0,0,0,0,0,0,0,0,0
60271.49841169,0.999605570,8.810542e-4,1,0,0,0,0,0,0,0,0,0
60271.49887234,0.999622746,8.810246e-4,1,0,0,0,0,0,0,0,0,0
60271.49933299,1.001768286,8.813333e-4,1,0,0,0,0,0,0,0,0,0
60271.49979363,0.999464408,8.815969e-4,1,0,0,0,0,0,0,0,0,0
60271.50025428,0.999703666,8.808868e-4,1,0,0,0,0,0,0,0,0,0
60271.50071493,1.000496182,8.813488e-4,1,0,0,0,0,0,0,0,0,0
60271.50117558,1.000210774,8.809359e-4,1,0,0,0,0,0,0,0,0,0
60271.50163622,0.999999801,8.812335e-4,1,0,0,0,0,0,0,0,0,0
60271.50209687,0.999635153,8.814817e-4,1,0,0,0,0,0,0,0,0,0
60271.50255752,0.999702954,8.808523e-4,1,0,0,0,0,0,0,0,0,0
60271.50301816,0.999835914,8.810076e-4,1,0,0,0,0,0,0,0,0,0
60271.50347881,0.998596443,8.820305e-4,1,0,0,0,0,0,0,0,0,0
60271.50393946,0.998754291,8.810808e-4,1,0,0,0,0,0,0,0,0,0
60271.50440011,1.001119638,8.810606e-4,1,0,0,0,0,0,0,0,0,0
60271.50486075,1.000175510,8.810951e-4,1,0,0,0,0,0,0,0,0,0
60271.50532140,1.000544391,8.811327e-4,1,0,0,0,0,0,0,0,0,0
60271.50578205,1.001036814,8.810117e-4,1,0,0,0,0,0,0,0,0,0
60271.50624269,1.000320836,8.812593e-4,1,0,0,0,0,0,0,0,0,0
60271.50670334,1.000559282,8.814777e-4,1,0,0,0,0,0,0,0,0,0
60271.50716399,0.999676887,8.811612e-4,1,0,0,0,0,0,0,0,0,0
60271.50762464,1.000600345,8.812279e-4,1,0,0,0,0,0,0,0,0,0
60271.50808528,0.998925847,8.813191e-4,1,0,0,0,0,0,0,0,0,0
60271.50854593,0.999821897,8.812802e-4,1,0,0,0,0,0,0,0,0,0
60271.50900658,0.999337471,8.809548e-4,1,0,0,0,0,0,0,0,0,0
60271.50946722,1.000353393,8.812849e-4,1,0,0,0,0,0,0,0,0,0
60271.50992787,1.001206763,8.811797e-4,1,0,0,0,0,0,0,0,0,0
60271.51038852,1.001327570,8.813035e-4,0,0,0,0,0,0,0,0,0,0
60271.51084917,1.000241250,8.816602e-4,0,0,0,0,0,0,0,0,0,0
60271.51130981,0.998627004,8.811530e-4,0,0,0,0,0,0,0,0,0,0
60271.51177046,0.999373086,8.851937e-4,0,0,0,0,0,0,0,0,0,0
60271.51223111,1.000308227,8.810943e-4,0,0,0,0,0,0,0,0,0,0
60271.51269175,1.002292658,8.811604e-4,0,0,0,0,0,0,0,0,0,0
60271.51315240,0.999818308,8.810953e-4,0,0,0,0,0,0,0,0,0,0
60271.51361305,1.000234204,8.812693e-4,0,0,0,0,0,0,0,0,0,0
60271.51407370,1.000816720,8.810143e-4,0,0,0,0,0,0,0,0,0,0
60271.51453434,1.000547778,8.809851e-4,0,0,0,0,0,0,0,0,0,0
60271.51499499,1.000176871,8.809536e-4,0,0,0,0,0,0,0,0,0,0
60271.51545564,1.000070956,8.814077e-4,0,0,0,0,0,0,0,0,0,0
60271.51591628,1.000138382,8.813453e-4,0,0,0,0,0,0,0,0,0,0
60271.51637693,0.999224486,8.810263e-4,0,0,0,0,0,0,0,0,0,0
60271.51683758,0.999237484,8.806566e-4,0,0,0,0,0,0,0,0,0,0
60271.51729823,0.999784256,8.812499e-4,0,0,0,0,0,0,0,0,0,0
60271.51775887,1.000067786,8.813555e-4,0,0,0,0,0,0,0,0,0,0
60271.51821952,1.001076183,8.811430e-4,0,0,0,0,0,0,0,0,0,0
60271.51868017,1.000678430,8.816049e-4,0,0,0,0,0,0,0,0,0,0
60271.51914081,1.001477687,8.814659e-4,0,0,0,0,0,0,0,0,0,0
60271.51960146,1.000140740,8.816783e-4,0,0,0,0,0,0,0,0,0,0
60271.52006211,1.000510251,8.819783e-4,0,0,0,0,0,0,0,0,0,0
60271.52052276,1.001698008,8.817596e-4,0,0,0,0,0,0,0,0,0,0
60271.52098340,1.000118485,8.815236e-4,0,0,0,0,0,0,0,0,0,0
60271.52144405,1.000041873,8.814895e-4,0,0,0,0,0,0,0,0,0,0
60271.52190470,1.001390346,8.817436e-4,0,0,0,0,0,0,0,0,0,0
60271.52236534,0.999660974,8.814580e-4,0,0,0,0,0,0,0,0,0,0
60271.52282599,1.001890874,8.817247e-4,0,0,0,0,0,0,0,0,0,0
60271.52328664,0.999788691,8.814610e-4,0,0,0,0,0,0,0,0,0,0
60271.52374728,0.999631995,8.817566e-4,0,0,0,0,0,0,0,0,0,0
60271.52420793,1.000851251,8.813861e-4,0,0,0,0,0,0,0,0,0,0
60271.52466858,0.998946298,8.822127e-4,0,0,0,0,0,0,0,0,0,0
60271.52512923,1.001435242,8.817065e-4,0,0,0,0,0,0,0,0,0,0
60271.52558987,0.999594999,8.814992e-4,0,0,0,0,0,0,0,0,0,0
60271.52605052,0.999824658,8.810184e-4,0,0,0,0,0,0,0,0,0,0
60271.52651117,0.999513909,8.814625e-4,0,0,0,0,0,0,0,0,0,0
60271.52697181,1.000350443,8.818264e-4,0,0,0,0,0,0,0,0,0,0
60271.52743246,0.999895259,8.815518e-4,0,0,0,0,0,0,0,0,0,0
60271.52789311,0.999330620,8.820692e-4,0,0,0,0,0,0,0,0,0,0
60271.52835376,0.999437717,8.811026e-4,0,0,0,0,0,0,0,0,0,0
60271.52881440,1.000410789,8.814205e-4,0,0,0,0,0,0,0,0,0,0
60271.52927505,0.999394114,8.818479e-4,0,0,0,0,0,0,0,0,0,0
60271.52973570,0.999485760,8.816911e-4,0,0,0,0,0,0,0,0,0,0
60271.53019634,0.999764773,8.816805e-4,0,0,0,0,0,0,0,0,0,0
60271.53065699,1.000449921,8.822668e-4,0,0,0,0,0,0,0,0,0,0
60271.53111764,0.999352710,8.816975e-4,0,0,0,0,0,0,0,0,0,0
60271.53157829,1.000977048,8.816231e-4,0,0,0,0,0,0,0,0,0,0
60271.53203893,1.000685875,8.813096e-4,0,0,0,0,0,0,0,0,0,0
60271.53249958,1.001168282,8.816977e-4,0,0,0,0,0,0,0,0,0,0
60271.53296023,1.001241473,8.817684e-4,0,0,0,0,0,0,0,0,0,0
60271.53342087,1.000306435,8.818385e-4,0,0,0,0,0,0,0,0,0,0
60271.53388152,1.001823033,8.820629e-4,0,0,0,0,0,0,0,0,0,0
60271.53434217,1.000574308,8.816839e-4,0,0,0,0,0,0,0,0,0,0
60271.53480282,1.000586839,8.815806e-4,0,0,0,0,0,0,0,0,0,0
60271.53526346,0.999176004,8.816443e-4,0,0,0,0,0,0,0,0,0,0
60271.53572411,1.000791935,8.815851e-4,0,0,0,0,0,0,0,0,0,0
60271.53618476,1.000682603,8.820645e-4,0,0,0,0,0,0,0,0,0,0
60271.53664540,1.000058009,8.815902e-4,0,0,0,0,0,0,0,0,0,0
60271.53710605,0.998462736,8.817255e-4,0,0,0,0,0,0,0,0,0,0
60271.53756670,1.001597403,8.818535e-4,0,0,0,0,0,0,0,0,0,0
60271.53802735,0.999050067,8.816093e-4,0,0,0,0,0,0,0,0,0,0
60271.53848799,1.000537912,8.817474e-4,0,0,0,0,0,0,0,0,0,0
60271.53894864,0.999421914,8.816875e-4,0,0,0,0,0,0,0,0,0,0
60271.53940929,1.001018351,8.815588e-4,0,0,0,0,0,0,0,0,0,0
60271.53986993,0.999856580,8.818800e-4,0,0,0,0,0,0,0,0,0,0
60271.54033058,1.001653438,8.817886e-4,0,0,0,0,0,0,0,0,0,0
60271.54079123,1.000218519,8.826322e-4,0,0,0,0,0,0,0,0,0,0
60271.54125188,1.000205153,8.813853e-4,0,0,0,0,0,0,0,0,0,0
60271.54171252,0.999013413,8.819447e-4,0,0,0,0,0,0,0,0,0,0
60271.54217317,1.000923324,8.817934e-4,0,0,0,0,0,0,0,0,0,0
60271.54263382,1.000734768,8.818598e-4,0,0,0,0,0,0,0,0,0,0
60271.54309446,0.999928582,8.819312e-4,0,0,0,0,0,0,0,0,0,0
60271.54355511,1.000317143,8.817446e-4,0,0,0,0,0,0,0,0,0,0
60271.54401576,1.000152446,8.817437e-4,0,0,0,0,0,0,0,0,0,0
60271.54447641,1.000704715,8.814466e-4,0,0,0,0,0,0,0,0,0,0
60271.54493705,0.999129451,8.816338e-4,0,0,0,0,0,0,0,0,0,0
60271.54539770,1.000008881,8.815585e-4,0,0,0,0,0,0,0,0,0,0
60271.54585835,1.000302160,8.815663e-4,0,0,0,0,0,0,0,0,0,0
60271.54631899,1.001197391,8.817558e-4,0,0,0,0,0,0,0,0,0,0
60271.54677964,0.999245821,8.815510e-4,0,0,0,0,0,0,0,0,0,0
60271.54724029,0.999830643,8.813933e-4,0,0,0,0,0,0,0,0,0,0
60271.54770094,1.000373956,8.815327e-4,0,0,0,0,0,0,0,0,0,0
60271.54816158,1.001267312,8.817079e-4,0,0,0,0,0,0,0,0,0,0
60271.54862223,1.002030770,8.811902e-4,0,0,0,0,0,0,0,0,0,0
60271.54908288,0.999308455,8.812455e-4,0,0,0,0,0,0,0,0,0,0
60271.54954352,1.000826590,8.822442e-4,0,0,0,0,0,0,0,0,0,0
60271.55000417,1.000084943,8.807592e-4,0,0,0,0,0,0,0,0,0,0
60271.55046482,1.000421115,8.816013e-4,0,0,0,0,0,0,0,0,0,0
60271.55092547,0.998796624,8.818852e-4,0,0,0,0,0,0,0,0,0,0
60271.55138611,0.999860296,8.818264e-4,0,0,0,0,0,0,0,0,0,0
60271.55184676,0.999729013,8.816389e-4,0,0,0,0,0,0,0,0,0,0
60271.55230741,1.001810531,8.812349e-4,0,0,0,0,0,0,0,0,0,0
60271.55276805,1.000895455,8.816981e-4,0,0,0,0,0,0,0,0,0,0
60271.55322870,1.000359232,8.813637e-4,0,0,0,0,0,0,0,0,0,0
60271.55368935,0.998672866,8.852960e-4,0,0,0,0,0,0,0,0,0,0
60271.55415000,0.998993183,8.817139e-4,0,0,0,0,0,0,0,0,0,0
60271.55461064,1.000317440,8.865813e-4,0,0,0,0,0,0,0,0,0,0
60271.55507129,0.999722702,8.816487e-4,0,0,0,0,0,0,0,0,0,0
60271.55553194,1.000602421,8.819148e-4,0,0,0,0,0,0,0,0,0,0
60271.55599258,1.001257512,8.815741e-4,0,0,0,0,0,0,0,0,0,0
60271.55645323,1.001004822,8.814321e-4,0,0,0,0,0,0,0,0,0,0
60271.55691388,1.001124899,8.815723e-4,0,0,0,0,0,0,0,0,0,0
60271.55737453,1.000150427,8.816548e-4,0,0,0,0,0,0,0,0,0,0
60271.55783517,0.999806527,8.813133e-4,0,0,0,0,0,0,0,0,0,0
60271.55829582,1.001008995,8.815643e-4,0,0,0,0,0,0,0,0,0,0
60271.55875647,1.000448804,8.814471e-4,0,0,0,0,0,0,0,0,0,0
60271.55921711,1.000301784,8.814252e-4,0,0,0,0,0,0,0,0,0,0
60271.55967776,1.000768681,8.818072e-4,0,0,0,0,0,0,0,0,0,0
60271.56013841,1.000283825,8.817152e-4,0,0,0,0,0,0,0,0,0,0
60271.56059906,1.000143553,8.825048e-4,0,0,0,0,0,0,0,0,0,0
60271.56105970,1.001216506,8.818791e-4,0,0,0,0,0,0,0,0,0,0
60271.56152035,0.999936685,8.817769e-4,0,0,0,0,0,0,0,0,0,0
60271.56198100,1.000374799,8.815994e-4,0,0,0,0,0,0,0,0,0,0
60271.56244164,1.001322874,8.817925e-4,0,0,0,0,0,0,0,0,0,0
60271.56290229,0.999483940,8.818448e-4,0,0,0,0,0,0,0,0,0,0
60271.56336294,1.000608537,8.814532e-4,0,0,0,0,0,0,0,0,0,0
60271.56382359,0.998755662,8.815649e-4,0,0,0,0,0,0,0,0,0,0
60271.56428423,1.000068793,8.814076e-4,0,0,0,0,0,0,0,0,0,0
60271.56474488,0.999717534,8.818122e-4,0,0,0,0,0,0,0,0,0,0
60271.56520553,1.000592024,8.815550e-4,0,0,0,0,0,0,0,0,0,0
60271.56566617,0.998481432,8.817268e-4,0,0,0,0,0,0,0,0,0,0
60271.56612682,0.999424027,8.809946e-4,0,0,0,0,0,0,0,0,0,0
60271.56658747,1.000603772,8.815774e-4,0,0,0,0,0,0,0,0,0,0
60271.56704812,1.000975943,8.818987e-4,0,0,0,0,0,0,0,0,0,0
60271.56750876,1.000613758,8.816806e-4,0,0,0,0,0,0,0,0,0,0
60271.56796941,0.999711597,8.816892e-4,0,0,0,0,0,0,0,0,0,0
60271.56843006,1.000392023,8.818102e-4,0,0,0,0,0,0,0,0,0,0
60271.56889070,1.001184505,8.812384e-4,0,0,0,0,0,0,0,0,0,0
60271.56935135,0.999739404,8.820049e-4,0,0,0,0,0,0,0,0,0,0
60271.56981200,1.000710992,8.817998e-4,0,0,0,0,0,0,0,0,0,0
60271.57027264,0.999901888,8.814143e-4,0,0,0,0,0,0,0,0,0,0
60271.57073329,1.001431136,8.816345e-4,0,0,0,0,0,0,0,0,0,0
60271.57119394,1.000026906,8.814173e-4,0,0,0,0,0,0,0,0,0,0
60271.57165459,1.000289393,8.817366e-4,0,0,0,0,0,0,0,0,0,0
60271.57211523,1.000777500,8.818818e-4,0,0,0,0,0,0,0,0,0,0
60271.57257588,1.002498837,8.811696e-4,0,0,0,0,0,0,0,0,0,0
60271.57303653,0.999149082,8.815532e-4,0,0,0,0,0,0,0,0,0,0
60271.57349717,1.000611744,8.814411e-4,0,0,0,0,0,0,0,0,0,0
60271.57395782,0.999802444,8.814340e-4,0,0,0,0,0,0,0,0,0,0
60271.57441847,1.000559014,8.815522e-4,0,0,0,0,0,0,0,0,0,0
60271.57487912,1.000046858,8.816694e-4,0,0,0,0,0,0,0,0,0,0
60271.57533976,0.998083297,8.815829e-4,0,0,0,0,0,0,0,0,0,0
60271.57580041,1.000396517,8.814524e-4,0,0,0,0,0,0,0,0,0,0
60271.57626106,0.999358036,8.830174e-4,0,0,0,0,0,0,0,0,0,0
60271.57672170,1.000561180,8.813642e-4,0,0,0,0,0,0,0,0,0,0
60271.57718235,0.998577035,8.814988e-4,0,0,0,0,0,0,0,0,0,0
60271.57764300,1.000183659,8.813243e-4,0,0,0,0,0,0,0,0,0,0
60271.57810365,1.004043289,8.890396e-4,0,0,0,0,0,0,0,0,0,0
60271.57856429,1.000539766,8.815933e-4,0,0,0,0,0,0,0,0,0,0
60271.57902494,1.000446998,8.814774e-4,0,0,0,0,0,0,0,0,0,0
60271.57948559,1.000691139,8.815788e-4,0,0,0,0,0,0,0,0,0,0
60271.57994623,0.999535226,8.822702e-4,0,0,0,0,0,0,0,0,0,0
60271.58040688,1.001524100,8.816776e-4,0,0,0,0,0,0,0,0,0,0
60271.58086753,1.000515174,8.815290e-4,0,0,0,0,0,0,0,0,0,0
60271.58132818,1.001159137,8.815618e-4,0,0,0,0,0,0,0,0,0,0
60271.58178882,0.999483743,8.812197e-4,0,0,0,0,0,0,0,0,0,0
60271.58224947,1.000134050,8.818559e-4,0,0,0,0,0,0,0,0,0,0
60271.58271012,1.001356065,8.810455e-4,0,0,0,0,0,0,0,0,0,0
60271.58317076,0.999923268,8.818681e-4,0,0,0,0,0,0,0,0,0,0
60271.58363141,1.001649522,8.817431e-4,0,0,0,0,0,0,0,0,0,0
60271.58409206,1.001343591,8.815880e-4,0,0,0,0,0,0,0,0,0,0
60271.58455271,1.000841201,8.818738e-4,0,0,0,0,0,0,0,0,0,0
60271.58501335,0.999509183,8.817468e-4,0,0,0,0,0,0,0,0,0,0
60271.58547400,0.999560264,8.815674e-4,0,0,0,0,0,0,0,0,0,0
60271.58593465,1.000297392,8.816652e-4,0,0,0,0,0,0,0,0,0,0
60271.58639529,0.998666497,8.816090e-4,0,0,0,0,0,0,0,0,0,0
60271.58685594,1.000845235,8.819164e-4,0,0,0,0,0,0,0,0,0,0
60271.58731659,0.999401520,8.814975e-4,0,0,0,0,0,0,0,0,0,0
60271.58777724,1.001332218,8.817286e-4,0,0,0,0,0,0,0,0,0,0
60271.58823788,1.000540760,8.815206e-4,0,0,0,0,0,0,0,0,0,0
60271.58869853,1.001817187,8.819500e-4,0,0,0,0,0,0,0,0,0,0
60271.58915918,1.000545388,8.813765e-4,0,0,0,0,0,0,0,0,0,0
60271.58961982,0.999213277,8.817197e-4,0,0,0,0,0,0,0,0,0,0
60271.59008047,0.999482876,8.817758e-4,0,0,0,0,0,0,0,0,0,0
60271.59054112,1.002406196,8.814921e-4,0,0,0,0,0,0,0,0,0,0
60271.59100177,1.000704499,8.815808e-4,0,0,0,0,0,0,0,0,0,0
60271.59146241,0.999308353,8.817278e-4,0,0,0,0,0,0,0,0,0,0
60271.59192306,1.000280695,8.812987e-4,0,0,0,0,0,0,0,0,0,0
60271.59238371,1.001738929,8.815860e-4,0,0,0,0,0,0,0,0,0,0
60271.59284435,1.000520324,8.813884e-4,0,0,0,0,0,0,0,0,0,0
60271.59330500,0.999223139,8.816605e-4,0,0,0,0,0,0,0,0,0,0
60271.59376565,0.999877766,8.816676e-4,0,0,0,0,0,0,0,0,0,0
60271.59422630,1.000801775,8.817778e-4,0,0,0,0,0,0,0,0,0,0
60271.59468694,1.000304291,8.816339e-4,0,0,0,0,0,0,0,0,0,0
60271.59514759,0.999681516,8.818705e-4,0,0,0,0,0,0,0,0,0,0
60271.59560824,1.002402101,8.818999e-4,0,0,0,0,0,0,0,0,0,0
60271.59606888,0.999750505,8.815787e-4,0,0,0,0,0,0,0,0,0,0
60271.59652953,1.000146649,8.820181e-4,0,0,0,0,0,0,0,0,0,0
60271.59699018,1.000833684,8.822466e-4,0,0,0,0,0,0,0,0,0,0
60271.59745083,1.000519080,8.816108e-4,0,0,0,0,0,0,0,0,0,0
60271.59791147,0.999309067,8.817489e-4,0,0,0,0,0,0,0,0,0,0
60271.59837212,1.000606744,8.815738e-4,0,0,0,0,0,0,0,0,0,0
60271.59883277,1.000469187,8.818232e-4,0,0,0,0,0,0,0,0,0,0
60271.59929341,0.999334854,8.816374e-4,0,0,0,0,0,0,0,0,0,0
60271.59975406,1.000353888,8.812364e-4,0,0,0,0,0,0,0,0,0,0
60271.60021471,1.000275393,8.817968e-4,0,0,0,0,0,0,0,0,0,0
60271.60067535,0.999082153,8.818101e-4,0,0,0,0,0,0,0,0,0,0
60271.60113600,1.000752318,8.818632e-4,0,0,0,0,0,0,0,0,0,0
60271.60159665,0.998569971,8.817723e-4,0,0,0,0,0,0,0,0,0,0
60271.60205730,1.000501204,8.817954e-4,0,0,0,0,0,0,0,0,0,0
60271.60251794,1.001036091,8.816799e-4,0,0,0,0,0,0,0,0,0,0
60271.60297859,1.000194069,8.818934e-4,0,0,0,0,0,0,0,0,0,0
60271.60343924,0.998993087,8.815657e-4,0,0,0,0,0,0,0,0,0,0
60271.60389988,0.999405776,8.817368e-4,0,0,0,0,0,0,0,0,0,0
60271.60436053,1.000541026,8.815059e-4,0,0,0,0,0,0,0,0,0,0
60271.60482118,1.000812340,8.816221e-4,0,0,0,0,0,0,0,0,0,0
60271.60528183,1.001270537,8.816443e-4,0,0,0,0,0,0,0,0,0,0
60271.60574247,0.999791862,8.813468e-4,0,0,0,0,0,0,0,0,0,0
60271.60620312,1.000852561,8.814898e-4,0,0,0,0,0,0,0,0,0,0
60271.60666377,1.000713593,8.815486e-4,0,0,0,0,0,0,0,0,0,0
60271.60712441,1.001812690,8.815124e-4,0,0,0,0,0,0,0,0,0,0
60271.60758506,0.999436433,8.818003e-4,0,0,0,0,0,0,0,0,0,0
60271.60804571,1.000443118,8.816354e-4,0,0,0,0,0,0,0,0,0,0
60271.60850636,0.999330888,8.820958e-4,0,0,0,0,0,0,0,0,0,0
60271.60896700,1.001102971,8.817316e-4,0,0,0,0,0,0,0,0,0,0
60271.60942765,1.001308971,8.817543e-4,0,0,0,0,0,0,0,0,0,0
60271.60988830,1.001087391,8.816683e-4,0,0,0,0,0,0,0,0,0,0
60271.61034894,1.000197314,8.811401e-4,0,0,0,0,0,0,0,0,0,0
60271.61080959,0.999370661,8.816321e-4,0,0,0,0,0,0,0,0,0,0
60271.61127024,0.999872111,8.817473e-4,0,0,0,0,0,0,0,0,0,0
60271.61173089,1.000456209,8.816696e-4,0,0,0,0,0,0,0,0,0,0
60271.61219153,0.999897972,8.821656e-4,0,0,0,0,0,0,0,0,0,0
60271.61265218,0.999725041,8.817140e-4,0,0,0,0,0,0,0,0,0,0
60271.61311283,1.000599114,8.817667e-4,0,0,0,0,0,0,0,0,0,0
60271.61357347,1.000049632,8.819848e-4,0,0,0,0,0,0,0,0,0,0
60271.61403412,1.000608464,8.816205e-4,0,0,0,0,0,0,0,0,0,0
60271.61449477,0.999545249,8.816693e-4,0,0,0,0,0,0,0,0,0,0
60271.61495542,1.001001219,8.817331e-4,0,0,0,0,0,0,0,0,0,0
60271.61541606,1.000903143,8.818221e-4,0,0,0,0,0,0,0,0,0,0
60271.61587671,0.999384826,8.814482e-4,0,0,0,0,0,0,0,0,0,0
60271.61633736,1.001412913,8.818854e-4,0,0,0,0,0,0,0,0,0,0
60271.61679800,1.000489618,8.818905e-4,0,0,0,0,0,0,0,0,0,0
60271.61725865,1.000748769,8.816868e-4,0,0,0,0,0,0,0,0,0,0
60271.61771930,0.999769751,8.816989e-4,0,0,0,0,0,0,0,0,0,0
60271.61817995,1.000783363,8.818363e-4,0,0,0,0,0,0,0,0,0,0
60271.61864059,1.000843973,8.814077e-4,0,0,0,0,0,0,0,0,0,0
60271.61910124,1.000126043,8.814783e-4,0,0,0,0,0,0,0,0,0,0
60271.61956189,1.002277020,8.817761e-4,0,0,0,0,0,0,0,0,0,0
60271.62002253,0.999915818,8.819986e-4,0,0,0,0,0,0,0,0,0,0
60271.62048318,0.999471120,8.817635e-4,0,0,0,0,0,0,0,0,0,0
60271.62094383,1.000148461,8.821499e-4,0,0,0,0,0,0,0,0,0,0
60271.62140448,1.000130926,8.812010e-4,0,0,0,0,0,0,0,0,0,0
60271.62186512,0.999885586,8.819949e-4,0,0,0,0,0,0,0,0,0,0
60271.62232577,1.000254999,8.813805e-4,0,0,0,0,0,0,0,0,0,0
60271.62278642,1.000517474,8.819876e-4,0,0,0,0,0,0,0,0,0,0
60271.62324706,1.002236068,8.817743e-4,0,0,0,0,0,0,0,0,0,0
60271.62370771,1.000237475,8.816744e-4,0,0,0,0,0,0,0,0,0,0
60271.62416836,0.999660127,8.816151e-4,0,0,0,0,0,0,0,0,0,0
60271.62462900,0.999297646,8.818081e-4,0,0,0,0,0,0,0,0,0,0
60271.62508965,0.999733983,8.820403e-4,0,0,0,0,0,0,0,0,0,0
60271.62555030,0.999911861,8.820073e-4,0,0,0,0,0,0,0,0,0,0
60271.62601095,0.999364968,8.820176e-4,0,0,0,0,0,0,0,0,0,0
60271.62647159,1.000202979,8.816466e-4,0,0,0,0,0,0,0,0,0,0
60271.62693224,1.001247306,8.817093e-4,0,0,0,0,0,0,0,0,0,0
60271.62739289,1.001007863,8.818492e-4,0,0,0,0,0,0,0,0,0,0
60271.62785353,1.001251409,8.818440e-4,0,0,0,0,0,0,0,0,0,0
60271.62831418,0.998414390,8.820422e-4,0,0,0,0,0,0,0,0,0,0
60271.62877483,1.000701399,8.812353e-4,0,0,0,0,0,0,0,0,0,0
60271.62923548,0.999776478,8.817121e-4,0,0,0,0,0,0,0,0,0,0
60271.62969612,1.000710477,8.813386e-4,0,0,0,0,0,0,0,0,0,0
60271.63015677,1.000133292,8.817645e-4,0,0,0,0,0,0,0,0,0,0
60271.63061742,1.001013195,8.817664e-4,0,0,0,0,0,0,0,0,0,0
60271.63107806,1.002142195,8.816979e-4,0,0,0,0,0,0,0,0,0,0
60271.63153871,1.000645815,8.812545e-4,0,0,0,0,0,0,0,0,0,0
60271.63199936,1.000461028,8.817794e-4,0,0,0,0,0,0,0,0,0,0
60271.63246001,1.001937811,8.815496e-4,0,0,0,0,0,0,0,0,0,0
60271.63292065,1.002360132,8.816667e-4,0,0,0,0,0,0,0,0,0,0
60271.63338130,1.002875625,8.814823e-4,0,0,0,0,0,0,0,0,0,0
60271.63384195,1.000694923,8.815795e-4,0,0,0,0,0,0,0,0,0,0
60271.63430259,1.000565718,8.818222e-4,0,0,0,0,0,0,0,0,0,0
60271.63476324,1.000343285,8.815457e-4,0,0,0,0,0,0,0,0,0,0
60271.63522389,1.001448986,8.818693e-4,0,0,0,0,0,0,0,0,0,0
60271.63568454,1.000517733,8.817873e-4,0,0,0,0,0,0,0,0,0,0
60271.63614518,1.001206458,8.817401e-4,0,0,0,0,0,0,0,0,0,0
60271.63660583,1.000180592,8.816791e-4,0,0,0,0,0,0,0,0,0,0
60271.63706648,1.000499611,8.818515e-4,0,0,0,0,0,0,0,0,0,0
60271.63752712,0.999781231,8.820206e-4,0,0,0,0,0,0,0,0,0,0
60271.63798777,1.000652326,8.820539e-4,0,0,0,0,0,0,0,0,0,0
60271.63844842,1.001445651,8.818316e-4,0,0,0,0,0,0,0,0,0,0
60271.63890907,1.000844315,8.820623e-4,0,0,0,0,0,0,0,0,0,0
60271.63936971,1.000308098,8.822747e-4,0,0,0,0,0,0,0,0,0,0
60271.63983036,0.999942085,8.819941e-4,0,0,0,0,0,0,0,0,0,0
60271.64029101,0.999467852,8.816642e-4,0,0,0,0,0,0,0,0,0,0
60271.64075165,1.001354346,8.822117e-4,0,0,0,0,0,0,0,0,0,0
60271.64121230,1.001341894,8.816736e-4,0,0,0,0,0,0,0,0,0,0
60271.64167295,1.000809973,8.819886e-4,0,0,0,0,0,0,0,0,0,0
60271.64213360,0.999669215,8.815248e-4,0,0,0,0,0,0,0,0,0,0
60271.64259424,1.000392001,8.818002e-4,0,0,0,0,0,0,0,0,0,0
60271.64305489,1.000195283,8.822651e-4,0,0,0,0,0,0,0,0,0,0
60271.64351554,1.000118094,8.824181e-4,0,0,0,0,0,0,0,0,0,0
60271.64397618,0.999794078,8.814884e-4,0,0,0,0,0,0,0,0,0,0
60271.64443683,0.999484904,8.820871e-4,0,0,0,0,0,0,0,0,0,0
60271.64489748,0.995542314,8.848951e-4,0,0,0,0,0,0,0,0,0,0
60271.64535812,1.000480177,8.817632e-4,0,0,0,0,0,0,0,0,0,0
60271.64581877,1.000233784,8.821083e-4,0,0,0,0,0,0,0,0,0,0
60271.64627942,1.000565692,8.816980e-4,0,0,0,0,0,0,0,0,0,0
60271.64674007,1.000497601,8.820680e-4,0,0,0,0,0,0,0,0,0,0
60271.64720071,1.000190064,8.816549e-4,0,0,0,0,0,0,0,0,0,0
60271.64766136,0.999467637,8.816530e-4,0,0,0,0,0,0,0,0,0,0
60271.64812201,0.999782232,8.823159e-4,0,0,0,0,0,0,0,0,0,0
60271.64858265,1.000243966,8.816987e-4,0,0,0,0,0,0,0,0,0,0
60271.64904330,1.000082298,8.820293e-4,0,0,0,0,0,0,0,0,0,0
60271.64950395,1.000973613,8.821905e-4,0,0,0,0,0,0,0,0,0,0
60271.64996460,1.000274698,8.819049e-4,0,0,0,0,0,0,0,0,0,0
60271.65042524,0.999750139,8.817929e-4,0,0,0,0,0,0,0,0,0,0
60271.65088589,1.000067780,8.817898e-4,0,0,0,0,0,0,0,0,0,0
60271.65134654,1.001226533,8.826432e-4,0,0,0,0,0,0,0,0,0,0
60271.65180718,1.000703663,8.816177e-4,0,0,0,0,0,0,0,0,0,0
60271.65226783,1.000346522,8.817066e-4,0,0,0,0,0,0,0,0,0,0
60271.65272848,0.999747036,8.820770e-4,0,0,0,0,0,0,0,0,0,0
60271.65318913,1.000223903,8.819057e-4,0,0,0,0,0,0,0,0,0,0
60271.65364977,0.999102632,8.818578e-4,0,0,0,0,0,0,0,0,0,0
60271.65411042,1.000914062,8.819901e-4,0,0,0,0,0,0,0,0,0,0
60271.65457107,1.000085209,8.814587e-4,0,0,0,0,0,0,0,0,0,0
60271.65503171,0.999893084,8.818832e-4,0,0,0,0,0,0,0,0,0,0
60271.65549236,1.001299450,8.818834e-4,0,0,0,0,0,0,0,0,0,0
60271.65595301,0.999845276,8.819863e-4,0,0,0,0,0,0,0,0,0,0
60271.65641366,1.000709599,8.818999e-4,0,0,0,0,0,0,0,0,0,0
60271.65687430,1.002129175,8.815907e-4,0,0,0,0,0,0,0,0,0,0
60271.65733495,1.002059075,8.819418e-4,0,0,0,0,0,0,0,0,0,0
60271.65779560,1.001107155,8.817163e-4,0,0,0,0,0,0,0,0,0,0
60271.65825624,1.000556574,8.819813e-4,0,0,0,0,0,0,0,0,0,0
60271.65871689,0.999671060,8.817987e-4,0,0,0,0,0,0,0,0,0,0
60271.65917754,1.000230451,8.822403e-4,0,0,0,0,0,0,0,0,0,0
60271.65963819,1.000602099,8.823182e-4,0,0,0,0,0,0,0,0,0,0
60271.66009883,1.001261151,8.820832e-4,0,0,0,0,0,0,0,0,0,0
60271.66055948,1.000624945,8.820245e-4,0,0,0,0,0,0,0,0,0,0
60271.66102013,0.999893587,8.818911e-4,0,0,0,0,0,0,0,0,0,0
60271.66148077,1.001278444,8.820858e-4,0,0,0,0,0,0,0,0,0,0
60271.66194142,1.000594888,8.821598e-4,0,0,0,0,0,0,0,0,0,0
60271.66240207,1.001681944,8.819900e-4,0,0,0,0,0,0,0,0,0,0
60271.66286271,1.001527469,8.822349e-4,0,0,0,0,0,0,0,0,0,0
60271.66332336,1.000276349,8.818346e-4,0,0,0,0,0,0,0,0,0,0
60271.66378401,1.001358477,8.821458e-4,0,0,0,0,0,0,0,0,0,0
60271.66424466,0.999848333,8.819799e-4,0,0,0,0,0,0,0,0,0,0
60271.66470530,0.999284853,8.819355e-4,0,0,0,0,0,0,0,0,0,0
60271.66516595,1.002338355,8.822060e-4,0,0,0,0,0,0,0,0,0,0
60271.66562660,0.999333311,8.820663e-4,0,0,0,0,0,0,0,0,0,0
60271.66608724,1.000227778,8.841330e-4,0,0,0,0,0,0,0,0,0,0
60271.66654789,1.000701435,8.817644e-4,0,0,0,0,0,0,0,0,0,0
60271.66700854,1.000075620,8.819905e-4,0,0,0,0,0,0,0,0,0,0
60271.66746919,0.999823646,8.821835e-4,0,0,0,0,0,0,0,0,0,0
60271.66792983,1.000624049,8.821290e-4,0,0,0,0,0,0,0,0,0,0
60271.66839048,1.001940990,8.816688e-4,0,0,0,0,0,0,0,0,0,0
60271.66885113,1.000612957,8.817881e-4,0,0,0,0,0,0,0,0,0,0
60271.66931177,1.000173787,8.822792e-4,0,0,0,0,0,0,0,0,0,0
60271.66977242,1.000308714,8.818677e-4,0,0,0,0,0,0,0,0,0,0
60271.67023307,0.999701107,8.818094e-4,0,0,0,0,0,0,0,0,0,0
60271.67069372,1.000146088,8.821003e-4,0,0,0,0,0,0,0,0,0,0
60271.67115436,0.999981976,8.820347e-4,0,0,0,0,0,0,0,0,0,0
60271.67161501,1.000756155,8.819380e-4,0,0,0,0,0,0,0,0,0,0
60271.67207566,1.001129114,8.819184e-4,0,0,0,0,0,0,0,0,0,0
60271.67253630,1.000115072,8.826114e-4,0,0,0,0,0,0,0,0,0,0
60271.67299695,1.001833114,8.817415e-4,0,0,0,0,0,0,0,0,0,0
60271.67345760,1.002702634,8.818369e-4,0,0,0,0,0,0,0,0,0,0
60271.67391825,1.000498005,8.821692e-4,0,0,0,0,0,0,0,0,0,0
60271.67437889,0.999111360,8.818777e-4,0,0,0,0,0,0,0,0,0,0
60271.67483954,0.998924194,8.817908e-4,0,0,0,0,0,0,0,0,0,0
60271.67530019,1.001918244,8.816901e-4,0,0,0,0,0,0,0,0,0,0
60271.67576083,0.999716314,8.819903e-4,0,0,0,0,0,0,0,0,0,0
60271.67622148,1.000460351,8.820146e-4,0,0,0,0,0,0,0,0,0,0
60271.67668213,0.999448498,8.815915e-4,0,0,0,0,0,0,0,0,0,0
60271.67714278,1.001057626,8.819451e-4,0,0,0,0,0,0,0,0,0,0
60271.67760342,1.000818458,8.848556e-4,0,0,0,0,0,0,0,0,0,0
60271.67806407,0.999783945,8.818246e-4,0,0,0,0,0,0,0,0,0,0
60271.67852472,0.999427171,8.822501e-4,0,0,0,0,0,0,0,0,0,0
60271.67898536,1.002972803,8.818769e-4,0,0,0,0,0,0,0,0,0,0
60271.67944601,1.000152351,8.814834e-4,0,0,0,0,0,0,0,0,0,0
60271.67990666,1.000424468,8.816509e-4,0,0,0,0,0,0,0,0,0,0
60271.68036730,1.001551809,8.820389e-4,0,0,0,0,0,0,0,0,0,0
60271.68082795,1.001436869,8.821891e-4,0,0,0,0,0,0,0,0,0,0
60271.68128860,1.002211047,8.816891e-4,0,0,0,0,0,0,0,0,0,0
60271.68174925,1.000908567,8.817122e-4,0,0,0,0,0,0,0,0,0,0
60271.68220989,0.999756909,8.817633e-4,0,0,0,0,0,0,0,0,0,0
60271.68267054,1.000260285,8.817502e-4,0,0,0,0,0,0,0,0,0,0
60271.68313119,0.999614241,8.822076e-4,0,0,0,0,0,0,0,0,0,0
60271.68359183,0.999620775,8.820064e-4,0,0,0,0,0,0,0,0,0,0
60271.68405248,1.000579267,8.820605e-4,0,0,0,0,0,0,0,0,0,0
60271.68451313,1.000764286,8.815258e-4,0,0,0,0,0,0,0,0,0,0
60271.68497378,1.000028130,8.820861e-4,0,0,0,0,0,0,0,0,0,0
60271.68543442,0.999095752,8.822831e-4,0,0,0,0,0,0,0,0,0,0
60271.68589507,1.000825435,8.819846e-4,0,0,0,0,0,0,0,0,0,0
60271.68635572,1.001136801,8.821667e-4,0,0,0,0,0,0,0,0,0,0
60271.68681636,0.998979569,8.816289e-4,0,0,0,0,0,0,0,0,0,0
60271.68727701,0.998964128,8.820169e-4,0,0,0,0,0,0,0,0,0,0
60271.68773766,0.999602638,8.820269e-4,0,0,0,0,0,0,0,0,0,0
60271.68819831,0.999639777,8.818736e-4,0,0,0,0,0,0,0,0,0,0
60271.68865895,0.998990442,8.820990e-4,0,0,0,0,0,0,0,0,0,0
60271.68911960,1.000980677,8.820100e-4,0,0,0,0,0,0,0,0,0,0
60271.68958025,1.001170823,8.816633e-4,0,0,0,0,0,0,0,0,0,0
60271.69004089,1.001134817,8.818078e-4,0,0,0,0,0,0,0,0,0,0
60271.69050154,0.999866845,8.819563e-4,0,0,0,0,0,0,0,0,0,0
60271.69096219,1.000072359,8.820072e-4,0,0,0,0,0,0,0,0,0,0
60271.69142284,1.001219845,8.826905e-4,0,0,0,0,0,0,0,0,0,0
60271.69188348,0.999803669,8.848366e-4,0,0,0,0,0,0,0,0,0,0
60271.69234413,0.999563192,8.820523e-4,0,0,0,0,0,0,0,0,0,0
60271.69280478,1.000771429,8.817088e-4,0,0,0,0,0,0,0,0,0,0
60271.69326542,1.000508148,8.821079e-4,0,0,0,0,0,0,0,0,0,0
60271.69372607,1.000719476,8.820082e-4,0,0,0,0,0,0,0,0,0,0
60271.69418672,1.000464904,8.822163e-4,0,0,0,0,0,0,0,0,0,0
60271.69464736,1.001638425,8.817102e-4,0,0,0,0,0,0,0,0,0,0
60271.69510801,0.999362594,8.819049e-4,0,0,0,0,0,0,0,0,0,0
60271.69556866,1.000994380,8.817722e-4,0,0,0,0,0,0,0,0,0,0
60271.69602931,1.001103376,8.820271e-4,0,0,0,0,0,0,0,0,0,0
60271.69648995,1.001646824,8.818011e-4,0,0,0,0,0,0,0,0,0,0
60271.69695060,1.000431151,8.824183e-4,0,0,0,0,0,0,0,0,0,0
60271.69741125,1.000732191,8.820812e-4,0,0,0,0,0,0,0,0,0,0
60271.69787189,1.001302571,8.821684e-4,0,0,0,0,0,0,0,0,0,0
60271.69833254,1.001964000,8.816945e-4,0,0,0,0,0,0,0,0,0,0
60271.69879319,1.000905791,8.820248e-4,0,0,0,0,0,0,0,0,0,0
60271.69925384,1.001321053,8.820010e-4,0,0,0,0,0,0,0,0,0,0
60271.69971448,1.001145568,8.822091e-4,0,0,0,0,0,0,0,0,0,0
60271.70017513,1.000700921,8.819410e-4,0,0,0,0,0,0,0,0,0,0
60271.70063578,1.000635525,8.817239e-4,0,0,0,0,0,0,0,0,0,0
60271.70109642,1.000991634,8.820651e-4,0,0,0,0,0,0,0,0,0,0
60271.70155707,0.999535523,8.821839e-4,0,0,0,0,0,0,0,0,0,0
60271.70201772,1.000699110,8.823315e-4,0,0,0,0,0,0,0,0,0,0
60271.70247837,0.999992535,8.816823e-4,0,0,0,0,0,0,0,0,0,0
60271.70293901,0.999228261,8.819461e-4,0,0,0,0,0,0,0,0,0,0
60271.70339966,1.000391786,8.820699e-4,0,0,0,0,0,0,0,0,0,0
60271.70386031,1.000534004,8.827671e-4,0,0,0,0,0,0,0,0,0,0
60271.70432095,1.001054788,8.839709e-4,0,0,0,0,0,0,0,0,0,0
60271.70478160,1.000252705,8.823668e-4,0,0,0,0,0,0,0,0,0,0
60271.70524225,1.001694526,8.822326e-4,0,0,0,0,0,0,0,0,0,0
60271.70570290,0.998433162,8.839133e-4,0,0,0,0,0,0,0,0,0,0
60271.70616354,1.001014990,8.824397e-4,0,0,0,0,0,0,0,0,0,0
60271.70662419,0.998428253,8.823985e-4,0,0,0,0,0,0,0,0,0,0
60271.70708484,1.000517764,8.819676e-4,0,0,0,0,0,0,0,0,0,0
60271.70754548,1.001622578,8.818342e-4,0,0,0,0,0,0,0,0,0,0
60271.70800613,1.000758046,8.823253e-4,0,0,0,0,0,0,0,0,0,0
60271.70846678,1.000705477,8.826188e-4,0,0,0,0,0,0,0,0,0,0
60271.70892742,1.003814706,8.863493e-4,0,0,0,0,0,0,0,0,0,0
60271.70938807,0.999780931,8.817422e-4,0,0,0,0,0,0,0,0,0,0
60271.70984872,1.001255365,8.821367e-4,0,0,0,0,0,0,0,0,0,0
60271.71030937,1.000679607,8.819388e-4,0,0,0,0,0,0,0,0,0,0
60271.71077001,1.002820554,8.825053e-4,0,0,0,0,0,0,0,0,0,0
60271.71123066,1.002079549,8.818326e-4,0,0,0,0,0,0,0,0,0,0
60271.71169131,1.000078254,8.815576e-4,0,0,0,0,0,0,0,0,0,0
60271.71215195,0.999724608,8.815980e-4,0,0,0,0,0,0,0,0,0,0
60271.71261260,0.999406680,8.821403e-4,0,0,0,0,0,0,0,0,0,0
60271.71307325,0.999981543,8.822322e-4,0,0,0,0,0,0,0,0,0,0
60271.71353390,1.001082361,8.819233e-4,0,0,0,0,0,0,0,0,0,0
60271.71399454,1.000350981,8.822876e-4,0,0,0,0,0,0,0,0,0,0
60271.71445519,1.001704206,8.818137e-4,0,0,0,0,0,0,0,0,0,0
60271.71491584,1.000299521,8.821284e-4,0,0,0,0,0,0,0,0,0,0
60271.71537648,1.000308896,8.822206e-4,0,0,0,0,0,0,0,0,0,0
60271.71583713,1.000964058,8.818498e-4,0,0,0,0,0,0,0,0,0,0
60271.71629778,1.000474963,8.821171e-4,0,0,0,0,0,0,0,0,0,0
60271.71675843,1.000030972,8.821502e-4,0,0,0,0,0,0,0,0,0,0
60271.71721907,0.999995704,8.819064e-4,0,0,0,0,0,0,0,0,0,0
60271.71767972,1.001242782,8.820174e-4,0,0,0,0,0,0,0,0,0,0
60271.71814037,1.000223198,8.819795e-4,0,0,0,0,0,0,0,0,0,0
60271.71860101,1.000818240,8.820701e-4,0,0,0,0,0,0,0,0,0,0
60271.71906166,1.000442563,8.817677e-4,0,0,0,0,0,0,0,0,0,0
60271.71952231,1.000061184,8.820652e-4,0,0,0,0,0,0,0,0,0,0
60271.71998296,0.999964607,8.818628e-4,0,0,0,0,0,0,0,0,0,0
60271.72044360,1.000332079,8.819326e-4,0,0,0,0,0,0,0,0,0,0
60271.72090425,1.000626273,8.819229e-4,0,0,0,0,0,0,0,0,0,0
60271.72136490,1.001372474,8.823039e-4,0,0,0,0,0,0,0,0,0,0
60271.72182554,0.999727838,8.821348e-4,0,0,0,0,0,0,0,0,0,0
60271.72228619,1.001900263,8.821681e-4,0,0,0,0,0,0,0,0,0,0
60271.72274684,1.000799853,8.822420e-4,0,0,0,0,0,0,0,0,0,0
60271.72320748,1.000318437,8.819023e-4,0,0,0,0,0,0,0,0,0,0
60271.72366813,1.002136641,8.822671e-4,0,0,0,0,0,0,0,0,0,0
60271.72412878,1.000360924,8.817629e-4,0,0,0,0,0,0,0,0,0,0
60271.72458943,1.000064076,8.820213e-4,0,0,0,0,0,0,0,0,0,0
60271.72505007,1.000655312,8.821882e-4,0,0,0,0,0,0,0,0,0,0
60271.72551072,1.000222684,8.818439e-4,0,0,0,0,0,0,0,0,0,0
60271.72597137,1.001236097,8.821793e-4,0,0,0,0,0,0,0,0,0,0
60271.72643201,0.999378206,8.817896e-4,0,0,0,0,0,0,0,0,0,0
60271.72689266,0.999676501,8.822489e-4,0,0,0,0,0,0,0,0,0,0
60271.72735331,1.000712723,8.821102e-4,0,0,0,0,0,0,0,0,0,0
60271.72781396,1.000716883,8.822311e-4,0,0,0,0,0,0,0,0,0,0
60271.72827460,1.000451531,8.820427e-4,0,0,0,0,0,0,0,0,0,0
60271.72873525,1.002088912,8.819281e-4,0,0,0,0,0,0,0,0,0,0
60271.72919590,1.001057723,8.820776e-4,0,0,0,0,0,0,0,0,0,0
60271.72965654,0.999961286,8.819206e-4,0,0,0,0,0,0,0,0,0,0
60271.73011719,1.000470799,8.818458e-4,0,0,0,0,0,0,0,0,0,0
60271.73057784,1.001045532,8.818756e-4,0,0,0,0,0,0,0,0,0,0
60271.73103849,0.999360230,8.822328e-4,0,0,0,0,0,0,0,0,0,0
60271.73149913,0.999400421,8.820776e-4,0,0,0,0,0,0,0,0,0,0
60271.73195978,0.998410362,8.820114e-4,0,0,0,0,0,0,0,0,0,0
60271.73242043,1.001412387,8.819530e-4,0,0,0,0,0,0,0,0,0,0
60271.73288107,1.000160790,8.817637e-4,0,0,0,0,0,0,0,0,0,0
60271.73334172,0.999799790,8.819593e-4,0,0,0,0,0,0,0,0,0,0
60271.73380237,1.000221729,8.832569e-4,0,0,0,0,0,0,0,0,0,0
60271.73426302,1.000538299,8.818837e-4,0,0,0,0,0,0,0,0,0,0
60271.73472366,1.001171235,8.822292e-4,0,0,0,0,0,0,0,0,0,0
60271.73518431,1.000127164,8.819002e-4,0,0,0,0,0,0,0,0,0,0
60271.73564496,1.000731711,8.819873e-4,0,0,0,0,0,0,0,0,0,0
60271.73610560,1.001134999,8.820479e-4,0,0,0,0,0,0,0,0,0,0
60271.73656625,1.000860944,8.819698e-4,0,0,0,0,0,0,0,0,0,0
60271.73702690,0.999743121,8.821644e-4,0,0,0,0,0,0,0,0,0,0
60271.73748754,1.001414488,8.818158e-4,0,0,0,0,0,0,0,0,0,0
60271.73794819,1.001299771,8.818970e-4,0,0,0,0,0,0,0,0,0,0
60271.73840884,1.001111066,8.822815e-4,0,0,0,0,0,0,0,0,0,0
60271.73886949,1.000040250,8.817247e-4,0,0,0,0,0,0,0,0,0,0
60271.73933013,1.000028456,8.819222e-4,0,0,0,0,0,0,0,0,0,0
60271.73979078,0.999416536,8.827569e-4,0,0,0,0,0,0,0,0,0,0
60271.74025143,1.000235013,8.824463e-4,0,0,0,0,0,0,0,0,0,0
60271.74071207,0.999922156,8.817932e-4,0,0,0,0,0,0,0,0,0,0
60271.74117272,1.001511572,8.822642e-4,0,0,0,0,0,0,0,0,0,0
60271.74163337,1.001129811,8.819826e-4,0,0,0,0,0,0,0,0,0,0
60271.74209402,1.002166273,8.820327e-4,0,0,0,0,0,0,0,0,0,0
60271.74255466,1.001837064,8.819939e-4,0,0,0,0,0,0,0,0,0,0
60271.74301531,1.001141905,8.821927e-4,0,0,0,0,0,0,0,0,0,0
60271.74347596,1.000614301,8.820105e-4,0,0,0,0,0,0,0,0,0,0
60271.74393660,1.000917791,8.820631e-4,0,0,0,0,0,0,0,0,0,0
60271.74439725,1.000508332,8.820935e-4,0,0,0,0,0,0,0,0,0,0
60271.74485790,0.999715636,8.825659e-4,0,0,0,0,0,0,0,0,0,0
60271.74531855,1.001849076,8.842750e-4,0,0,0,0,0,0,0,0,0,0
60271.74577919,1.000044974,8.818363e-4,0,0,0,0,0,0,0,0,0,0
60271.74623984,1.000334531,8.819939e-4,0,0,0,0,0,0,0,0,0,0
60271.74670049,0.999848498,8.822909e-4,0,0,0,0,0,0,0,0,0,0
60271.74716113,1.001146656,8.817637e-4,0,0,0,0,0,0,0,0,0,0
60271.74762178,1.001447084,8.819646e-4,0,0,0,0,0,0,0,0,0,0
60271.74808243,1.001726699,8.816621e-4,0,0,0,0,0,0,0,0,0,0
60271.74854307,1.000459018,8.820515e-4,0,0,0,0,0,0,0,0,0,0
60271.74900372,0.999646116,8.821620e-4,0,0,0,0,0,0,0,0,0,0
60271.74946437,0.999471260,8.824597e-4,0,0,0,0,0,0,0,0,0,0
60271.74992502,0.999239660,8.820606e-4,0,0,0,0,0,0,0,0,0,0
60271.75038566,1.000920683,8.822444e-4,0,0,0,0,0,0,0,0,0,0
60271.75084631,0.999780192,8.823261e-4,0,0,0,0,0,0,0,0,0,0
60271.75130696,0.999919301,8.823718e-4,0,0,0,0,0,0,0,0,0,0
60271.75176760,1.000694890,8.820922e-4,0,0,0,0,0,0,0,0,0,0
60271.75222825,1.000347527,8.820698e-4,0,0,0,0,0,0,0,0,0,0
60271.75268890,1.001759736,8.822737e-4,0,0,0,0,0,0,0,0,0,0
60271.75314955,1.001281769,8.816919e-4,0,0,0,0,0,0,0,0,0,0
60271.75361019,0.999930656,8.822442e-4,0,0,0,0,0,0,0,0,0,0
60271.75407084,1.001517650,8.824155e-4,0,0,0,0,0,0,0,0,0,0
60271.75453149,1.000465603,8.816904e-4,0,0,0,0,0,0,0,0,0,0
60271.75499213,1.000493471,8.824101e-4,0,0,0,0,0,0,0,0,0,0
60271.75545278,1.000782701,8.821979e-4,0,0,0,0,0,0,0,0,0,0
60271.75591343,1.001228345,8.819432e-4,0,0,0,0,0,0,0,0,0,0
60271.75637408,0.999651835,8.824210e-4,0,0,0,0,0,0,0,0,0,0
60271.75683472,1.001116647,8.825676e-4,0,0,0,0,0,0,0,0,0,0
60271.75729537,0.999613578,8.820993e-4,0,0,0,0,0,0,0,0,0,0
60271.75775602,0.999571540,8.825120e-4,0,0,0,0,0,0,0,0,0,0
60271.75821666,1.000936423,8.822312e-4,0,0,0,0,0,0,0,0,0,0
60271.75867731,1.000393295,8.819577e-4,0,0,0,0,0,0,0,0,0,0
60271.75913796,1.000672284,8.834757e-4,0,0,0,0,0,0,0,0,0,0
60271.75959860,1.000942544,8.835209e-4,0,0,0,0,0,0,0,0,0,0
60271.76005925,1.002076934,8.821298e-4,0,0,0,0,0,0,0,0,0,0
60271.76051990,1.002122898,8.822956e-4,0,0,0,0,0,0,0,0,0,0
60271.76098055,1.000532374,8.820654e-4,0,0,0,0,0,0,0,0,0,0
60271.76144119,1.000727363,8.821722e-4,0,0,0,0,0,0,0,0,0,0
60271.76190184,0.999817192,8.818977e-4,0,0,0,0,0,0,0,0,0,0
60271.76236249,1.000514396,8.821822e-4,0,0,0,0,0,0,0,0,0,0
60271.76282313,1.000049566,8.825377e-4,0,0,0,0,0,0,0,0,0,0
60271.76328378,1.001870690,8.820181e-4,0,0,0,0,0,0,0,0,0,0
60271.76374443,1.000718443,8.822505e-4,0,0,0,0,0,0,0,0,0,0
60271.76420508,1.000921452,8.833855e-4,0,0,0,0,0,0,0,0,0,0
60271.76466572,1.000531791,8.821328e-4,0,0,0,0,0,0,0,0,0,0
60271.76512637,1.000311617,8.822593e-4,0,0,0,0,0,0,0,0,0,0
60271.76558702,1.000703645,8.820060e-4,0,0,0,0,0,0,0,0,0,0
60271.76604766,1.000118523,8.821754e-4,0,0,0,0,0,0,0,0,0,0
60271.76650831,1.000018381,8.821806e-4,0,0,0,0,0,0,0,0,0,0
60271.76696896,1.000485721,8.821285e-4,0,0,0,0,0,0,0,0,0,0
60271.76742961,1.000215305,8.821120e-4,0,0,0,0,0,0,0,0,0,0
60271.76789025,1.000751504,8.819373e-4,0,0,0,0,0,0,0,0,0,0
60271.76835090,1.002305824,8.822235e-4,0,0,0,0,0,0,0,0,0,0
60271.76881155,1.000908424,8.818806e-4,0,0,0,0,0,0,0,0,0,0
60271.76927219,1.000830172,8.820834e-4,0,0,0,0,0,0,0,0,0,0
60271.76973284,1.000730377,8.824092e-4,0,0,0,0,0,0,0,0,0,0
60271.77019349,1.002198221,8.822167e-4,0,0,0,0,0,0,0,0,0,0
60271.77065414,1.001178159,8.823635e-4,0,0,0,0,0,0,0,0,0,0
60271.77111478,1.001246509,8.819042e-4,0,0,0,0,0,0,0,0,0,0
60271.77157543,1.001287604,8.822450e-4,0,0,0,0,0,0,0,0,0,0
60271.77203608,1.000303815,8.820562e-4,0,0,0,0,0,0,0,0,0,0
60271.77249672,1.000127517,8.824237e-4,0,0,0,0,0,0,0,0,0,0
60271.77295737,1.001423685,8.823822e-4,0,0,0,0,0,0,0,0,0,0
60271.77341802,1.000277029,8.819797e-4,0,0,0,0,0,0,0,0,0,0
60271.77387866,1.001002039,8.820143e-4,0,0,0,0,0,0,0,0,0,0
60271.77433931,1.000114444,8.818886e-4,0,0,0,0,0,0,0,0,0,0
60271.77479996,1.001141857,8.823182e-4,0,0,0,0,0,0,0,0,0,0
60271.77526061,1.000767900,8.820752e-4,0,0,0,0,0,0,0,0,0,0
60271.77572125,0.999863806,8.822616e-4,0,0,0,0,0,0,0,0,0,0
60271.77618190,1.000368463,8.824111e-4,0,0,0,0,0,0,0,0,0,0
60271.77664255,1.001222051,8.821196e-4,0,0,0,0,0,0,0,0,0,0
60271.77710319,1.000677116,8.819467e-4,0,0,0,0,0,0,0,0,0,0
60271.77756384,1.001192646,8.821756e-4,0,0,0,0,0,0,0,0,0,0
60271.77802449,1.000006085,8.819737e-4,0,0,0,0,0,0,0,0,0,0
60271.77848514,1.001349650,8.820479e-4,0,0,0,0,0,0,0,0,0,0
60271.77894578,0.999312472,8.824331e-4,0,0,0,0,0,0,0,0,0,0
60271.77940643,0.999094982,8.821562e-4,0,0,0,0,0,0,0,0,0,0
60271.77986708,1.000328531,8.821514e-4,0,0,0,0,0,0,0,0,0,0
60271.78032772,1.000763720,8.819609e-4,0,0,0,0,0,0,0,0,0,0
60271.78078837,1.000152879,8.819883e-4,0,0,0,0,0,0,0,0,0,0
60271.78124902,1.000929822,8.824715e-4,0,0,0,0,0,0,0,0,0,0
60271.78170967,0.999771707,8.823071e-4,0,0,0,0,0,0,0,0,0,0
60271.78217031,0.999308926,8.821159e-4,0,0,0,0,0,0,0,0,0,0
60271.78263096,0.999831369,8.833554e-4,0,0,0,0,0,0,0,0,0,0
60271.78309161,1.000118813,8.821649e-4,0,0,0,0,0,0,0,0,0,0
60271.78355225,1.001572249,8.822884e-4,0,0,0,0,0,0,0,0,0,0
60271.78401290,1.001335426,8.825307e-4,0,0,0,0,0,0,0,0,0,0
60271.78447355,1.001788328,8.819923e-4,0,0,0,0,0,0,0,0,0,0
60271.78493419,1.000696465,8.823523e-4,0,0,0,0,0,0,0,0,0,0
60271.78539484,1.000874410,8.826381e-4,0,0,0,0,0,0,0,0,0,0
60271.78585549,0.999868386,8.821858e-4,0,0,0,0,0,0,0,0,0,0
60271.78631614,0.998990504,8.819224e-4,0,0,0,0,0,0,0,0,0,0
60271.78677678,1.000670065,8.821308e-4,0,0,0,0,0,0,0,0,0,0
60271.78723743,0.999576673,8.820244e-4,0,0,0,0,0,0,0,0,0,0
60271.78769808,1.001887558,8.818938e-4,0,0,0,0,0,0,0,0,0,0
60271.78815872,1.000354062,8.821418e-4,0,0,0,0,0,0,0,0,0,0
60271.78861937,1.001981047,8.822787e-4,0,0,0,0,0,0,0,0,0,0
60271.78908002,1.001110527,8.823503e-4,0,0,0,0,0,0,0,0,0,0
60271.78954067,0.999512977,8.820169e-4,0,0,0,0,0,0,0,0,0,0
60271.79000131,1.001062187,8.820591e-4,0,0,0,0,0,0,0,0,0,0
60271.79046196,1.002458298,8.822657e-4,0,0,0,0,0,0,0,0,0,0
60271.79092261,0.999823352,8.817684e-4,0,0,0,0,0,0,0,0,0,0
60271.79138325,1.002142726,8.816964e-4,0,0,0,0,0,0,0,0,0,0
60271.79184390,1.000173548,8.820358e-4,0,0,0,0,0,0,0,0,0,0
60271.79230455,1.000542455,8.820949e-4,0,0,0,0,0,0,0,0,0,0
60271.79276519,0.998900544,8.823125e-4,0,0,0,0,0,0,0,0,0,0
60271.79322584,1.000688841,8.821496e-4,0,0,0,0,0,0,0,0,0,0
60271.79368649,1.000225566,8.820486e-4,0,0,0,0,0,0,0,0,0,0
60271.79414714,1.002327147,8.823090e-4,0,0,0,0,0,0,0,0,0,0
60271.79460778,1.001759585,8.822969e-4,0,0,0,0,0,0,0,0,0,0
60271.79506843,1.000501646,8.821431e-4,0,0,0,0,0,0,0,0,0,0
60271.79552908,1.002513111,8.821354e-4,0,0,0,0,0,0,0,0,0,0
60271.79598972,1.000420944,8.821470e-4,0,0,0,0,0,0,0,0,0,0
60271.79645037,1.001148076,8.823747e-4,0,0,0,0,0,0,0,0,0,0
60271.79691102,1.001424342,8.819888e-4,0,0,0,0,0,0,0,0,0,0
60271.79737167,1.001026040,8.823293e-4,0,0,0,0,0,0,0,0,0,0
60271.79783231,1.001140643,8.820527e-4,0,0,0,0,0,0,0,0,0,0
60271.79829296,1.003148487,8.824046e-4,0,0,0,0,0,0,0,0,0,0
60271.79875361,1.000643345,8.822214e-4,0,0,0,0,0,0,0,0,0,0
60271.79921425,0.999419510,8.824964e-4,0,0,0,0,0,0,0,0,0,0
60271.79967490,1.001671397,8.822994e-4,0,0,0,0,0,0,0,0,0,0
60271.80013555,1.000905691,8.822190e-4,0,0,0,0,0,0,0,0,0,0
60271.80059620,0.999148185,8.821355e-4,0,0,0,0,0,0,0,0,0,0
60271.80105684,1.000491798,8.826170e-4,0,0,0,0,0,0,0,0,0,0
60271.80151749,1.000028505,8.820477e-4,0,0,0,0,0,0,0,0,0,0
60271.80197814,1.001727356,8.825725e-4,0,0,0,0,0,0,0,0,0,0
60271.80243878,1.000659988,8.822764e-4,0,0,0,0,0,0,0,0,0,0
60271.80289943,1.001167375,8.822941e-4,0,0,0,0,0,0,0,0,0,0
60271.80336008,1.000329384,8.824793e-4,0,0,0,0,0,0,0,0,0,0
60271.80382072,1.000254199,8.826257e-4,0,0,0,0,0,0,0,0,0,0
60271.80428137,1.000944933,8.821855e-4,0,0,0,0,0,0,0,0,0,0
60271.80474202,0.999730462,8.824362e-4,0,0,0,0,0,0,0,0,0,0
60271.80520267,0.998701682,8.823118e-4,0,0,0,0,0,0,0,0,0,0
60271.80566331,1.001485011,8.822937e-4,0,0,0,0,0,0,0,0,0,0
60271.80612396,1.000857090,8.821062e-4,0,0,0,0,0,0,0,0,0,0
60271.80658461,1.000409677,8.819855e-4,0,0,0,0,0,0,0,0,0,0
60271.80704525,1.000774211,8.820233e-4,0,0,0,0,0,0,0,0,0,0
60271.80750590,0.999637838,8.827612e-4,0,0,0,0,0,0,0,0,0,0
60271.80796655,1.000307518,8.821335e-4,0,0,0,0,0,0,0,0,0,0
60271.80842720,1.000469033,8.822620e-4,0,0,0,0,0,0,0,0,0,0
60271.80888784,1.000926572,8.822406e-4,0,0,0,0,0,0,0,0,0,0
60271.80934849,1.000336458,8.823065e-4,0,0,0,0,0,0,0,0,0,0
60271.80980914,1.000458836,8.822550e-4,0,0,0,0,0,0,0,0,0,0
60271.81026978,1.000319538,8.825821e-4,0,0,0,0,0,0,0,0,0,0
60271.81073043,1.000808068,8.821492e-4,0,0,0,0,0,0,0,0,0,0
60271.81119108,1.000645887,8.824395e-4,0,0,0,0,0,0,0,0,0,0
60271.81165173,0.999515415,8.824914e-4,0,0,0,0,0,0,0,0,0,0
60271.81211237,0.999945368,8.825555e-4,0,0,0,0,0,0,0,0,0,0
60271.81257302,1.000846377,8.819613e-4,0,0,0,0,0,0,0,0,0,0
60271.81303367,0.999952561,8.825462e-4,0,0,0,0,0,0,0,0,0,0
60271.81349431,1.000806478,8.827274e-4,0,0,0,0,0,0,0,0,0,0
60271.81395496,1.000336536,8.828001e-4,0,0,0,0,0,0,0,0,0,0
60271.81441561,0.999867587,8.823377e-4,0,0,0,0,0,0,0,0,0,0
60271.81487625,1.001299731,8.820899e-4,0,0,0,0,0,0,0,0,0,0
60271.81533690,0.999006312,8.823282e-4,0,0,0,0,0,0,0,0,0,0
60271.81579755,1.001144876,8.823133e-4,0,0,0,0,0,0,0,0,0,0
60271.81625820,1.001314628,8.822551e-4,0,0,0,0,0,0,0,0,0,0
60271.81671884,1.001308371,8.819497e-4,0,0,0,0,0,0,0,0,0,0
60271.81717949,1.001481855,8.820303e-4,0,0,0,0,0,0,0,0,0,0
60271.81764014,1.002349116,8.823311e-4,0,0,0,0,0,0,0,0,0,0
60271.81810078,1.000126139,8.823558e-4,0,0,0,0,0,0,0,0,0,0
60271.81856143,1.001125277,8.823707e-4,0,0,0,0,0,0,0,0,0,0
60271.81902208,0.999708582,8.826843e-4,0,0,0,0,0,0,0,0,0,0
60271.81948273,1.001985096,8.821583e-4,0,0,0,0,0,0,0,0,0,0
60271.81994337,1.000637565,8.824388e-4,0,0,0,0,0,0,0,0,0,0
60271.82040402,1.000964595,8.823382e-4,0,0,0,0,0,0,0,0,0,0
60271.82086467,1.001263652,8.849304e-4,0,0,0,0,0,0,0,0,0,0
60271.82132531,0.999070240,8.828321e-4,0,0,0,0,0,0,0,0,0,0
60271.82178596,1.001377238,8.823618e-4,0,0,0,0,0,0,0,0,0,0
60271.82224661,1.001384292,8.822909e-4,0,0,0,0,0,0,0,0,0,0
60271.82270725,0.999642592,8.823534e-4,0,0,0,0,0,0,0,0,0,0
60271.82316790,1.000591917,8.820772e-4,0,0,0,0,0,0,0,0,0,0
60271.82362855,1.001326082,8.826559e-4,0,0,0,0,0,0,0,0,0,0
60271.82408920,1.002257581,8.824799e-4,0,0,0,0,0,0,0,0,0,0
60271.82454984,1.000079249,8.822060e-4,0,0,0,0,0,0,0,0,0,0
60271.82501049,1.001416559,8.822988e-4,0,0,0,0,0,0,0,0,0,0
60271.82547114,1.000093462,8.840778e-4,0,0,0,0,0,0,0,0,0,0
60271.82593178,0.999852781,8.823593e-4,0,0,0,0,0,0,0,0,0,0
60271.82639243,1.001065307,8.826554e-4,0,0,0,0,0,0,0,0,0,0
60271.82685308,1.000431878,8.822078e-4,0,0,0,0,0,0,0,0,0,0
60271.82731373,1.000383842,8.824042e-4,0,0,0,0,0,0,0,0,0,0
60271.82777437,1.000689895,8.821807e-4,0,0,0,0,0,0,0,0,0,0
60271.82823502,1.001537702,8.823660e-4,0,0,0,0,0,0,0,0,0,0
60271.82869567,1.002468642,8.822914e-4,0,0,0,0,0,0,0,0,0,0
60271.82915631,0.999677472,8.823705e-4,0,0,0,0,0,0,0,0,0,0
60271.82961696,1.001571130,8.848706e-4,0,0,0,0,0,0,0,0,0,0
60271.83007761,1.001386878,8.823664e-4,0,0,0,0,0,0,0,0,0,0
60271.83053826,1.000286255,8.827526e-4,0,0,0,0,0,0,0,0,0,0
60271.83099890,1.000797908,8.824236e-4,0,0,0,0,0,0,0,0,0,0
60271.83145955,1.000120338,8.825376e-4,0,0,0,0,0,0,0,0,0,0
60271.83192020,1.001296703,8.826509e-4,0,0,0,0,0,0,0,0,0,0
60271.83238084,1.000716368,8.827457e-4,0,0,0,0,0,0,0,0,0,0
60271.83284149,0.999868545,8.826644e-4,0,0,0,0,0,0,0,0,0,0
60271.83330214,1.000610551,8.826034e-4,0,0,0,0,0,0,0,0,0,0
60271.83376278,1.003536292,8.892105e-4,0,0,0,0,0,0,0,0,0,0
60271.83422343,1.000599423,8.824608e-4,0,0,0,0,0,0,0,0,0,0
60271.83468408,0.999536688,8.820167e-4,0,0,0,0,0,0,0,0,0,0
60271.83514473,1.001772259,8.826480e-4,0,0,0,0,0,0,0,0,0,0
60271.83560537,1.000939952,8.828406e-4,0,0,0,0,0,0,0,0,0,0
60271.83606602,1.000640505,8.823267e-4,0,0,0,0,0,0,0,0,0,0
60271.83652667,1.002132133,8.825070e-4,0,0,0,0,0,0,0,0,0,0
60271.83698731,0.999586769,8.826534e-4,0,0,0,0,0,0,0,0,0,0
60271.83744796,1.000596543,8.825046e-4,0,0,0,0,0,0,0,0,0,0
60271.83790861,1.001585654,8.825809e-4,0,0,0,0,0,0,0,0,0,0
60271.83836926,1.001835019,8.826753e-4,0,0,0,0,0,0,0,0,0,0
60271.83882990,1.001506242,8.824692e-4,0,0,0,0,0,0,0,0,0,0
60271.83929055,1.000676407,8.827966e-4,0,0,0,0,0,0,0,0,0,0
60271.83975120,1.000056917,8.825448e-4,0,0,0,0,0,0,0,0,0,0
60271.84021184,1.000174637,8.827205e-4,0,0,0,0,0,0,0,0,0,0
60271.84067249,1.000669590,8.823822e-4,0,0,0,0,0,0,0,0,0,0
60271.84113314,1.000640645,8.820707e-4,0,0,0,0,0,0,0,0,0,0
60271.84159378,1.000395203,8.824844e-4,0,0,0,0,0,0,0,0,0,0
60271.84205443,0.999967654,8.825511e-4,0,0,0,0,0,0,0,0,0,0
60271.84251508,1.000811465,8.828417e-4,0,0,0,0,0,0,0,0,0,0
60271.84297573,1.000011084,8.821930e-4,0,0,0,0,0,0,0,0,0,0
60271.84343637,1.000185892,8.823083e-4,0,0,0,0,0,0,0,0,0,0
60271.84389702,1.001141191,8.826846e-4,0,0,0,0,0,0,0,0,0,0
60271.84435767,1.000125903,8.828819e-4,0,0,0,0,0,0,0,0,0,0
60271.84481831,1.000571402,8.824326e-4,0,0,0,0,0,0,0,0,0,0
60271.84527896,1.000031794,8.825377e-4,0,0,0,0,0,0,0,0,0,0
60271.84573961,1.000805971,8.822940e-4,0,0,0,0,0,0,0,0,0,0
60271.84620026,1.000288134,8.825023e-4,0,0,0,0,0,0,0,0,0,0
60271.84666090,1.001276758,8.823866e-4,0,0,0,0,0,0,0,0,0,0
60271.84712155,1.000983222,8.827896e-4,0,0,0,0,0,0,0,0,0,0
60271.84758220,0.999531451,8.827318e-4,0,0,0,0,0,0,0,0,0,0
60271.84804284,1.002003298,8.823677e-4,0,0,0,0,0,0,0,0,0,0
60271.84850349,1.001815494,8.826819e-4,0,0,0,0,0,0,0,0,0,0
60271.84896414,1.001419912,8.823297e-4,0,0,0,0,0,0,0,0,0,0
60271.84942479,1.000417915,8.822000e-4,0,0,0,0,0,0,0,0,0,0
60271.84988543,1.000987164,8.824489e-4,0,0,0,0,0,0,0,0,0,0
60271.85034608,1.000821726,8.821773e-4,0,0,0,0,0,0,0,0,0,0
60271.85080673,1.000931886,8.825433e-4,0,0,0,0,0,0,0,0,0,0
60271.85126737,1.000767930,8.829190e-4,0,0,0,0,0,0,0,0,0,0
60271.85172802,0.998626096,8.827424e-4,0,0,0,0,0,0,0,0,0,0
60271.85218867,1.001988578,8.826197e-4,0,0,0,0,0,0,0,0,0,0
60271.85264931,1.001120054,8.824650e-4,0,0,0,0,0,0,0,0,0,0
60271.85310996,1.000306695,8.829707e-4,0,0,0,0,0,0,0,0,0,0
60271.85357061,1.001747016,8.827149e-4,0,0,0,0,0,0,0,0,0,0
60271.85403126,1.001112536,8.823819e-4,0,0,0,0,0,0,0,0,0,0
60271.85449190,0.999690130,8.828673e-4,0,0,0,0,0,0,0,0,0,0
60271.85495255,1.001853763,8.827246e-4,0,0,0,0,0,0,0,0,0,0
60271.85541320,1.000596512,8.821775e-4,0,0,0,0,0,0,0,0,0,0
60271.85587384,1.000056660,8.822981e-4,0,0,0,0,0,0,0,0,0,0
60271.85633449,1.001368933,8.833956e-4,0,0,0,0,0,0,0,0,0,0
60271.85679514,1.000957630,8.822185e-4,0,0,0,0,0,0,0,0,0,0
60271.85725579,0.999543042,8.824600e-4,0,0,0,0,0,0,0,0,0,0
60271.85771643,0.998152069,8.840719e-4,0,0,0,0,0,0,0,0,0,0
60271.85817708,1.000535828,8.824483e-4,0,0,0,0,0,0,0,0,0,0
60271.85863773,1.002483495,8.826007e-4,0,0,0,0,0,0,0,0,0,0
60271.85909837,1.000791831,8.823492e-4,0,0,0,0,0,0,0,0,0,0
60271.85955902,1.000838493,8.828797e-4,0,0,0,0,0,0,0,0,0,0
60271.86001967,1.000033804,8.826182e-4,0,0,0,0,0,0,0,0,0,0
60271.86048031,1.001019762,8.825276e-4,0,0,0,0,0,0,0,0,0,0
60271.86094096,1.000545443,8.830923e-4,0,0,0,0,0,0,0,0,0,0
60271.86140161,1.001437488,8.821193e-4,0,0,0,0,0,0,0,0,0,0
60271.86186226,1.002587594,8.825400e-4,0,0,0,0,0,0,0,0,0,0
60271.86232290,1.001211919,8.825119e-4,0,0,0,0,0,0,0,0,0,0
60271.86278355,1.001556906,8.825177e-4,0,0,0,0,0,0,0,0,0,0
60271.86324420,1.000558535,8.825682e-4,0,0,0,0,0,0,0,0,0,0
60271.86370484,1.001581838,8.825873e-4,0,0,0,0,0,0,0,0,0,0
60271.86416549,1.002696559,8.824223e-4,0,0,0,0,0,0,0,0,0,0
60271.86462614,1.001405903,8.827175e-4,0,0,0,0,0,0,0,0,0,0
60271.86508679,1.000062165,8.825065e-4,0,0,0,0,0,0,0,0,0,0
60271.86554743,0.999580495,8.827314e-4,0,0,0,0,0,0,0,0,0,0
60271.86600808,0.999689047,8.827658e-4,0,0,0,0,0,0,0,0,0,0
60271.86646873,1.000199404,8.827112e-4,0,0,0,0,0,0,0,0,0,0
60271.86692937,1.000446798,8.825031e-4,0,0,0,0,0,0,0,0,0,0
60271.86739002,1.001373906,8.824448e-4,0,0,0,0,0,0,0,0,0,0
60271.86785067,1.000601760,8.823565e-4,0,0,0,0,0,0,0,0,0,0
60271.86831131,0.999567896,8.825581e-4,0,0,0,0,0,0,0,0,0,0
60271.86877196,1.000294711,8.824174e-4,0,0,0,0,0,0,0,0,0,0
60271.86923261,1.001097802,8.825469e-4,0,0,0,0,0,0,0,0,0,0
60271.86969326,1.002129914,8.821500e-4,0,0,0,0,0,0,0,0,0,0
60271.87015390,0.999562987,8.824045e-4,0,0,0,0,0,0,0,0,0,0
60271.87061455,1.001435701,8.852022e-4,0,0,0,0,0,0,0,0,0,0
60271.87107520,1.001446780,8.824477e-4,0,0,0,0,0,0,0,0,0,0
60271.87153584,1.000400569,8.821820e-4,0,0,0,0,0,0,0,0,0,0
60271.87199649,1.000184906,8.826467e-4,0,0,0,0,0,0,0,0,0,0
60271.87245714,1.000439302,8.825904e-4,0,0,0,0,0,0,0,0,0,0
60271.87291779,0.998727286,8.822952e-4,0,0,0,0,0,0,0,0,0,0
60271.87337843,1.001018900,8.821603e-4,0,0,0,0,0,0,0,0,0,0
60271.87383908,0.999671301,8.826914e-4,0,0,0,0,0,0,0,0,0,0
60271.87429973,1.002397913,8.822612e-4,0,0,0,0,0,0,0,0,0,0
60271.87476037,1.001443567,8.821900e-4,0,0,0,0,0,0,0,0,0,0
60271.87522102,1.001174927,8.824493e-4,0,0,0,0,0,0,0,0,0,0
60271.87568167,1.000792619,8.828016e-4,0,0,0,0,0,0,0,0,0,0
60271.87614231,1.001826258,8.819459e-4,0,0,0,0,0,0,0,0,0,0
60271.87660296,1.001451828,8.822190e-4,0,0,0,0,0,0,0,0,0,0
60271.87706361,0.998994486,8.826562e-4,0,0,0,0,0,0,0,0,0,0
60271.87752426,1.000885284,8.824911e-4,0,0,0,0,0,0,0,0,0,0
60271.87798490,1.000282135,8.819075e-4,0,0,0,0,0,0,0,0,0,0
60271.87844555,1.000375917,8.833527e-4,0,0,0,0,0,0,0,0,0,0
60271.87890620,0.999964832,8.822838e-4,0,0,0,0,0,0,0,0,0,0
60271.87936684,1.000640805,8.826156e-4,0,0,0,0,0,0,0,0,0,0
60271.87982749,1.001536109,8.824883e-4,0,0,0,0,0,0,0,0,0,0
60271.88028814,1.001216153,8.822157e-4,0,0,0,0,0,0,0,0,0,0
60271.88074879,1.001181670,8.824185e-4,0,0,0,0,0,0,0,0,0,0
60271.88120943,1.000518044,8.823805e-4,0,0,0,0,0,0,0,0,0,0
60271.88167008,1.000896695,8.822613e-4,0,0,0,0,0,0,0,0,0,0
60271.88213073,1.000549273,8.821246e-4,0,0,0,0,0,0,0,0,0,0
60271.88259137,1.001348240,8.824381e-4,0,0,0,0,0,0,0,0,0,0
60271.88305202,0.999525939,8.825707e-4,0,0,0,0,0,0,0,0,0,0
60271.88351267,1.000909466,8.822590e-4,0,0,0,0,0,0,0,0,0,0
60271.88397331,0.999811673,8.823577e-4,0,0,0,0,0,0,0,0,0,0
60271.88443396,1.001901931,8.823670e-4,0,0,0,0,0,0,0,0,0,0
60271.88489461,1.000796504,8.823165e-4,0,0,0,0,0,0,0,0,0,0
60271.88535526,0.998793345,8.852049e-4,0,0,0,0,0,0,0,0,0,0
60271.88581590,1.000435067,8.826732e-4,0,0,0,0,0,0,0,0,0,0
60271.88627655,1.000350275,8.828872e-4,0,0,0,0,0,0,0,0,0,0
60271.88673720,0.999791507,8.829058e-4,0,0,0,0,0,0,0,0,0,0
60271.88719784,1.001784515,8.823560e-4,0,0,0,0,0,0,0,0,0,0
60271.88765849,1.002067446,8.829846e-4,0,0,0,0,0,0,0,0,0,0
60271.88811914,1.001903385,8.827939e-4,0,0,0,0,0,0,0,0,0,0
60271.88857979,1.000769223,8.827675e-4,0,0,0,0,0,0,0,0,0,0
60271.88904043,1.000459087,8.829553e-4,0,0,0,0,0,0,0,0,0,0
60271.88950108,1.002352182,8.828474e-4,0,0,0,0,0,0,0,0,0,0
60271.88996173,1.000405888,8.826819e-4,0,0,0,0,0,0,0,0,0,0
60271.89042237,1.002120247,8.827640e-4,0,0,0,0,0,0,0,0,0,0
60271.89088302,1.001707786,8.825138e-4,0,0,0,0,0,0,0,0,0,0
60271.89134367,1.001715017,8.823878e-4,0,0,0,0,0,0,0,0,0,0
60271.89180432,1.000733746,8.830441e-4,0,0,0,0,0,0,0,0,0,0
60271.89226496,0.999877416,8.828799e-4,0,0,0,0,0,0,0,0,0,0
60271.89272561,1.001705555,8.827652e-4,0,0,0,0,0,0,0,0,0,0
60271.89318626,1.000890971,8.828017e-4,0,0,0,0,0,0,0,0,0,0
60271.89364690,0.999738201,8.828738e-4,0,0,0,0,0,0,0,0,0,0
60271.89410755,0.999775396,8.826293e-4,0,0,0,0,0,0,0,0,0,0
60271.89456820,0.999617320,8.824118e-4,0,0,0,0,0,0,0,0,0,0
60271.89502884,1.001307953,8.833975e-4,0,0,0,0,0,0,0,0,0,0
60271.89548949,0.999584933,8.828558e-4,0,0,0,0,0,0,0,0,0,0
60271.89595014,0.998978035,8.826676e-4,0,0,0,0,0,0,0,0,0,0
60271.89641079,1.000818265,8.830491e-4,0,0,0,0,0,0,0,0,0,0
60271.89687143,1.000792001,8.824837e-4,0,0,0,0,0,0,0,0,0,0
60271.89733208,1.001798687,8.825609e-4,0,0,0,0,0,0,0,0,0,0
60271.89779273,1.001141174,8.826929e-4,0,0,0,0,0,0,0,0,0,0
60271.89825337,0.999853691,8.830992e-4,0,0,0,0,0,0,0,0,0,0
60271.89871402,1.003496855,8.851727e-4,0,0,0,0,0,0,0,0,0,0
60271.89917467,1.000030365,8.827219e-4,0,0,0,0,0,0,0,0,0,0
60271.89963532,1.000115783,8.826832e-4,0,0,0,0,0,0,0,0,0,0
60271.90009596,1.001841685,8.826147e-4,0,0,0,0,0,0,0,0,0,0
60271.90055661,1.000484862,8.823823e-4,0,0,0,0,0,0,0,0,0,0
60271.90101726,1.001401003,8.825241e-4,0,0,0,0,0,0,0,0,0,0
60271.90147790,0.999297663,8.826935e-4,0,0,0,0,0,0,0,0,0,0
60271.90193855,1.000440886,8.825661e-4,0,0,0,0,0,0,0,0,0,0
60271.90239920,1.001628113,8.824590e-4,0,0,0,0,0,0,0,0,0,0
60271.90285984,1.001355004,8.827844e-4,0,0,0,0,0,0,0,0,0,0
60271.90332049,1.001012999,8.825684e-4,0,0,0,0,0,0,0,0,0,0
60271.90378114,1.001056255,8.823131e-4,0,0,0,0,0,0,0,0,0,0
60271.90424179,1.000120158,8.827213e-4,0,0,0,0,0,0,0,0,0,0
60271.90470243,1.001077287,8.827976e-4,0,0,0,0,0,0,0,0,0,0
60271.90516308,1.001231517,8.840086e-4,0,0,0,0,0,0,0,0,0,0
60271.90562373,0.999930973,8.828852e-4,0,0,0,0,0,0,0,0,0,0
60271.90608437,1.002409696,8.824751e-4,0,0,0,0,0,0,0,0,0,0
60271.90654502,1.000907432,8.824326e-4,0,0,0,0,0,0,0,0,0,0
60271.90700567,1.002075030,8.826248e-4,0,0,0,0,0,0,0,0,0,0
60271.90746632,1.000013038,8.827411e-4,0,0,0,0,0,0,0,0,0,0
60271.90792696,1.000185271,8.823933e-4,0,0,0,0,0,0,0,0,0,0
60271.90838761,1.001892230,8.826379e-4,0,0,0,0,0,0,0,0,0,0
60271.90884826,1.001354426,8.824976e-4,0,0,0,0,0,0,0,0,0,0
60271.90930890,1.000462791,8.826757e-4,0,0,0,0,0,0,0,0,0,0
60271.90976955,1.000524572,8.825143e-4,0,0,0,0,0,0,0,0,0,0
60271.91023020,1.001025263,8.827728e-4,0,0,0,0,0,0,0,0,0,0
60271.91069084,1.001934521,8.826786e-4,0,0,0,0,0,0,0,0,0,0
60271.91115149,1.002559433,8.825269e-4,0,0,0,0,0,0,0,0,0,0
60271.91161214,1.000310524,8.829494e-4,0,0,0,0,0,0,0,0,0,0
60271.91207279,1.000136242,8.825263e-4,0,0,0,0,0,0,0,0,0,0
60271.91253343,0.999792590,8.823415e-4,0,0,0,0,0,0,0,0,0,0
60271.91299408,0.999571351,8.822355e-4,0,0,0,0,0,0,0,0,0,0
60271.91345473,1.000455101,8.828841e-4,0,0,0,0,0,0,0,0,0,0
60271.91391537,1.001178015,8.829842e-4,0,0,0,0,0,0,0,0,0,0
60271.91437602,1.001098895,8.827626e-4,0,0,0,0,0,0,0,0,0,0
60271.91483667,1.001866274,8.828239e-4,0,0,0,0,0,0,0,0,0,0
60271.91529731,1.000601533,8.823661e-4,0,0,0,0,0,0,0,0,0,0
60271.91575796,1.001640565,8.825781e-4,0,0,0,0,0,0,0,0,0,0
60271.91621861,1.000551674,8.824964e-4,0,0,0,0,0,0,0,0,0,0
60271.91667926,1.002815575,8.829285e-4,0,0,0,0,0,0,0,0,0,0
60271.91713990,1.000618955,8.829447e-4,0,0,0,0,0,0,0,0,0,0
60271.91760055,0.998594838,8.825946e-4,0,0,0,0,0,0,0,0,0,0
60271.91806120,1.002403689,8.828322e-4,0,0,0,0,0,0,0,0,0,0
60271.91852184,1.001347629,8.827327e-4,0,0,0,0,0,0,0,0,0,0
60271.91898249,1.001265449,8.825789e-4,0,0,0,0,0,0,0,0,0,0
60271.91944314,1.001828154,8.826552e-4,0,0,0,0,0,0,0,0,0,0
60271.91990379,1.001763768,8.825001e-4,0,0,0,0,0,0,0,0,0,0
60271.92036443,1.000826238,8.828010e-4,0,0,0,0,0,0,0,0,0,0
60271.92082508,0.999867349,8.827627e-4,0,0,0,0,0,0,0,0,0,0
60271.92128573,0.999930602,8.828192e-4,0,0,0,0,0,0,0,0,0,0
60271.92174637,0.999110413,8.856432e-4,0,0,0,0,0,0,0,0,0,0
60271.92220702,1.000620191,8.827798e-4,0,0,0,0,0,0,0,0,0,0
60271.92266767,1.002127213,8.823475e-4,0,0,0,0,0,0,0,0,0,0
60271.92312831,0.999498226,8.829285e-4,0,0,0,0,0,0,0,0,0,0
60271.92358896,1.001596198,8.826778e-4,0,0,0,0,0,0,0,0,0,0
60271.92404961,1.000166225,8.829483e-4,0,0,0,0,0,0,0,0,0,0
60271.92451026,1.000765416,8.828329e-4,0,0,0,0,0,0,0,0,0,0
60271.92497090,1.002834764,8.825788e-4,0,0,0,0,0,0,0,0,0,0
60271.92543155,0.999661691,8.826718e-4,0,0,0,0,0,0,0,0,0,0
60271.92589220,0.998706736,8.829801e-4,0,0,0,0,0,0,0,0,0,0
60271.92635284,1.000944906,8.827241e-4,0,0,0,0,0,0,0,0,0,0
60271.92681349,0.999548585,8.822824e-4,0,0,0,0,0,0,0,0,0,0
60271.92727414,1.000448711,8.827347e-4,0,0,0,0,0,0,0,0,0,0
60271.92773479,1.000849442,8.843681e-4,0,0,0,0,0,0,0,0,0,0
60271.92819543,1.000740361,8.829087e-4,0,0,0,0,0,0,0,0,0,0
60271.92865608,0.999442458,8.824415e-4,0,0,0,0,0,0,0,0,0,0
60271.92911673,1.000482082,8.827949e-4,0,0,0,0,0,0,0,0,0,0
60271.92957737,0.999668434,8.829506e-4,0,0,0,0,0,0,0,0,0,0
60271.93003802,1.001397683,8.827726e-4,0,0,0,0,0,0,0,0,0,0
60271.93049867,1.000404281,8.823365e-4,0,0,0,0,0,0,0,0,0,0
60271.93095931,1.001636316,8.826961e-4,0,0,0,0,0,0,0,0,0,0
60271.93141996,1.001074838,8.828435e-4,0,0,0,0,0,0,0,0,0,0
60271.93188061,1.000972563,8.827569e-4,0,0,0,0,0,0,0,0,0,0
60271.93234126,1.001546716,8.828886e-4,0,0,0,0,0,0,0,0,0,0
60271.93280190,1.000859892,8.830520e-4,0,0,0,0,0,0,0,0,0,0
60271.93326255,1.000049086,8.830477e-4,0,0,0,0,0,0,0,0,0,0
60271.93372320,1.002559697,8.842756e-4,0,0,0,0,0,0,0,0,0,0
60271.93418384,1.000579991,8.826812e-4,0,0,0,0,0,0,0,0,0,0
60271.93464449,1.000949854,8.827335e-4,0,0,0,0,0,0,0,0,0,0
60271.93510514,1.000324281,8.824605e-4,0,0,0,0,0,0,0,0,0,0
60271.93556579,1.000773545,8.825920e-4,0,0,0,0,0,0,0,0,0,0
60271.93602643,1.000750098,8.826587e-4,0,0,0,0,0,0,0,0,0,0
60271.93648708,1.001088416,8.825798e-4,0,0,0,0,0,0,0,0,0,0
60271.93694773,1.001054963,8.828017e-4,0,0,0,0,0,0,0,0,0,0
60271.93740837,0.999545376,8.827120e-4,0,0,0,0,0,0,0,0,0,0
60271.93786902,1.000519151,8.825985e-4,0,0,0,0,0,0,0,0,0,0
60271.93832967,0.999396859,8.827659e-4,0,0,0,0,0,0,0,0,0,0
60271.93879031,1.001387352,8.827507e-4,0,0,0,0,0,0,0,0,0,0
60271.93925096,1.000041958,8.828526e-4,0,0,0,0,0,0,0,0,0,0
60271.93971161,1.000208848,8.829932e-4,0,0,0,0,0,0,0,0,0,0
60271.94017226,0.999699792,8.828794e-4,0,0,0,0,0,0,0,0,0,0
60271.94063290,1.000354033,8.828347e-4,0,0,0,0,0,0,0,0,0,0
60271.94109355,1.001256767,8.826530e-4,0,0,0,0,0,0,0,0,0,0
60271.94155420,1.001759411,8.829791e-4,0,0,0,0,0,0,0,0,0,0
60271.94201484,1.001644223,8.827593e-4,0,0,0,0,0,0,0,0,0,0
60271.94247549,1.001593932,8.829294e-4,0,0,0,0,0,0,0,0,0,0
60271.94293614,1.002216989,8.826269e-4,0,0,0,0,0,0,0,0,0,0
60271.94339679,1.000377260,8.827714e-4,0,0,0,0,0,0,0,0,0,0
60271.94385743,1.000341668,8.830224e-4,0,0,0,0,0,0,0,0,0,0
60271.94431808,1.002711386,8.826023e-4,0,0,0,0,0,0,0,0,0,0
60271.94477873,1.000860677,8.829171e-4,0,0,0,0,0,0,0,0,0,0
60271.94523937,1.002557930,8.824060e-4,0,0,0,0,0,0,0,0,0,0
60271.94570002,1.000590133,8.829543e-4,0,0,0,0,0,0,0,0,0,0
60271.94616067,0.999794818,8.830701e-4,0,0,0,0,0,0,0,0,0,0
60271.94662131,1.001199756,8.826294e-4,0,0,0,0,0,0,0,0,0,0
60271.94708196,1.001387607,8.830741e-4,0,0,0,0,0,0,0,0,0,0
60271.94754261,1.000910263,8.829639e-4,0,0,0,0,0,0,0,0,0,0
60271.94800326,1.000623286,8.828055e-4,0,0,0,0,0,0,0,0,0,0
60271.94846390,1.002055305,8.826191e-4,0,0,0,0,0,0,0,0,0,0
60271.94892455,1.002077564,8.826108e-4,0,0,0,0,0,0,0,0,0,0
60271.94938520,1.001328278,8.829617e-4,0,0,0,0,0,0,0,0,0,0
60271.94984584,1.000464054,8.826637e-4,0,0,0,0,0,0,0,0,0,0
60271.95030649,1.000214061,8.828239e-4,0,0,0,0,0,0,0,0,0,0
60271.95076714,0.999801067,8.827939e-4,0,0,0,0,0,0,0,0,0,0
60271.95122779,1.000890896,8.827020e-4,0,0,0,0,0,0,0,0,0,0
60271.95168843,0.998724643,8.827637e-4,0,0,0,0,0,0,0,0,0,0
60271.95214908,1.001364340,8.826229e-4,0,0,0,0,0,0,0,0,0,0
60271.95260973,1.001890541,8.827559e-4,0,0,0,0,0,0,0,0,0,0
60271.95307037,1.000870707,8.830133e-4,0,0,0,0,0,0,0,0,0,0
60271.95353102,1.001967138,8.826993e-4,0,0,0,0,0,0,0,0,0,0
60271.95399167,1.000146061,8.826559e-4,0,0,0,0,0,0,0,0,0,0
60271.95445231,1.001560901,8.826571e-4,0,0,0,0,0,0,0,0,0,0
60271.95491296,1.000724484,8.826161e-4,0,0,0,0,0,0,0,0,0,0
60271.95537361,0.998497903,8.829198e-4,0,0,0,0,0,0,0,0,0,0
60271.95583426,1.000885502,8.829114e-4,0,0,0,0,0,0,0,0,0,0
60271.95629490,1.000919095,8.830888e-4,0,0,0,0,0,0,0,0,0,0
60271.95675555,1.001398625,8.829324e-4,0,0,0,0,0,0,0,0,0,0
60271.95721620,1.002686101,8.826545e-4,0,0,0,0,0,0,0,0,0,0
60271.95767684,1.000841745,8.830333e-4,0,0,0,0,0,0,0,0,0,0
60271.95813749,0.999655759,8.829094e-4,0,0,0,0,0,0,0,0,0,0
60271.95859814,1.000935844,8.828847e-4,0,0,0,0,0,0,0,0,0,0
60271.95905878,1.002634109,8.827894e-4,0,0,0,0,0,0,0,0,0,0
60271.95951943,1.000145222,8.826192e-4,0,0,0,0,0,0,0,0,0,0
60271.95998008,0.999985308,8.828981e-4,0,0,0,0,0,0,0,0,0,0
60271.96044073,1.000112487,8.829281e-4,0,0,0,0,0,0,0,0,0,0
60271.96090137,1.000974651,8.827426e-4,0,0,0,0,0,0,0,0,0,0
60271.96136202,1.000979777,8.828025e-4,0,0,0,0,0,0,0,0,0,0
60271.96182267,1.001112317,8.827950e-4,0,0,0,0,0,0,0,0,0,0
60271.96228331,1.000467370,8.829898e-4,0,0,0,0,0,0,0,0,0,0
60271.96274396,1.000906848,8.830003e-4,0,0,0,0,0,0,0,0,0,0
60271.96320461,1.000114317,8.828324e-4,0,0,0,0,0,0,0,0,0,0
60271.96366526,1.000216745,8.839996e-4,0,0,0,0,0,0,0,0,0,0
60271.96412590,1.000728805,8.827610e-4,0,0,0,0,0,0,0,0,0,0
60271.96458655,1.001916712,8.829617e-4,0,0,0,0,0,0,0,0,0,0
60271.96504720,0.999640345,8.826101e-4,0,0,0,0,0,0,0,0,0,0
60271.96550784,1.000392606,8.831107e-4,0,0,0,0,0,0,0,0,0,0
60271.96596849,1.001203153,8.828401e-4,0,0,0,0,0,0,0,0,0,0
60271.96642914,1.001579186,8.831302e-4,0,0,0,0,0,0,0,0,0,0
60271.96688978,1.000934755,8.829004e-4,0,0,0,0,0,0,0,0,0,0
60271.96735043,1.000740736,8.830143e-4,0,0,0,0,0,0,0,0,0,0
60271.96781108,1.001636071,8.828961e-4,0,0,0,0,0,0,0,0,0,0
60271.96827173,1.001026335,8.828297e-4,0,0,0,0,0,0,0,0,0,0
60271.96873237,1.001066324,8.828978e-4,0,0,0,0,0,0,0,0,0,0
60271.96919302,1.000570013,8.828878e-4,0,0,0,0,0,0,0,0,0,0
60271.96965367,1.000785639,8.827940e-4,0,0,0,0,0,0,0,0,0,0
60271.97011431,1.000230962,8.825694e-4,0,0,0,0,0,0,0,0,0,0
60271.97057496,0.999998052,8.825031e-4,0,0,0,0,0,0,0,0,0,0
60271.97103561,1.001460208,8.828514e-4,0,0,0,0,0,0,0,0,0,0
60271.97149626,1.001280969,8.828215e-4,0,0,0,0,0,0,0,0,0,0
60271.97195690,1.000861371,8.826619e-4,0,0,0,0,0,0,0,0,0,0
60271.97241755,1.000913609,8.827064e-4,0,0,0,0,0,0,0,0,0,0
60271.97287820,1.000120137,8.829369e-4,0,0,0,0,0,0,0,0,0,0
60271.97333884,0.999661568,8.830809e-4,0,0,0,0,0,0,0,0,0,0
60271.97379949,1.001577628,8.827225e-4,0,0,0,0,0,0,0,0,0,0
60271.97426014,1.003699746,8.828155e-4,0,0,0,0,0,0,0,0,0,0
60271.97472078,1.001396766,8.829764e-4,0,0,0,0,0,0,0,0,0,0
60271.97518143,1.001067975,8.824480e-4,0,0,0,0,0,0,0,0,0,0
60271.97564208,1.001082167,8.829728e-4,0,0,0,0,0,0,0,0,0,0
60271.97610273,0.999407573,8.831857e-4,0,0,0,0,0,0,0,0,0,0
60271.97656337,0.999885513,8.827824e-4,0,0,0,0,0,0,0,0,0,0
60271.97702402,1.001609288,8.828864e-4,0,0,0,0,0,0,0,0,0,0
60271.97748467,1.001569897,8.823765e-4,0,0,0,0,0,0,0,0,0,0
60271.97794531,1.000269567,8.828054e-4,0,0,0,0,0,0,0,0,0,0
60271.97840596,1.001346523,8.828870e-4,0,0,0,0,0,0,0,0,0,0
60271.97886661,1.000010744,8.828864e-4,0,0,0,0,0,0,0,0,0,0
60271.97932725,1.001325043,8.826770e-4,0,0,0,0,0,0,0,0,0,0
60271.97978790,1.001215371,8.823195e-4,0,0,0,0,0,0,0,0,0,0
60271.98024855,1.001791481,8.826996e-4,0,0,0,0,0,0,0,0,0,0
60271.98070920,1.001082800,8.827325e-4,0,0,0,0,0,0,0,0,0,0
60271.98116984,1.001228362,8.828604e-4,0,0,0,0,0,0,0,0,0,0
60271.98163049,0.999855313,8.825517e-4,0,0,0,0,0,0,0,0,0,0
60271.98209114,1.001484403,8.824893e-4,0,0,0,0,0,0,0,0,0,0
60271.98255178,1.001329531,8.825973e-4,0,0,0,0,0,0,0,0,0,0
60271.98301243,1.001663885,8.829765e-4,0,0,0,0,0,0,0,0,0,0
60271.98347308,1.000190184,8.828630e-4,0,0,0,0,0,0,0,0,0,0
60271.98393373,0.999831299,8.828456e-4,0,0,0,0,0,0,0,0,0,0
60271.98439437,1.000504717,8.831198e-4,0,0,0,0,0,0,0,0,0,0
60271.98485502,1.000868288,8.827395e-4,0,0,0,0,0,0,0,0,0,0
60271.98531567,1.001142368,8.828845e-4,0,0,0,0,0,0,0,0,0,0
60271.98577631,1.001073570,8.828101e-4,0,0,0,0,0,0,0,0,0,0
60271.98623696,1.001415833,8.830807e-4,0,0,0,0,0,0,0,0,0,0
60271.98669761,0.999937257,8.832023e-4,0,0,0,0,0,0,0,0,0,0
60271.98715825,1.000798250,8.829078e-4,0,0,0,0,0,0,0,0,0,0
60271.98761890,1.002243479,8.829533e-4,0,0,0,0,0,0,0,0,0,0
60271.98807955,1.001373238,8.830695e-4,0,0,0,0,0,0,0,0,0,0
60271.98854020,1.001502399,8.829326e-4,0,0,0,0,0,0,0,0,0,0
60271.98900084,0.999520366,8.828174e-4,0,0,0,0,0,0,0,0,0,0
60271.98946149,0.999683284,8.829832e-4,0,0,0,0,0,0,0,0,0,0
60271.98992214,0.999548024,8.828245e-4,0,0,0,0,0,0,0,0,0,0
60271.99038278,0.999468037,8.828293e-4,0,0,0,0,0,0,0,0,0,0
60271.99084343,1.000684060,8.828183e-4,0,0,0,0,0,0,0,0,0,0
60271.99130408,1.001450277,8.845791e-4,0,0,0,0,0,0,0,0,0,0
60271.99176472,1.000744146,8.831762e-4,0,0,0,0,0,0,0,0,0,0
60271.99222537,1.000120234,8.828610e-4,0,0,0,0,0,0,0,0,0,0
60271.99268602,1.000963930,8.834883e-4,0,0,0,0,0,0,0,0,0,0
60271.99314667,1.000908931,8.847198e-4,0,0,0,0,0,0,0,0,0,0
60271.99360731,0.999804514,8.829338e-4,0,0,0,0,0,0,0,0,0,0
60271.99406796,1.001279032,8.830698e-4,0,0,0,0,0,0,0,0,0,0
60271.99452861,1.001303564,8.830049e-4,0,0,0,0,0,0,0,0,0,0
60271.99498925,0.999547368,8.826936e-4,0,0,0,0,0,0,0,0,0,0
60271.99544990,1.001041545,8.827525e-4,0,0,0,0,0,0,0,0,0,0
60271.99591055,1.000351036,8.830071e-4,0,0,0,0,0,0,0,0,0,0
60271.99637120,1.001708936,8.831827e-4,0,0,0,0,0,0,0,0,0,0
60271.99683184,1.000940721,8.827846e-4,0,0,0,0,0,0,0,0,0,0
60271.99729249,1.000865466,8.829895e-4,0,0,0,0,0,0,0,0,0,0
60271.99775314,0.999972094,8.827629e-4,0,0,0,0,0,0,0,0,0,0
60271.99821378,1.002364498,8.830528e-4,0,0,0,0,0,0,0,0,0,0
60271.99867443,1.000961027,8.823840e-4,0,0,0,0,0,0,0,0,0,0
60271.99913508,1.000902861,8.829135e-4,0,0,0,0,0,0,0,0,0,0
60271.99959572,0.999498269,8.828056e-4,0,0,0,0,0,0,0,0,0,0
60272.00005637,0.999988031,8.827901e-4,0,0,0,0,0,0,0,0,0,0
60272.00051702,0.999980418,8.824391e-4,0,0,0,0,0,0,0,0,0,0
60272.00097767,1.000857438,8.827273e-4,0,0,0,0,0,0,0,0,0,0
60272.00143831,1.000240174,8.825676e-4,0,0,0,0,0,0,0,0,0,0
60272.00189896,0.999885190,8.829750e-4,0,0,0,0,0,0,0,0,0,0
60272.00235961,1.001107033,8.826976e-4,0,0,0,0,0,0,0,0,0,0
60272.00282025,0.999265018,8.825387e-4,0,0,0,0,0,0,0,0,0,0
60272.00328090,1.000801562,8.829473e-4,0,0,0,0,0,0,0,0,0,0
60272.00374155,1.001104064,8.824118e-4,0,0,0,0,0,0,0,0,0,0
60272.00420220,0.999819031,8.829246e-4,0,0,0,0,0,0,0,0,0,0
60272.00466284,0.999345616,8.825485e-4,0,0,0,0,0,0,0,0,0,0
60272.00512349,0.999481480,8.829521e-4,0,0,0,0,0,0,0,0,0,0
60272.00558414,1.001567167,8.821297e-4,0,0,0,0,0,0,0,0,0,0
60272.00604478,1.000150403,8.832134e-4,0,0,0,0,0,0,0,0,0,0
60272.00650543,0.999301949,8.824969e-4,0,0,0,0,0,0,0,0,0,0
60272.00696608,1.000696157,8.824461e-4,0,0,0,0,0,0,0,0,0,0
60272.00742672,0.998738767,8.829650e-4,0,0,0,0,0,0,0,0,0,0
60272.00788737,1.001235262,8.826374e-4,0,0,0,0,0,0,0,0,0,0
60272.00834802,0.999464555,8.827111e-4,0,0,0,0,0,0,0,0,0,0
60272.00880867,1.000123836,8.829082e-4,0,0,0,0,0,0,0,0,0,0
60272.00926931,0.999410311,8.826948e-4,0,0,0,0,0,0,0,0,0,0
60272.00972996,1.000169703,8.824775e-4,0,0,0,0,0,0,0,0,0,0
60272.01019061,0.999209165,8.829684e-4,0,0,0,0,0,0,0,0,0,0
60272.01065125,0.999899200,8.822054e-4,0,0,0,0,0,0,0,0,0,0
60272.01111190,1.000986460,8.826337e-4,0,0,0,0,0,0,0,0,0,0
60272.01157255,0.999380833,8.824704e-4,0,0,0,0,0,0,0,0,0,0
60272.01203319,1.001452505,8.825941e-4,0,0,0,0,0,0,0,0,0,0
60272.01249384,0.999085060,8.827011e-4,0,0,0,0,0,0,0,0,0,0
60272.01295449,0.999546528,8.824487e-4,0,0,0,0,0,0,0,0,0,0
60272.01341514,0.998474877,8.827582e-4,0,0,0,0,0,0,0,0,0,0
60272.01387578,0.999521521,8.825079e-4,0,0,0,0,0,0,0,0,0,0
60272.01433643,0.998834532,8.848418e-4,0,0,0,0,0,0,0,0,0,0
60272.01479708,1.000516357,8.828132e-4,0,0,0,0,0,0,0,0,0,0
60272.01525772,1.000286518,8.832506e-4,0,0,0,0,0,0,0,0,0,0
60272.01571837,1.000876512,8.828003e-4,0,0,0,0,0,0,0,0,0,0
60272.01617902,0.999300384,8.826073e-4,0,0,0,0,0,0,0,0,0,0
60272.01663967,0.999395115,8.827530e-4,0,0,0,0,0,0,0,0,0,0
60272.01710031,0.999734788,8.826799e-4,0,0,0,0,0,0,0,0,0,0
60272.01756096,0.999553463,8.829482e-4,0,0,0,0,0,0,0,0,0,0
60272.01802161,1.000816718,8.828863e-4,0,0,0,0,0,0,0,0,0,0
60272.01848225,1.000123188,8.831628e-4,0,0,0,0,0,0,0,0,0,0
60272.01894290,1.001129256,8.827359e-4,0,0,0,0,0,0,0,0,0,0
60272.01940355,1.001151688,8.826134e-4,0,0,0,0,0,0,0,0,0,0
60272.01986419,0.998726756,8.828843e-4,0,0,0,0,0,0,0,0,0,0
60272.02032484,1.000767944,8.824366e-4,0,0,0,0,0,0,0,0,0,0
60272.02078549,1.001214758,8.830442e-4,0,0,0,0,0,0,0,0,0,0
60272.02124614,0.998745257,8.835132e-4,0,0,0,0,0,0,0,0,0,0
60272.02170678,1.000571811,8.828299e-4,0,0,0,0,0,0,0,0,0,0
60272.02216743,1.000691487,8.830562e-4,0,0,0,0,0,0,0,0,0,0
60272.02262808,1.000728806,8.829945e-4,0,0,0,0,0,0,0,0,0,0
60272.02308872,1.000415510,8.829341e-4,0,0,0,0,0,0,0,0,0,0
60272.02354937,1.001010577,8.830389e-4,0,0,0,0,0,0,0,0,0,0
60272.02401002,1.000571125,8.829653e-4,0,0,0,0,0,0,0,0,0,0
60272.02447066,0.999772318,8.829633e-4,0,0,0,0,0,0,0,0,0,0
60272.02493131,0.999422576,8.832876e-4,0,0,0,0,0,0,0,0,0,0
60272.02539196,1.002030039,8.826130e-4,0,0,0,0,0,0,0,0,0,0
60272.02585261,1.000586905,8.831515e-4,0,0,0,0,0,0,0,0,0,0
60272.02631325,1.001252025,8.832156e-4,0,0,0,0,0,0,0,0,0,0
60272.02677390,1.000658837,8.828495e-4,0,0,0,0,0,0,0,0,0,0
60272.02723455,1.001426890,8.826480e-4,0,0,0,0,0,0,0,0,0,0
60272.02769519,1.000628683,8.832151e-4,0,0,0,0,0,0,0,0,0,0
60272.02815584,1.000963537,8.829951e-4,0,0,0,0,0,0,0,0,0,0
60272.02861649,1.000885100,8.826393e-4,0,0,0,0,0,0,0,0,0,0
60272.02907714,1.001230547,8.862605e-4,0,0,0,0,0,0,0,0,0,0
60272.02953778,1.000989953,8.829697e-4,0,0,0,0,0,0,0,0,0,0
60272.02999843,1.000080544,8.828184e-4,0,0,0,0,0,0,0,0,0,0
60272.03045908,1.000309972,8.828511e-4,0,0,0,0,0,0,0,0,0,0
60272.03091972,1.000594099,8.828425e-4,0,0,0,0,0,0,0,0,0,0
60272.03138037,1.002167257,8.827808e-4,0,0,0,0,0,0,0,0,0,0
60272.03184102,1.000206861,8.828365e-4,0,0,0,0,0,0,0,0,0,0
60272.03230166,1.001215723,8.829564e-4,0,0,0,0,0,0,0,0,0,0
60272.03276231,1.001854103,8.828270e-4,0,0,0,0,0,0,0,0,0,0
60272.03322296,1.000346163,8.831075e-4,0,0,0,0,0,0,0,0,0,0
60272.03368361,1.000874285,8.829081e-4,0,0,0,0,0,0,0,0,0,0
60272.03414425,1.003044364,8.832259e-4,0,0,0,0,0,0,0,0,0,0
60272.03460490,1.002355483,8.827536e-4,0,0,0,0,0,0,0,0,0,0
60272.03506555,1.000069526,8.831240e-4,0,0,0,0,0,0,0,0,0,0
60272.03552619,1.000877291,8.827409e-4,0,0,0,0,0,0,0,0,0,0
60272.03598684,0.999569875,8.844584e-4,0,0,0,0,0,0,0,0,0,0
60272.03644749,1.001265624,8.830917e-4,0,0,0,0,0,0,0,0,0,0
60272.03690813,1.000888495,8.826082e-4,0,0,0,0,0,0,0,0,0,0
60272.03736878,1.000925831,8.830913e-4,0,0,0,0,0,0,0,0,0,0
60272.03782943,1.000298003,8.830518e-4,0,0,0,0,0,0,0,0,0,0
60272.03829008,1.000101560,8.826382e-4,0,0,0,0,0,0,0,0,0,0
60272.03875072,1.000725744,8.826066e-4,0,0,0,0,0,0,0,0,0,0
60272.03921137,1.000665953,8.830230e-4,0,0,0,0,0,0,0,0,0,0
60272.03967202,1.002592715,8.829942e-4,0,0,0,0,0,0,0,0,0,0
60272.04013266,1.002058708,8.826675e-4,0,0,0,0,0,0,0,0,0,0
60272.04059331,1.001343274,8.829251e-4,0,0,0,0,0,0,0,0,0,0
60272.04105396,1.001321716,8.828341e-4,0,0,0,0,0,0,0,0,0,0
60272.04151460,0.999135190,8.829030e-4,0,0,0,0,0,0,0,0,0,0
60272.04197525,1.001436390,8.830912e-4,0,0,0,0,0,0,0,0,0,0
60272.04243590,1.000117198,8.838149e-4,0,0,0,0,0,0,0,0,0,0
60272.04289655,1.000800637,8.832892e-4,0,0,0,0,0,0,0,0,0,0
60272.04335719,1.001305455,8.828932e-4,0,0,0,0,0,0,0,0,0,0
60272.04381784,1.000419241,8.833731e-4,0,0,0,0,0,0,0,0,0,0
60272.04427849,0.998523538,8.830095e-4,0,0,0,0,0,0,0,0,0,0
60272.04473913,1.000444399,8.830894e-4,0,0,0,0,0,0,0,0,0,0
60272.04519978,1.000784537,8.830860e-4,0,0,0,0,0,0,0,0,0,0
60272.04566043,1.000963999,8.826604e-4,0,0,0,0,0,0,0,0,0,0
60272.04612108,1.003043675,8.832421e-4,0,0,0,0,0,0,0,0,0,0
60272.04658172,1.000699314,8.829634e-4,0,0,0,0,0,0,0,0,0,0
60272.04704237,1.001485779,8.832291e-4,0,0,0,0,0,0,0,0,0,0
60272.04750302,1.001041734,8.829216e-4,0,0,0,0,0,0,0,0,0,0
60272.04796366,1.000957266,8.832749e-4,0,0,0,0,0,0,0,0,0,0
60272.04842431,1.001817115,8.827137e-4,0,0,0,0,0,0,0,0,0,0
60272.04888496,0.997722625,8.830841e-4,0,0,0,0,0,0,0,0,0,0
60272.04934560,0.999146648,8.828212e-4,0,0,0,0,0,0,0,0,0,0
60272.04980625,1.000355797,8.831015e-4,0,0,0,0,0,0,0,0,0,0
60272.05026690,1.001028171,8.831323e-4,0,0,0,0,0,0,0,0,0,0
60272.05072755,1.000204601,8.830603e-4,0,0,0,0,0,0,0,0,0,0
60272.05118819,1.001049272,8.831860e-4,0,0,0,0,0,0,0,0,0,0
60272.05164884,1.000599335,8.831051e-4,0,0,0,0,0,0,0,0,0,0
60272.05210949,1.000827369,8.829824e-4,0,0,0,0,0,0,0,0,0,0
60272.05257013,1.000968078,8.828329e-4,0,0,0,0,0,0,0,0,0,0
60272.05303078,1.000748458,8.829148e-4,0,0,0,0,0,0,0,0,0,0
60272.05349143,1.000852688,8.832633e-4,0,0,0,0,0,0,0,0,0,0
60272.05395207,1.001663654,8.833440e-4,0,0,0,0,0,0,0,0,0,0
60272.05441272,1.001371117,8.829605e-4,0,0,0,0,0,0,0,0,0,0
60272.05487337,1.000230592,8.830372e-4,0,0,0,0,0,0,0,0,0,0
60272.05533402,1.000350472,8.831768e-4,0,0,0,0,0,0,0,0,0,0
60272.05579466,1.000132604,8.833047e-4,0,0,0,0,0,0,0,0,0,0
60272.05625531,1.001884533,8.832758e-4,0,0,0,0,0,0,0,0,0,0
60272.05671596,1.001514010,8.827978e-4,0,0,0,0,0,0,0,0,0,0
60272.05717660,1.000924084,8.838179e-4,0,0,0,0,0,0,0,0,0,0
60272.05763725,1.002086746,8.832585e-4,0,0,0,0,0,0,0,0,0,0
60272.05809790,0.999716011,8.831816e-4,0,0,0,0,0,0,0,0,0,0
60272.05855855,1.000772434,8.832024e-4,0,0,0,0,0,0,0,0,0,0
60272.05901919,1.001657956,8.829033e-4,0,0,0,0,0,0,0,0,0,0
60272.05947984,1.000104949,8.831328e-4,0,0,0,0,0,0,0,0,0,0
60272.05994049,1.000509949,8.831274e-4,0,0,0,0,0,0,0,0,0,0
60272.06040113,1.000279469,8.828308e-4,0,0,0,0,0,0,0,0,0,0
60272.06086178,1.000443074,8.833011e-4,0,0,0,0,0,0,0,0,0,0
60272.06132243,1.000298912,8.829066e-4,0,0,0,0,0,0,0,0,0,0
60272.06178307,1.000861902,8.826949e-4,0,0,0,0,0,0,0,0,0,0
60272.06224372,1.000885809,8.830958e-4,0,0,0,0,0,0,0,0,0,0
60272.06270437,1.001124079,8.830672e-4,0,0,0,0,0,0,0,0,0,0
60272.06316502,1.001789364,8.827344e-4,0,0,0,0,0,0,0,0,0,0
60272.06362566,0.999979069,8.829085e-4,0,0,0,0,0,0,0,0,0,0
60272.06408631,1.001113503,8.825473e-4,0,0,0,0,0,0,0,0,0,0
60272.06454696,1.000562702,8.832883e-4,0,0,0,0,0,0,0,0,0,0
60272.06500760,0.999849072,8.832371e-4,0,0,0,0,0,0,0,0,0,0
60272.06546825,1.002401172,8.832604e-4,0,0,0,0,0,0,0,0,0,0
60272.06592890,1.002760278,8.832036e-4,0,0,0,0,0,0,0,0,0,0
60272.06638954,0.999549615,8.830554e-4,0,0,0,0,0,0,0,0,0,0
60272.06685019,1.000880282,8.833656e-4,0,0,0,0,0,0,0,0,0,0
60272.06731084,1.001513321,8.832952e-4,0,0,0,0,0,0,0,0,0,0
60272.06777149,1.001169938,8.829877e-4,0,0,0,0,0,0,0,0,0,0
60272.06823213,1.001274865,8.831025e-4,0,0,0,0,0,0,0,0,0,0
60272.06869278,1.000184842,8.831012e-4,0,0,0,0,0,0,0,0,0,0
60272.06915343,1.000867398,8.832205e-4,0,0,0,0,0,0,0,0,0,0
60272.06961407,1.001428524,8.833353e-4,0,0,0,0,0,0,0,0,0,0
60272.07007472,1.001035331,8.827856e-4,0,0,0,0,0,0,0,0,0,0
60272.07053537,1.001649502,8.829895e-4,0,0,0,0,0,0,0,0,0,0
60272.07099601,1.001563929,8.831168e-4,0,0,0,0,0,0,0,0,0,0
60272.07145666,1.000731603,8.832863e-4,0,0,0,0,0,0,0,0,0,0
60272.07191731,1.002210690,8.832792e-4,0,0,0,0,0,0,0,0,0,0
60272.07237796,1.000920583,8.829332e-4,0,0,0,0,0,0,0,0,0,0
60272.07283860,1.001727436,8.829632e-4,0,0,0,0,0,0,0,0,0,0
60272.07329925,0.999893479,8.833470e-4,0,0,0,0,0,0,0,0,0,0
60272.07375990,1.000355680,8.832681e-4,0,0,0,0,0,0,0,0,0,0
60272.07422054,1.002136925,8.828952e-4,0,0,0,0,0,0,0,0,0,0
60272.07468119,1.000907844,8.830916e-4,0,0,0,0,0,0,0,0,0,0
60272.07514184,1.001205399,8.833163e-4,0,0,0,0,0,0,0,0,0,0
60272.07560248,0.999182293,8.834068e-4,0,0,0,0,0,0,0,0,0,0
60272.07606313,1.001866150,8.830481e-4,0,0,0,0,0,0,0,0,0,0
60272.07652378,0.997794713,8.832289e-4,0,0,0,0,0,0,0,0,0,0
60272.07698443,1.000878911,8.828878e-4,0,0,0,0,0,0,0,0,0,0
60272.07744507,1.000825319,8.831229e-4,0,0,0,0,0,0,0,0,0,0
60272.07790572,0.999084559,8.829045e-4,0,0,0,0,0,0,0,0,0,0
60272.07836637,1.002398081,8.828530e-4,0,0,0,0,0,0,0,0,0,0
60272.07882701,1.001719295,8.826480e-4,0,0,0,0,0,0,0,0,0,0
60272.07928766,0.999290232,8.831361e-4,0,0,0,0,0,0,0,0,0,0
60272.07974831,1.001385562,8.835493e-4,0,0,0,0,0,0,0,0,0,0
60272.08020896,1.001043323,8.829763e-4,0,0,0,0,0,0,0,0,0,0
60272.08066960,1.001651031,8.832470e-4,0,0,0,0,0,0,0,0,0,0
60272.08113025,1.000152992,8.831128e-4,0,0,0,0,0,0,0,0,0,0
60272.08159090,1.001059820,8.830764e-4,0,0,0,0,0,0,0,0,0,0
60272.08205154,1.001906868,8.829481e-4,0,0,0,0,0,0,0,0,0,0
60272.08251219,0.999906955,8.832436e-4,0,0,0,0,0,0,0,0,0,0
60272.08297284,1.001389546,8.830201e-4,0,0,0,0,0,0,0,0,0,0
60272.08343348,1.002091835,8.836940e-4,0,0,0,0,0,0,0,0,0,0
60272.08389413,1.000780904,8.830521e-4,0,0,0,0,0,0,0,0,0,0
60272.08435478,1.000118815,8.830235e-4,0,0,0,0,0,0,0,0,0,0
60272.08481543,1.000297532,8.831043e-4,0,0,0,0,0,0,0,0,0,0
60272.08527607,1.001650601,8.832788e-4,0,0,0,0,0,0,0,0,0,0
60272.08573672,1.000591518,8.829395e-4,0,0,0,0,0,0,0,0,0,0
60272.08619737,1.000244838,8.830888e-4,0,0,0,0,0,0,0,0,0,0
60272.08665801,1.000949741,8.831090e-4,0,0,0,0,0,0,0,0,0,0
60272.08711866,1.000512569,8.831433e-4,0,0,0,0,0,0,0,0,0,0
60272.08757931,1.000731064,8.830452e-4,0,0,0,0,0,0,0,0,0,0
60272.08803995,0.999522461,8.831372e-4,0,0,0,0,0,0,0,0,0,0
60272.08850060,1.000449598,8.831078e-4,0,0,0,0,0,0,0,0,0,0
60272.08896125,1.001400713,8.832254e-4,0,0,0,0,0,0,0,0,0,0
60272.08942190,0.999678999,8.829103e-4,0,0,0,0,0,0,0,0,0,0
60272.08988254,0.999645922,8.832359e-4,0,0,0,0,0,0,0,0,0,0
60272.09034319,1.001082645,8.836124e-4,0,0,0,0,0,0,0,0,0,0
60272.09080384,1.000647876,8.830089e-4,0,0,0,0,0,0,0,0,0,0
60272.09126448,1.001128226,8.831176e-4,0,0,0,0,0,0,0,0,0,0
60272.09172513,1.002024674,8.833061e-4,0,0,0,0,0,0,0,0,0,0
60272.09218578,1.001727326,8.830438e-4,0,0,0,0,0,0,0,0,0,0
60272.09264642,1.001321346,8.830926e-4,0,0,0,0,0,0,0,0,0,0
60272.09310707,0.999329032,8.830672e-4,0,0,0,0,0,0,0,0,0,0
60272.09356772,1.000708711,8.831899e-4,0,0,0,0,0,0,0,0,0,0
60272.09402837,1.000484053,8.832679e-4,0,0,0,0,0,0,0,0,0,0
60272.09448901,1.000467366,8.833404e-4,0,0,0,0,0,0,0,0,0,0
60272.09494966,1.001037172,8.831563e-4,0,0,0,0,0,0,0,0,0,0
60272.09541031,1.001392797,8.838105e-4,0,0,0,0,0,0,0,0,0,0
60272.09587095,1.001281375,8.832302e-4,0,0,0,0,0,0,0,0,0,0
60272.09633160,1.000328514,8.828278e-4,0,0,0,0,0,0,0,0,0,0
60272.09679225,1.002342407,8.832613e-4,0,0,0,0,0,0,0,0,0,0
60272.09725290,1.001554602,8.831255e-4,0,0,0,0,0,0,0,0,0,0
60272.09771354,1.002549655,8.830637e-4,0,0,0,0,0,0,0,0,0,0
60272.09817419,0.999356779,8.831048e-4,0,0,0,0,0,0,0,0,0,0
60272.09863484,1.000241973,8.829745e-4,0,0,0,0,0,0,0,0,0,0
60272.09909548,1.001289382,8.830274e-4,0,0,0,0,0,0,0,0,0,0
60272.09955613,1.000134499,8.832546e-4,0,0,0,0,0,0,0,0,0,0
60272.10001678,1.001105184,8.841114e-4,0,0,0,0,0,0,0,0,0,0
60272.10047742,0.999593755,8.833559e-4,0,0,0,0,0,0,0,0,0,0
60272.10093807,1.000820761,8.831797e-4,0,0,0,0,0,0,0,0,0,0
60272.10139872,1.000497777,8.830417e-4,0,0,0,0,0,0,0,0,0,0
60272.10185937,1.002689263,8.835534e-4,0,0,0,0,0,0,0,0,0,0
60272.10232001,1.001444203,8.830958e-4,0,0,0,0,0,0,0,0,0,0
60272.10278066,1.001706627,8.833283e-4,0,0,0,0,0,0,0,0,0,0
60272.10324131,1.000265381,8.832446e-4,0,0,0,0,0,0,0,0,0,0
60272.10370195,1.000488856,8.831198e-4,0,0,0,0,0,0,0,0,0,0
60272.10416260,1.000008531,8.831406e-4,0,0,0,0,0,0,0,0,0,0
60272.10462325,1.000750131,8.833274e-4,0,0,0,0,0,0,0,0,0,0
60272.10508389,1.002022479,8.837630e-4,0,0,0,0,0,0,0,0,0,0
60272.10554454,1.000130166,8.831905e-4,0,0,0,0,0,0,0,0,0,0
60272.10600519,1.000158316,8.830991e-4,0,0,0,0,0,0,0,0,0,0
60272.10646584,1.000454543,8.833005e-4,0,0,0,0,0,0,0,0,0,0
60272.10692648,1.000357618,8.829987e-4,0,0,0,0,0,0,0,0,0,0
60272.10738713,1.001480194,8.831969e-4,0,0,0,0,0,0,0,0,0,0
60272.10784778,0.999746536,8.832731e-4,0,0,0,0,0,0,0,0,0,0
60272.10830842,1.000340379,8.832050e-4,0,0,0,0,0,0,0,0,0,0
60272.10876907,1.001073500,8.833900e-4,0,0,0,0,0,0,0,0,0,0
60272.10922972,1.001134133,8.831030e-4,0,0,0,0,0,0,0,0,0,0
60272.10969036,1.001915450,8.834702e-4,0,0,0,0,0,0,0,0,0,0
60272.11015101,1.003028302,8.831790e-4,0,0,0,0,0,0,0,0,0,0
60272.11061166,1.002186220,8.832687e-4,0,0,0,0,0,0,0,0,0,0
60272.11107231,1.000101436,8.828043e-4,0,0,0,0,0,0,0,0,0,0
60272.11153295,0.998961434,8.829922e-4,0,0,0,0,0,0,0,0,0,0
60272.11199360,1.000711143,8.830515e-4,0,0,0,0,0,0,0,0,0,0
60272.11245425,1.001027182,8.831094e-4,0,0,0,0,0,0,0,0,0,0
60272.11291489,1.000886691,8.832875e-4,0,0,0,0,0,0,0,0,0,0
60272.11337554,1.001105687,8.832533e-4,0,0,0,0,0,0,0,0,0,0
60272.11383619,1.001485290,8.832810e-4,0,0,0,0,0,0,0,0,0,0
60272.11429683,1.000843953,8.829959e-4,0,0,0,0,0,0,0,0,0,0
60272.11475748,1.002471496,8.827879e-4,0,0,0,0,0,0,0,0,0,0
60272.11521813,1.000064252,8.834481e-4,0,0,0,0,0,0,0,0,0,0
60272.11567878,1.000869320,8.830499e-4,0,0,0,0,0,0,0,0,0,0
60272.11613942,0.999550696,8.829999e-4,0,0,0,0,0,0,0,0,0,0
60272.11660007,1.001281474,8.830846e-4,0,0,0,0,0,0,0,0,0,0
60272.11706072,0.999885134,8.835374e-4,0,0,0,0,0,0,0,0,0,0
60272.11752136,1.001043110,8.828288e-4,0,0,0,0,0,0,0,0,0,0
60272.11798201,1.000931665,8.826229e-4,0,0,0,0,0,0,0,0,0,0
60272.11844266,0.999203209,8.832432e-4,0,0,0,0,0,0,0,0,0,0
60272.11890330,1.000862027,8.830296e-4,0,0,0,0,0,0,0,0,0,0
60272.11936395,0.999297071,8.831483e-4,0,0,0,0,0,0,0,0,0,0
60272.11982460,1.001402018,8.833036e-4,0,0,0,0,0,0,0,0,0,0
60272.12028525,1.002157485,8.833441e-4,0,0,0,0,0,0,0,0,0,0
60272.12074589,1.001340661,8.832134e-4,0,0,0,0,0,0,0,0,0,0
60272.12120654,1.001006107,8.832331e-4,0,0,0,0,0,0,0,0,0,0
60272.12166719,1.000491465,8.834938e-4,0,0,0,0,0,0,0,0,0,0
60272.12212783,0.999943160,8.832765e-4,0,0,0,0,0,0,0,0,0,0
60272.12258848,1.001439433,8.833328e-4,0,0,0,0,0,0,0,0,0,0
60272.12304913,1.001634364,8.833730e-4,0,0,0,0,0,0,0,0,0,0
60272.12350978,1.000684843,8.829184e-4,0,0,0,0,0,0,0,0,0,0
60272.12397042,0.996562043,8.849671e-4,0,0,0,0,0,0,0,0,0,0
60272.12443107,1.001417588,8.835272e-4,0,0,0,0,0,0,0,0,0,0
60272.12489172,1.000460678,8.829485e-4,0,0,0,0,0,0,0,0,0,0
60272.12535236,1.000114037,8.834046e-4,0,0,0,0,0,0,0,0,0,0
60272.12581301,1.000304892,8.831936e-4,0,0,0,0,0,0,0,0,0,0
60272.12627366,1.001276858,8.833552e-4,0,0,0,0,0,0,0,0,0,0
60272.12673430,1.002320129,8.829429e-4,0,0,0,0,0,0,0,0,0,0
60272.12719495,1.000035530,8.835807e-4,0,0,0,0,0,0,0,0,0,0
60272.12765560,1.001913506,8.833994e-4,0,0,0,0,0,0,0,0,0,0
60272.12811625,1.000958565,8.832298e-4,0,0,0,0,0,0,0,0,0,0
60272.12857689,0.999613133,8.832854e-4,0,0,0,0,0,0,0,0,0,0
60272.12903754,1.001347177,8.830069e-4,0,0,0,0,0,0,0,0,0,0
60272.12949819,0.999928634,8.833196e-4,0,0,0,0,0,0,0,0,0,0
60272.12995883,0.999838480,8.835858e-4,0,0,0,0,0,0,0,0,0,0
60272.13041948,1.000711574,8.832030e-4,0,0,0,0,0,0,0,0,0,0
60272.13088013,0.999836536,8.831041e-4,0,0,0,0,0,0,0,0,0,0
60272.13134077,1.001589497,8.830640e-4,0,0,0,0,0,0,0,0,0,0
60272.13180142,1.001254870,8.832733e-4,0,0,0,0,0,0,0,0,0,0
60272.13226207,1.001817717,8.834782e-4,0,0,0,0,0,0,0,0,0,0
60272.13272272,1.002269590,8.828759e-4,0,0,0,0,0,0,0,0,0,0
60272.13318336,1.000862360,8.834042e-4,0,0,0,0,0,0,0,0,0,0
60272.13364401,1.000933491,8.832295e-4,0,0,0,0,0,0,0,0,0,0
60272.13410466,1.000713946,8.832438e-4,0,0,0,0,0,0,0,0,0,0
60272.13456530,1.000758513,8.831323e-4,0,0,0,0,0,0,0,0,0,0
60272.13502595,1.000462763,8.833111e-4,0,0,0,0,0,0,0,0,0,0
60272.13548660,1.000992992,8.832562e-4,0,0,0,0,0,0,0,0,0,0
60272.13594724,1.001816927,8.833897e-4,0,0,0,0,0,0,0,0,0,0
60272.13640789,1.001230690,8.835832e-4,0,0,0,0,0,0,0,0,0,0
60272.13686854,1.001018857,8.831540e-4,0,0,0,0,0,0,0,0,0,0
60272.13732919,0.999863861,8.834162e-4,0,0,0,0,0,0,0,0,0,0
60272.13778983,1.001041814,8.835465e-4,0,0,0,0,0,0,0,0,0,0
60272.13825048,1.001053755,8.835528e-4,0,0,0,0,0,0,0,0,0,0
60272.13871113,1.000958755,8.834009e-4,0,0,0,0,0,0,0,0,0,0
60272.13917177,1.000744920,8.833165e-4,0,0,0,0,0,0,0,0,0,0
60272.13963242,1.001672006,8.830128e-4,0,0,0,0,0,0,0,0,0,0
60272.14009307,0.999746901,8.833993e-4,0,0,0,0,0,0,0,0,0,0
60272.14055371,1.000564720,8.831791e-4,0,0,0,0,0,0,0,0,0,0
60272.14101436,1.002648652,8.830698e-4,0,0,0,0,0,0,0,0,0,0
60272.14147501,1.000636735,8.834911e-4,0,0,0,0,0,0,0,0,0,0
60272.14193566,1.001135249,8.834236e-4,0,0,0,0,0,0,0,0,0,0
60272.14239630,1.000737706,8.834434e-4,0,0,0,0,0,0,0,0,0,0
60272.14285695,0.999928602,8.834576e-4,0,0,0,0,0,0,0,0,0,0
60272.14331760,1.002141799,8.833492e-4,0,0,0,0,0,0,0,0,0,0
60272.14377824,1.000623510,8.834909e-4,0,0,0,0,0,0,0,0,0,0
60272.14423889,1.001059830,8.830358e-4,0,0,0,0,0,0,0,0,0,0
60272.14469954,0.999048613,8.835071e-4,0,0,0,0,0,0,0,0,0,0
60272.14516018,1.000484112,8.832126e-4,0,0,0,0,0,0,0,0,0,0
60272.14562083,1.001664476,8.834626e-4,0,0,0,0,0,0,0,0,0,0
60272.14608148,1.001551009,8.836397e-4,0,0,0,0,0,0,0,0,0,0
60272.14654213,1.000829245,8.834857e-4,0,0,0,0,0,0,0,0,0,0
60272.14700277,1.000228181,8.835342e-4,0,0,0,0,0,0,0,0,0,0
60272.14746342,1.000615468,8.835386e-4,0,0,0,0,0,0,0,0,0,0
60272.14792407,0.999841507,8.836141e-4,0,0,0,0,0,0,0,0,0,0
60272.14838471,1.001478868,8.836000e-4,0,0,0,0,0,0,0,0,0,0
60272.14884536,1.001700489,8.835380e-4,0,0,0,0,0,0,0,0,0,0
60272.14930601,1.000745949,8.831943e-4,0,0,0,0,0,0,0,0,0,0
60272.14976665,0.999169527,8.831501e-4,0,0,0,0,0,0,0,0,0,0
60272.15022730,1.001824803,8.830363e-4,0,0,0,0,0,0,0,0,0,0
60272.15068795,1.000749433,8.851492e-4,0,0,0,0,0,0,0,0,0,0
60272.15114860,1.002541780,8.831002e-4,0,0,0,0,0,0,0,0,0,0
60272.15160924,0.998752892,8.836492e-4,0,0,0,0,0,0,0,0,0,0
60272.15206989,1.001187783,8.834861e-4,0,0,0,0,0,0,0,0,0,0
60272.15253054,0.999926580,8.835000e-4,0,0,0,0,0,0,0,0,0,0
60272.15299118,1.000715888,8.832740e-4,0,0,0,0,0,0,0,0,0,0
60272.15345183,1.001067274,8.833370e-4,0,0,0,0,0,0,0,0,0,0
60272.15391248,0.998671461,8.844104e-4,0,0,0,0,0,0,0,0,0,0
60272.15437312,1.000584753,8.831952e-4,0,0,0,0,0,0,0,0,0,0
60272.15483377,1.000758235,8.830512e-4,0,0,0,0,0,0,0,0,0,0
60272.15529442,1.001203619,8.832912e-4,0,0,0,0,0,0,0,0,0,0
60272.15575507,1.001478454,8.828209e-4,0,0,0,0,0,0,0,0,0,0
60272.15621571,0.999596409,8.829791e-4,0,0,0,0,0,0,0,0,0,0
60272.15667636,1.001162850,8.849495e-4,0,0,0,0,0,0,0,0,0,0
60272.15713701,1.001077439,8.838254e-4,0,0,0,0,0,0,0,0,0,0
60272.15759765,0.999319957,8.834707e-4,0,0,0,0,0,0,0,0,0,0
60272.15805830,1.002751896,8.837794e-4,0,0,0,0,0,0,0,0,0,0
60272.15851895,1.001974889,8.838061e-4,0,0,0,0,0,0,0,0,0,0
60272.15897960,1.000402952,8.841855e-4,0,0,0,0,0,0,0,0,0,0
60272.15944024,0.999637955,8.833852e-4,0,0,0,0,0,0,0,0,0,0
60272.15990089,1.000694142,8.834014e-4,0,0,0,0,0,0,0,0,0,0
60272.16036154,0.999939830,8.838486e-4,0,0,0,0,0,0,0,0,0,0
60272.16082218,1.000570139,8.835978e-4,0,0,0,0,0,0,0,0,0,0
60272.16128283,1.000413675,8.835687e-4,0,0,0,0,0,0,0,0,0,0
60272.16174348,1.001209952,8.835400e-4,0,0,0,0,0,0,0,0,0,0
60272.16220412,1.002402231,8.838002e-4,0,0,0,0,0,0,0,0,0,0
60272.16266477,1.000831239,8.836233e-4,0,0,0,0,0,0,0,0,0,0
60272.16312542,1.000952536,8.835704e-4,0,0,0,0,0,0,0,0,0,0
60272.16358607,1.001128127,8.833771e-4,0,0,0,0,0,0,0,0,0,0
60272.16404671,1.002270963,8.835048e-4,0,0,0,0,0,0,0,0,0,0
60272.16450736,1.001568573,8.832930e-4,0,0,0,0,0,0,0,0,0,0
60272.16496801,1.000831865,8.835103e-4,0,0,0,0,0,0,0,0,0,0
60272.16542865,1.000436851,8.830953e-4,0,0,0,0,0,0,0,0,0,0
60272.16588930,1.000934214,8.832799e-4,0,0,0,0,0,0,0,0,0,0
60272.16634995,1.001108846,8.833717e-4,0,0,0,0,0,0,0,0,0,0
60272.16681059,0.997583398,8.874557e-4,0,0,0,0,0,0,0,0,0,0
60272.16727124,1.000842405,8.834487e-4,0,0,0,0,0,0,0,0,0,0
60272.16773189,1.001263822,8.854340e-4,0,0,0,0,0,0,0,0,0,0
60272.16819254,0.999952484,8.835327e-4,0,0,0,0,0,0,0,0,0,0
60272.16865318,0.999635179,8.836222e-4,0,0,0,0,0,0,0,0,0,0
60272.16911383,1.001538046,8.829929e-4,0,0,0,0,0,0,0,0,0,0
60272.16957448,1.000994609,8.834716e-4,0,0,0,0,0,0,0,0,0,0
60272.17003512,1.001335745,8.836031e-4,0,0,0,0,0,0,0,0,0,0
60272.17049577,1.000169426,8.833395e-4,0,0,0,0,0,0,0,0,0,0
60272.17095642,1.001489997,8.835661e-4,0,0,0,0,0,0,0,0,0,0
60272.17141706,1.000868442,8.832110e-4,0,0,0,0,0,0,0,0,0,0
60272.17187771,1.000110817,8.833904e-4,0,0,0,0,0,0,0,0,0,0
60272.17233836,0.999613534,8.830559e-4,0,0,0,0,0,0,0,0,0,0
60272.17279901,1.000129629,8.836021e-4,0,0,0,0,0,0,0,0,0,0
60272.17325965,1.001283802,8.834950e-4,0,0,0,0,0,0,0,0,0,0
60272.17372030,0.999586805,8.834986e-4,0,0,0,0,0,0,0,0,0,0
60272.17418095,1.001007036,8.833745e-4,0,0,0,0,0,0,0,0,0,0
60272.17464159,1.000102352,8.833471e-4,0,0,0,0,0,0,0,0,0,0
60272.17510224,1.001396553,8.834197e-4,0,0,0,0,0,0,0,0,0,0
60272.17556289,1.000863440,8.832177e-4,0,0,0,0,0,0,0,0,0,0
60272.17602353,1.001019944,8.832020e-4,0,0,0,0,0,0,0,0,0,0
60272.17648418,1.002169278,8.833931e-4,0,0,0,0,0,0,0,0,0,0
60272.17694483,1.001548022,8.830802e-4,0,0,0,0,0,0,0,0,0,0
60272.17740548,1.002544697,8.831738e-4,0,0,0,0,0,0,0,0,0,0
60272.17786612,1.001656276,8.833177e-4,0,0,0,0,0,0,0,0,0,0
60272.17832677,0.999502565,8.831575e-4,0,0,0,0,0,0,0,0,0,0
60272.17878742,1.000399792,8.830360e-4,0,0,0,0,0,0,0,0,0,0
60272.17924806,1.001193534,8.838175e-4,0,0,0,0,0,0,0,0,0,0
60272.17970871,1.002519172,8.835605e-4,0,0,0,0,0,0,0,0,0,0
60272.18016936,1.000787304,8.833756e-4,0,0,0,0,0,0,0,0,0,0
60272.18063000,1.001277994,8.833936e-4,0,0,0,0,0,0,0,0,0,0
60272.18109065,1.000356093,8.832061e-4,0,0,0,0,0,0,0,0,0,0
60272.18155130,1.000963163,8.833321e-4,0,0,0,0,0,0,0,0,0,0
60272.18201195,1.000335901,8.836116e-4,0,0,0,0,0,0,0,0,0,0
60272.18247259,1.000448672,8.831218e-4,0,0,0,0,0,0,0,0,0,0
60272.18293324,0.999831279,8.834111e-4,0,0,0,0,0,0,0,0,0,0
60272.18339389,1.000159296,8.832797e-4,0,0,0,0,0,0,0,0,0,0
60272.18385453,1.000266334,8.836523e-4,0,0,0,0,0,0,0,0,0,0
60272.18431518,0.999477132,8.834975e-4,0,0,0,0,0,0,0,0,0,0
60272.18477583,1.000938512,8.853331e-4,0,0,0,0,0,0,0,0,0,0
60272.18523647,1.000565519,8.837993e-4,0,0,0,0,0,0,0,0,0,0
60272.18569712,1.000598338,8.834900e-4,0,0,0,0,0,0,0,0,0,0
60272.18615777,1.000886989,8.830537e-4,0,0,0,0,0,0,0,0,0,0
60272.18661842,0.999820633,8.834146e-4,0,0,0,0,0,0,0,0,0,0
60272.18707906,1.000502676,8.832605e-4,0,0,0,0,0,0,0,0,0,0
60272.18753971,1.000806814,8.839780e-4,0,0,0,0,0,0,0,0,0,0
60272.18800036,0.999955202,8.834273e-4,0,0,0,0,0,0,0,0,0,0
60272.18846100,1.001517637,8.835909e-4,0,0,0,0,0,0,0,0,0,0
60272.18892165,1.000265486,8.831132e-4,0,0,0,0,0,0,0,0,0,0
60272.18938230,1.001962356,8.838868e-4,0,0,0,0,0,0,0,0,0,0
60272.18984294,1.001856047,8.832631e-4,0,0,0,0,0,0,0,0,0,0
60272.19030359,1.002093877,8.834904e-4,0,0,0,0,0,0,0,0,0,0
60272.19076424,1.001059133,8.833099e-4,0,0,0,0,0,0,0,0,0,0
60272.19122489,1.001902906,8.829167e-4,0,0,0,0,0,0,0,0,0,0
60272.19168553,1.000776754,8.835721e-4,0,0,0,0,0,0,0,0,0,0
60272.19214618,0.999283744,8.833118e-4,0,0,0,0,0,0,0,0,0,0
60272.19260683,1.001458511,8.837651e-4,0,0,0,0,0,0,0,0,0,0
60272.19306747,0.999617971,8.832802e-4,0,0,0,0,0,0,0,0,0,0
60272.19352812,0.999789149,8.835380e-4,0,0,0,0,0,0,0,0,0,0
60272.19398877,1.000832420,8.832333e-4,0,0,0,0,0,0,0,0,0,0
60272.19444941,1.001071157,8.836261e-4,0,0,0,0,0,0,0,0,0,0
60272.19491006,1.003161545,8.834780e-4,0,0,0,0,0,0,0,0,0,0
60272.19537071,1.001401057,8.835275e-4,0,0,0,0,0,0,0,0,0,0
60272.19583136,1.000015545,8.835029e-4,0,0,0,0,0,0,0,0,0,0
60272.19629200,1.000911506,8.834546e-4,0,0,0,0,0,0,0,0,0,0
60272.19675265,1.000650385,8.836476e-4,0,0,0,0,0,0,0,0,0,0
60272.19721330,0.999198281,8.835323e-4,0,0,0,0,0,0,0,0,0,0
60272.19767394,1.000902855,8.836849e-4,0,0,0,0,0,0,0,0,0,0
60272.19813459,1.000595025,8.834314e-4,0,0,0,0,0,0,0,0,0,0
60272.19859524,1.000564889,8.835310e-4,0,0,0,0,0,0,0,0,0,0
60272.19905588,1.000246645,8.834916e-4,0,0,0,0,0,0,0,0,0,0
60272.19951653,1.002555145,8.836925e-4,0,0,0,0,0,0,0,0,0,0
60272.19997718,1.000110317,8.833414e-4,0,0,0,0,0,0,0,0,0,0
60272.20043783,1.002000878,8.833366e-4,0,0,0,0,0,0,0,0,0,0
60272.20089847,1.001038344,8.834354e-4,0,0,0,0,0,0,0,0,0,0
60272.20135912,1.000983020,8.831220e-4,0,0,0,0,0,0,0,0,0,0
60272.20181977,0.999988410,8.832526e-4,0,0,0,0,0,0,0,0,0,0
60272.20228041,1.000941987,8.833305e-4,0,0,0,0,0,0,0,0,0,0
60272.20274106,1.000860284,8.844051e-4,0,0,0,0,0,0,0,0,0,0
60272.20320171,1.000436617,8.831343e-4,0,0,0,0,0,0,0,0,0,0
60272.20366235,1.001331942,8.829445e-4,0,0,0,0,0,0,0,0,0,0
60272.20412300,1.000385440,8.833387e-4,0,0,0,0,0,0,0,0,0,0
60272.20458365,1.000560308,8.837747e-4,0,0,0,0,0,0,0,0,0,0
60272.20504430,0.999528973,8.833937e-4,0,0,0,0,0,0,0,0,0,0
60272.20550494,0.998999872,8.832735e-4,0,0,0,0,0,0,0,0,0,0
60272.20596559,1.000078362,8.831912e-4,0,0,0,0,0,0,0,0,0,0
60272.20642624,1.001410205,8.836016e-4,0,0,0,0,0,0,0,0,0,0
60272.20688688,1.000164038,8.831217e-4,0,0,0,0,0,0,0,0,0,0
60272.20734753,1.000321177,8.835304e-4,0,0,0,0,0,0,0,0,0,0
60272.20780818,1.001502439,8.835008e-4,0,0,0,0,0,0,0,0,0,0
60272.20826882,1.000269248,8.836042e-4,0,0,0,0,0,0,0,0,0,0
60272.20872947,1.002103107,8.836520e-4,0,0,0,0,0,0,0,0,0,0
60272.20919012,1.001183203,8.865335e-4,0,0,0,0,0,0,0,0,0,0
60272.20965077,1.000748426,8.834579e-4,0,0,0,0,0,0,0,0,0,0
60272.21011141,1.000335721,8.836150e-4,0,0,0,0,0,0,0,0,0,0
60272.21057206,1.000576314,8.834619e-4,0,0,0,0,0,0,0,0,0,0
60272.21103271,1.001909633,8.834422e-4,0,0,0,0,0,0,0,0,0,0
60272.21149335,1.000790996,8.834349e-4,0,0,0,0,0,0,0,0,0,0
60272.21195400,1.000567531,8.833785e-4,0,0,0,0,0,0,0,0,0,0
60272.21241465,1.000946978,8.833939e-4,0,0,0,0,0,0,0,0,0,0
60272.21287529,0.999132385,8.846139e-4,0,0,0,0,0,0,0,0,0,0
60272.21333594,0.999774409,8.832640e-4,0,0,0,0,0,0,0,0,0,0
60272.21379659,0.999401691,8.835174e-4,0,0,0,0,0,0,0,0,0,0
60272.21425724,0.999542264,8.834577e-4,0,0,0,0,0,0,0,0,0,0
60272.21471788,1.000304490,8.832142e-4,0,0,0,0,0,0,0,0,0,0
60272.21517853,1.000832798,8.834347e-4,0,0,0,0,0,0,0,0,0,0
60272.21563918,1.000951991,8.832632e-4,0,0,0,0,0,0,0,0,0,0
60272.21609982,1.001519025,8.838429e-4,0,0,0,0,0,0,0,0,0,0
60272.21656047,1.000914848,8.835568e-4,0,0,0,0,0,0,0,0,0,0
60272.21702112,1.001248045,8.832110e-4,0,0,0,0,0,0,0,0,0,0
60272.21748176,0.999311061,8.831666e-4,0,0,0,0,0,0,0,0,0,0
60272.21794241,1.000411215,8.833230e-4,0,0,0,0,0,0,0,0,0,0
60272.21840306,0.999524007,8.833389e-4,0,0,0,0,0,0,0,0,0,0
60272.21886371,1.000493628,8.832300e-4,0,0,0,0,0,0,0,0,0,0
60272.21932435,1.001410408,8.833843e-4,0,0,0,0,0,0,0,0,0,0
60272.21978500,1.000837822,8.833035e-4,0,0,0,0,0,0,0,0,0,0
60272.22024565,1.002196479,8.832332e-4,0,0,0,0,0,0,0,0,0,0
60272.22070629,1.000696956,8.835146e-4,0,0,0,0,0,0,0,0,0,0
60272.22116694,1.001097835,8.835561e-4,0,0,0,0,0,0,0,0,0,0
60272.22162759,1.001544201,8.834359e-4,0,0,0,0,0,0,0,0,0,0
60272.22208823,1.002778653,8.833758e-4,0,0,0,0,0,0,0,0,0,0
60272.22254888,1.000833642,8.830920e-4,0,0,0,0,0,0,0,0,0,0
60272.22300953,1.001549120,8.834386e-4,0,0,0,0,0,0,0,0,0,0
60272.22347018,1.002274989,8.834840e-4,0,0,0,0,0,0,0,0,0,0
60272.22393082,1.000208238,8.835788e-4,0,0,0,0,0,0,0,0,0,0
60272.22439147,0.999975262,8.835048e-4,0,0,0,0,0,0,0,0,0,0
60272.22485212,1.000662081,8.834154e-4,0,0,0,0,0,0,0,0,0,0
60272.22531276,1.000204440,8.835993e-4,0,0,0,0,0,0,0,0,0,0
60272.22577341,1.001770164,8.833848e-4,0,0,0,0,0,0,0,0,0,0
60272.22623406,1.000162143,8.831796e-4,0,0,0,0,0,0,0,0,0,0
60272.22669470,0.999937779,8.835573e-4,0,0,0,0,0,0,0,0,0,0
60272.22715535,1.000266093,8.831884e-4,0,0,0,0,0,0,0,0,0,0
60272.22761600,1.000186670,8.836724e-4,0,0,0,0,0,0,0,0,0,0
60272.22807665,1.000216467,8.835516e-4,0,0,0,0,0,0,0,0,0,0
60272.22853729,1.000674392,8.835611e-4,0,0,0,0,0,0,0,0,0,0
60272.22899794,1.000130402,8.832401e-4,0,0,0,0,0,0,0,0,0,0
60272.22945859,1.003488121,8.835656e-4,0,0,0,0,0,0,0,0,0,0
60272.22991923,1.000758026,8.833663e-4,0,0,0,0,0,0,0,0,0,0
60272.23037988,0.999801512,8.833023e-4,0,0,0,0,0,0,0,0,0,0
60272.23084053,1.001121292,8.839473e-4,0,0,0,0,0,0,0,0,0,0
60272.23130117,1.000446864,8.835671e-4,0,0,0,0,0,0,0,0,0,0
60272.23176182,0.999128564,8.832675e-4,0,0,0,0,0,0,0,0,0,0
60272.23222247,0.999981340,8.834610e-4,0,0,0,0,0,0,0,0,0,0
60272.23268312,1.000466874,8.834468e-4,0,0,0,0,0,0,0,0,0,0
60272.23314376,1.000694021,8.837500e-4,0,0,0,0,0,0,0,0,0,0
60272.23360441,1.001293946,8.831204e-4,0,0,0,0,0,0,0,0,0,0
60272.23406506,1.000984687,8.850708e-4,0,0,0,0,0,0,0,0,0,0
60272.23452570,0.999452080,8.835557e-4,0,0,0,0,0,0,0,0,0,0
60272.23498635,0.999916466,8.839355e-4,0,0,0,0,0,0,0,0,0,0
60272.23544700,1.001506643,8.831728e-4,0,0,0,0,0,0,0,0,0,0
60272.23590764,1.000096226,8.846562e-4,0,0,0,0,0,0,0,0,0,0
60272.23636829,1.000215716,8.834750e-4,0,0,0,0,0,0,0,0,0,0
60272.23682894,0.999662452,8.833556e-4,0,0,0,0,0,0,0,0,0,0
60272.23728959,1.001212351,8.852979e-4,0,0,0,0,0,0,0,0,0,0
60272.23775023,0.999221162,8.837222e-4,0,0,0,0,0,0,0,0,0,0
60272.23821088,1.000773889,8.835877e-4,0,0,0,0,0,0,0,0,0,0
60272.23867153,1.000720829,8.835875e-4,0,0,0,0,0,0,0,0,0,0
60272.23913217,1.002002527,8.829602e-4,0,0,0,0,0,0,0,0,0,0
60272.23959282,1.001026109,8.832466e-4,0,0,0,0,0,0,0,0,0,0
60272.24005347,1.000192782,8.831510e-4,0,0,0,0,0,0,0,0,0,0
60272.24051411,0.999271011,8.834575e-4,0,0,0,0,0,0,0,0,0,0
60272.24097476,1.001343208,8.831748e-4,0,0,0,0,0,0,0,0,0,0
60272.24143541,1.001564043,8.835396e-4,0,0,0,0,0,0,0,0,0,0
60272.24189606,1.001876164,8.831682e-4,0,0,0,0,0,0,0,0,0,0
60272.24235670,1.000640566,8.832201e-4,0,0,0,0,0,0,0,0,0,0
60272.24281735,1.002029810,8.831262e-4,0,0,0,0,0,0,0,0,0,0
60272.24327800,1.000862913,8.833364e-4,0,0,0,0,0,0,0,0,0,0
60272.24373864,1.001728106,8.832621e-4,0,0,0,0,0,0,0,0,0,0
60272.24419929,1.000317237,8.828613e-4,0,0,0,0,0,0,0,0,0,0
60272.24465994,1.001256329,8.833375e-4,0,0,0,0,0,0,0,0,0,0
60272.24512058,1.000253504,8.830870e-4,0,0,0,0,0,0,0,0,0,0
60272.24558123,1.000638108,8.833452e-4,0,0,0,0,0,0,0,0,0,0
60272.24604188,1.000607129,8.831325e-4,0,0,0,0,0,0,0,0,0,0
60272.24650253,1.000031684,8.834907e-4,0,0,0,0,0,0,0,0,0,0
60272.24696317,1.000296008,8.831775e-4,0,0,0,0,0,0,0,0,0,0
60272.24742382,0.999932812,8.832137e-4,0,0,0,0,0,0,0,0,0,0
60272.24788447,0.999646230,8.839680e-4,0,0,0,0,0,0,0,0,0,0
60272.24834511,1.001650336,8.833060e-4,0,0,0,0,0,0,0,0,0,0
60272.24880576,1.001071453,8.837399e-4,0,0,0,0,0,0,0,0,0,0
60272.24926641,1.000915178,8.831332e-4,0,0,0,0,0,0,0,0,0,0
60272.24972705,1.001450832,8.832613e-4,0,0,0,0,0,0,0,0,0,0
60272.25018770,1.000740700,8.831439e-4,0,0,0,0,0,0,0,0,0,0
60272.25064835,1.001962309,8.833688e-4,0,0,0,0,0,0,0,0,0,0
60272.25110900,1.000611366,8.835110e-4,0,0,0,0,0,0,0,0,0,0
60272.25156964,1.000808946,8.830786e-4,0,0,0,0,0,0,0,0,0,0
60272.25203029,0.998757092,8.836618e-4,0,0,0,0,0,0,0,0,0,0
60272.25249094,1.001629908,8.835495e-4,0,0,0,0,0,0,0,0,0,0
60272.25295158,0.999855793,8.834258e-4,0,0,0,0,0,0,0,0,0,0
60272.25341223,1.001155268,8.835691e-4,0,0,0,0,0,0,0,0,0,0
60272.25387288,1.000569345,8.844520e-4,0,0,0,0,0,0,0,0,0,0
60272.25433352,0.999433722,8.833034e-4,0,0,0,0,0,0,0,0,0,0
60272.25479417,1.001582747,8.838916e-4,0,0,0,0,0,0,0,0,0,0
60272.25525482,1.002082070,8.836422e-4,0,0,0,0,0,0,0,0,0,0
60272.25571547,1.000528034,8.833415e-4,0,0,0,0,0,0,0,0,0,0
60272.25617611,1.000575568,8.833937e-4,0,0,0,0,0,0,0,0,0,0
60272.25663676,1.000669064,8.835678e-4,0,0,0,0,0,0,0,0,0,0
60272.25709741,0.999671253,8.835615e-4,0,0,0,0,0,0,0,0,0,0
60272.25755805,1.000985469,8.835141e-4,0,0,0,0,0,0,0,0,0,0
60272.25801870,1.000755210,8.834713e-4,0,0,0,0,0,0,0,0,0,0
60272.25847935,1.000141407,8.832825e-4,0,0,0,0,0,0,0,0,0,0
60272.25893999,1.000257380,8.837023e-4,0,0,0,0,0,0,0,0,0,0
60272.25940064,1.000183974,8.835539e-4,0,0,0,0,0,0,0,0,0,0
60272.25986129,1.001484929,8.838853e-4,0,0,0,0,0,0,0,0,0,0
60272.26032193,0.998935771,8.857493e-4,0,0,0,0,0,0,0,0,0,0
60272.26078258,1.001415026,8.836159e-4,0,0,0,0,0,0,0,0,0,0
60272.26124323,0.999784722,8.838125e-4,0,0,0,0,0,0,0,0,0,0
60272.26170388,1.000323238,8.834089e-4,0,0,0,0,0,0,0,0,0,0
60272.26216452,1.001572979,8.830688e-4,0,0,0,0,0,0,0,0,0,0
60272.26262517,1.000626555,8.832912e-4,0,0,0,0,0,0,0,0,0,0
60272.26308582,1.001767091,8.835398e-4,0,0,0,0,0,0,0,0,0,0
60272.26354646,1.000062495,8.835007e-4,0,0,0,0,0,0,0,0,0,0
60272.26400711,1.001397010,8.837086e-4,0,0,0,0,0,0,0,0,0,0
60272.26446776,1.000435466,8.832781e-4,0,0,0,0,0,0,0,0,0,0
60272.26492840,0.999831714,8.833892e-4,0,0,0,0,0,0,0,0,0,0
60272.26538905,0.999623069,8.830780e-4,0,0,0,0,0,0,0,0,0,0
60272.26584970,1.000412052,8.834029e-4,0,0,0,0,0,0,0,0,0,0
60272.26631035,1.003216823,8.832033e-4,0,0,0,0,0,0,0,0,0,0
60272.26677099,1.002029693,8.836861e-4,0,0,0,0,0,0,0,0,0,0
60272.26723164,1.000395704,8.834201e-4,0,0,0,0,0,0,0,0,0,0
60272.26769229,1.001130191,8.836121e-4,0,0,0,0,0,0,0,0,0,0
60272.26815293,0.999918498,8.833480e-4,0,0,0,0,0,0,0,0,0,0
60272.26861358,1.000322217,8.833509e-4,0,0,0,0,0,0,0,0,0,0
60272.26907423,1.000634771,8.832205e-4,0,0,0,0,0,0,0,0,0,0
60272.26953487,1.001105236,8.833919e-4,0,0,0,0,0,0,0,0,0,0
60272.26999552,0.999430354,8.837861e-4,0,0,0,0,0,0,0,0,0,0
60272.27045617,1.000931694,8.837022e-4,0,0,0,0,0,0,0,0,0,0
60272.27091682,0.999499408,8.834461e-4,0,0,0,0,0,0,0,0,0,0
60272.27137746,0.999672319,8.855206e-4,0,0,0,0,0,0,0,0,0,0
60272.27183811,1.001300356,8.834985e-4,0,0,0,0,0,0,0,0,0,0
60272.27229876,1.000383026,8.834820e-4,0,0,0,0,0,0,0,0,0,0
60272.27275940,1.002857576,8.831115e-4,0,0,0,0,0,0,0,0,0,0
60272.27322005,1.000816271,8.842920e-4,0,0,0,0,0,0,0,0,0,0
60272.27368070,1.001135940,8.835617e-4,0,0,0,0,0,0,0,0,0,0
60272.27414134,1.000214859,8.833136e-4,0,0,0,0,0,0,0,0,0,0
60272.27460199,1.000933290,8.833649e-4,0,0,0,0,0,0,0,0,0,0
60272.27506264,1.002240029,8.837711e-4,0,0,0,0,0,0,0,0,0,0
60272.27552329,1.000991454,8.833176e-4,0,0,0,0,0,0,0,0,0,0
60272.27598393,1.000634237,8.835041e-4,0,0,0,0,0,0,0,0,0,0
60272.27644458,0.998695381,8.837076e-4,0,0,0,0,0,0,0,0,0,0
60272.27690523,1.000587234,8.835727e-4,0,0,0,0,0,0,0,0,0,0
60272.27736587,0.999969828,8.835950e-4,0,0,0,0,0,0,0,0,0,0
60272.27782652,0.999774650,8.837994e-4,0,0,0,0,0,0,0,0,0,0
60272.27828717,1.000770232,8.833051e-4,0,0,0,0,0,0,0,0,0,0
60272.27874781,1.000230154,8.837996e-4,0,0,0,0,0,0,0,0,0,0
60272.27920846,1.001292984,8.834422e-4,0,0,0,0,0,0,0,0,0,0
60272.27966911,1.001214947,8.837047e-4,0,0,0,0,0,0,0,0,0,0
60272.28012976,0.999959026,8.837129e-4,0,0,0,0,0,0,0,0,0,0
60272.28059040,1.001544993,8.836149e-4,0,0,0,0,0,0,0,0,0,0
60272.28105105,0.999721019,8.833495e-4,0,0,0,0,0,0,0,0,0,0
60272.28151170,1.001609559,8.834833e-4,0,0,0,0,0,0,0,0,0,0
60272.28197234,0.999875193,8.835815e-4,0,0,0,0,0,0,0,0,0,0
60272.28243299,1.001620118,8.835476e-4,0,0,0,0,0,0,0,0,0,0
60272.28289364,0.999541719,8.833919e-4,0,0,0,0,0,0,0,0,0,0
60272.28335428,1.001249735,8.841244e-4,0,0,0,0,0,0,0,0,0,0
60272.28381493,0.999593114,8.835548e-4,0,0,0,0,0,0,0,0,0,0
60272.28427558,0.999041734,8.835586e-4,0,0,0,0,0,0,0,0,0,0
60272.28473623,1.002653150,8.835866e-4,0,0,0,0,0,0,0,0,0,0
60272.28519687,0.999926216,8.833806e-4,0,0,0,0,0,0,0,0,0,0
60272.28565752,1.000537224,8.834212e-4,0,0,0,0,0,0,0,0,0,0
60272.28611817,1.000856564,8.836803e-4,0,0,0,0,0,0,0,0,0,0
60272.28657881,1.001070440,8.836589e-4,0,0,0,0,0,0,0,0,0,0
60272.28703946,1.000957465,8.836965e-4,0,0,0,0,0,0,0,0,0,0
60272.28750011,1.000824031,8.831933e-4,0,0,0,0,0,0,0,0,0,0
60272.28796075,1.000334488,8.835023e-4,0,0,0,0,0,0,0,0,0,0
60272.28842140,1.000786491,8.834640e-4,0,0,0,0,0,0,0,0,0,0
60272.28888205,1.000999115,8.831233e-4,0,0,0,0,0,0,0,0,0,0
60272.28934270,1.000089688,8.835909e-4,0,0,0,0,0,0,0,0,0,0
60272.28980334,1.002020804,8.836097e-4,0,0,0,0,0,0,0,0,0,0
60272.29026399,0.998788093,8.850581e-4,0,0,0,0,0,0,0,0,0,0
60272.29072464,1.000835500,8.835227e-4,0,0,0,0,0,0,0,0,0,0
60272.29118528,0.999696452,8.834566e-4,0,0,0,0,0,0,0,0,0,0
60272.29164593,1.000039310,8.838083e-4,0,0,0,0,0,0,0,0,0,0
60272.29210658,0.998981961,8.840815e-4,0,0,0,0,0,0,0,0,0,0
60272.29256722,0.999640376,8.838295e-4,0,0,0,0,0,0,0,0,0,0
60272.29302787,1.000191946,8.850402e-4,0,0,0,0,0,0,0,0,0,0
60272.29348852,1.000898289,8.840125e-4,0,0,0,0,0,0,0,0,0,0
60272.29394916,0.998585470,8.840472e-4,0,0,0,0,0,0,0,0,0,0
60272.29440981,0.999874870,8.835826e-4,0,0,0,0,0,0,0,0,0,0
60272.29487046,0.999989661,8.837005e-4,0,0,0,0,0,0,0,0,0,0
60272.29533111,1.001158216,8.838777e-4,0,0,0,0,0,0,0,0,0,0
60272.29579175,1.000706469,8.837318e-4,0,0,0,0,0,0,0,0,0,0
60272.29625240,0.999973240,8.839915e-4,0,0,0,0,0,0,0,0,0,0
60272.29671305,1.000661937,8.838335e-4,0,0,0,0,0,0,0,0,0,0
60272.29717369,1.000764323,8.837045e-4,0,0,0,0,0,0,0,0,0,0
60272.29763434,0.999999174,8.839397e-4,0,0,0,0,0,0,0,0,0,0
60272.29809499,0.999249691,8.833864e-4,0,0,0,0,0,0,0,0,0,0
60272.29855563,1.000429205,8.840045e-4,0,0,0,0,0,0,0,0,0,0
60272.29901628,0.999898001,8.838852e-4,0,0,0,0,0,0,0,0,0,0
60272.29947693,1.000531455,8.836667e-4,0,0,0,0,0,0,0,0,0,0
60272.29993758,1.000154177,8.837978e-4,0,0,0,0,0,0,0,0,0,0
60272.30039822,1.000591701,8.839168e-4,0,0,0,0,0,0,0,0,0,0
60272.30085887,0.999398097,8.840575e-4,0,0,0,0,0,0,0,0,0,0
60272.30131952,1.000076570,8.865092e-4,0,0,0,0,0,0,0,0,0,0
60272.30178016,0.998678995,8.836973e-4,0,0,0,0,0,0,0,0,0,0
60272.30224081,0.998290782,8.837666e-4,0,0,0,0,0,0,0,0,0,0
60272.30270146,0.998591550,8.841147e-4,0,0,0,0,0,0,0,0,0,0
60272.30316210,0.999204213,8.841087e-4,0,0,0,0,0,0,0,0,0,0
60272.30362275,0.999730977,8.839649e-4,0,0,0,0,0,0,0,0,0,0
60272.30408340,1.000812109,8.836746e-4,0,0,0,0,0,0,0,0,0,0
60272.30454405,0.999532637,8.837110e-4,0,0,0,0,0,0,0,0,0,0
60272.30500469,0.999079342,8.838673e-4,0,0,0,0,0,0,0,0,0,0
60272.30546534,0.998821516,8.839431e-4,0,0,0,0,0,0,0,0,0,0
60272.30592599,0.999257637,8.838111e-4,0,0,0,0,0,0,0,0,0,0
60272.30638663,1.001423278,8.838690e-4,0,0,0,0,0,0,0,0,0,0
60272.30684728,1.004373486,8.837709e-4,0,0,0,0,0,0,0,0,0,0
60272.30730793,1.004446266,8.837393e-4,0,0,0,0,0,0,0,0,0,0
60272.30776857,1.003093829,8.840812e-4,0,0,0,0,0,0,0,0,0,0
60272.30822922,1.003257322,8.839113e-4,0,0,0,0,0,0,0,0,0,0
60272.30868987,1.002954516,8.836391e-4,0,0,0,0,0,0,0,0,0,0
60272.30915052,1.002674826,8.838027e-4,0,0,0,0,0,0,0,0,0,0
60272.30961116,1.002825567,8.833961e-4,0,0,0,0,0,0,0,0,0,0
60272.31007181,1.002097265,8.839497e-4,0,0,0,0,0,0,0,0,0,0
60272.31053246,1.003670083,8.837054e-4,0,0,0,0,0,0,0,0,0,0
60272.31099310,1.002684358,8.840122e-4,0,0,0,0,0,0,0,0,0,0
60272.31145375,1.001353842,8.839361e-4,0,0,0,0,0,0,0,0,0,0
60272.31191440,1.000227190,8.838972e-4,0,0,0,0,0,0,0,0,0,0
60272.31237504,1.001144005,8.838406e-4,0,0,0,0,0,0,0,0,0,0
60272.31283569,1.001359052,8.840636e-4,0,0,0,0,0,0,0,0,0,0
60272.31329634,1.000998491,8.837821e-4,0,0,0,0,0,0,0,0,0,0
60272.31375699,1.002218919,8.835576e-4,0,0,0,0,0,0,0,0,0,0
60272.31421763,1.002126851,8.838954e-4,0,0,0,0,0,0,0,0,0,0
60272.31467828,1.001316831,8.843233e-4,0,0,0,0,0,0,0,0,0,0
60272.31513893,1.001042781,8.839564e-4,0,0,0,0,0,0,0,0,0,0
60272.31559957,1.000853922,8.840050e-4,0,0,0,0,0,0,0,0,0,0
60272.31606022,1.001840473,8.839044e-4,0,0,0,0,0,0,0,0,0,0
60272.31652087,1.001084322,8.853659e-4,0,0,0,0,0,0,0,0,0,0
60272.31698151,1.001237880,8.837322e-4,0,0,0,0,0,0,0,0,0,0
60272.31744216,1.000650355,8.864981e-4,0,0,0,0,0,0,0,0,0,0
60272.31790281,1.000804311,8.840873e-4,0,0,0,0,0,0,0,0,0,0
60272.31836345,1.001694416,8.865814e-4,0,0,0,0,0,0,0,0,0,0
60272.31882410,0.999937049,8.838862e-4,0,0,0,0,0,0,0,0,0,0
60272.31928475,1.000958031,8.837209e-4,0,0,0,0,0,0,0,0,0,0
60272.31974540,1.001630035,8.840628e-4,0,0,0,0,0,0,0,0,0,0
60272.32020604,0.999239788,8.842277e-4,0,0,0,0,0,0,0,0,0,0
60272.32066669,1.000249916,8.840087e-4,0,0,0,0,0,0,0,0,0,0
60272.32112734,0.998688639,8.839094e-4,0,0,0,0,0,0,0,0,0,0
60272.32158798,1.001152806,8.833432e-4,0,0,0,0,0,0,0,0,0,0
60272.32204863,0.999338597,8.837029e-4,0,0,0,0,0,0,0,0,0,0
60272.32250928,0.999019316,8.840700e-4,0,0,0,0,0,0,0,0,0,0
60272.32296992,0.999115775,8.842587e-4,0,0,0,0,0,0,0,0,0,0
60272.32343057,0.999861908,8.836055e-4,0,0,0,0,0,0,0,0,0,0
60272.32389122,0.999123680,8.841468e-4,0,0,0,0,0,0,0,0,0,0
60272.32435187,0.998949610,8.839713e-4,0,0,0,0,0,0,0,0,0,0
60272.32481251,0.998134946,8.836611e-4,0,0,0,0,0,0,0,0,0,0
60272.32527316,0.999625966,8.839109e-4,0,0,0,0,0,0,0,0,0,0
60272.32573381,0.999715911,8.839742e-4,0,0,0,0,0,0,0,0,0,0
60272.32619445,0.999028350,8.834937e-4,0,0,0,0,0,0,0,0,0,0
60272.32665510,1.001253552,8.840106e-4,0,0,0,0,0,0,0,0,0,0
60272.32711575,0.998991193,8.841596e-4,0,0,0,0,0,0,0,0,0,0
60272.32757639,0.997641196,8.839117e-4,0,0,0,0,0,0,0,0,0,0
60272.32803704,0.999833877,8.843035e-4,0,0,0,0,0,0,0,0,0,0
60272.32849769,0.999010175,8.837571e-4,0,0,0,0,0,0,0,0,0,0
60272.32895834,0.999542991,8.843453e-4,0,0,0,0,0,0,0,0,0,0
60272.32941898,1.001194570,8.838141e-4,0,0,0,0,0,0,0,0,0,0
60272.32987963,1.000207845,8.833895e-4,0,0,0,0,0,0,0,0,0,0
60272.33034028,1.000379743,8.840189e-4,0,0,0,0,0,0,0,0,0,0
60272.33080092,0.998387545,8.839429e-4,0,0,0,0,0,0,0,0,0,0
60272.33126157,0.999669299,8.839976e-4,0,0,0,0,0,0,0,0,0,0
60272.33172222,1.002086835,8.841108e-4,0,0,0,0,0,0,0,0,0,0
60272.33218286,1.002856927,8.833413e-4,0,0,0,0,0,0,0,0,0,0
60272.33264351,1.002779374,8.838067e-4,0,0,0,0,0,0,0,0,0,0
60272.33310416,1.002355153,8.839073e-4,0,0,0,0,0,0,0,0,0,0
60272.33356481,1.002035560,8.839079e-4,0,0,0,0,0,0,0,0,0,0
60272.33402545,1.002344377,8.841685e-4,0,0,0,0,0,0,0,0,0,0
60272.33448610,1.000498673,8.842009e-4,0,0,0,0,0,0,0,0,0,0
60272.33494675,1.002349783,8.843414e-4,0,0,0,0,0,0,0,0,0,0
60272.33540739,1.001060000,8.839156e-4,0,0,0,0,0,0,0,0,0,0
60272.33586804,1.002499034,8.843326e-4,0,0,0,0,0,0,0,0,0,0
60272.33632869,1.001848445,8.839939e-4,0,0,0,0,0,0,0,0,0,0
60272.33678933,1.000973777,8.834374e-4,0,0,0,0,0,0,0,0,0,0
60272.33724998,1.000421334,8.835823e-4,0,0,0,0,0,0,0,0,0,0
60272.33771063,1.000797109,8.837285e-4,0,0,0,0,0,0,0,0,0,0
60272.33817127,1.000890006,8.837000e-4,0,0,0,0,0,0,0,0,0,0
60272.33863192,1.001504346,8.835735e-4,0,0,0,0,0,0,0,0,0,0
60272.33909257,1.000918520,8.845506e-4,0,0,0,0,0,0,0,0,0,0
60272.33955322,0.999673910,8.836711e-4,0,0,0,0,0,0,0,0,0,0
60272.34001386,1.001825644,8.867916e-4,0,0,0,0,0,0,0,0,0,0
60272.34047451,1.000519154,8.836120e-4,0,0,0,0,0,0,0,0,0,0
60272.34093516,1.000261652,8.837217e-4,0,0,0,0,0,0,0,0,0,0
60272.34139580,0.999476707,8.835233e-4,0,0,0,0,0,0,0,0,0,0
60272.34185645,0.999939151,8.834474e-4,0,0,0,0,0,0,0,0,0,0
60272.34231710,1.000653189,8.840473e-4,0,0,0,0,0,0,0,0,0,0
60272.34277774,1.000699841,8.836220e-4,0,0,0,0,0,0,0,0,0,0
60272.34323839,1.001047509,8.838100e-4,0,0,0,0,0,0,0,0,0,0
60272.34369904,0.999656483,8.837664e-4,0,0,0,0,0,0,0,0,0,0
60272.34415969,1.001101004,8.834178e-4,0,0,0,0,0,0,0,0,0,0
60272.34462033,1.001124276,8.837064e-4,0,0,0,0,0,0,0,0,0,0
60272.34508098,0.999971481,8.836179e-4,0,0,0,0,0,0,0,0,0,0
60272.34554163,1.000508667,8.836287e-4,0,0,0,0,0,0,0,0,0,0
60272.34600227,1.000520842,8.838111e-4,0,0,0,0,0,0,0,0,0,0
60272.34646292,0.999921425,8.836485e-4,0,0,0,0,0,0,0,0,0,0
60272.34692357,1.000733172,8.840312e-4,0,0,0,0,0,0,0,0,0,0
60272.34738421,1.000007599,8.837839e-4,0,0,0,0,0,0,0,0,0,0
60272.34784486,0.999597923,8.836863e-4,0,0,0,0,0,0,0,0,0,0
60272.34830551,0.999400542,8.841243e-4,0,0,0,0,0,0,0,0,0,0
60272.34876616,1.000175146,8.838321e-4,0,0,0,0,0,0,0,0,0,0
60272.34922680,1.000236909,8.838143e-4,0,0,0,0,0,0,0,0,0,0
60272.34968745,1.001325935,8.835363e-4,0,0,0,0,0,0,0,0,0,0
60272.35014810,1.000427621,8.837788e-4,0,0,0,0,0,0,0,0,0,0
60272.35060874,1.000417322,8.840051e-4,0,0,0,0,0,0,0,0,0,0
60272.35106939,0.999822224,8.838245e-4,0,0,0,0,0,0,0,0,0,0
60272.35153004,1.000075307,8.835151e-4,0,0,0,0,0,0,0,0,0,0
60272.35199068,0.999168929,8.836926e-4,0,0,0,0,0,0,0,0,0,0
60272.35245133,0.999398313,8.840888e-4,0,0,0,0,0,0,0,0,0,0
60272.35291198,1.001405009,8.840124e-4,0,0,0,0,0,0,0,0,0,0
60272.35337263,1.000259922,8.837417e-4,0,0,0,0,0,0,0,0,0,0
60272.35383327,1.000772039,8.835762e-4,0,0,0,0,0,0,0,0,0,0
60272.35429392,0.999230882,8.837623e-4,0,0,0,0,0,0,0,0,0,0
60272.35475457,1.001629261,8.840741e-4,0,0,0,0,0,0,0,0,0,0
60272.35521521,0.998678737,8.837352e-4,0,0,0,0,0,0,0,0,0,0
60272.35567586,1.002030782,8.834916e-4,0,0,0,0,0,0,0,0,0,0
60272.35613651,1.000841714,8.838210e-4,0,0,0,0,0,0,0,0,0,0
60272.35659715,1.000102723,8.848950e-4,0,0,0,0,0,0,0,0,0,0
60272.35705780,0.998950300,8.839985e-4,0,0,0,0,0,0,0,0,0,0
60272.35751845,1.000393358,8.838426e-4,0,0,0,0,0,0,0,0,0,0
60272.35797909,1.000375669,8.839490e-4,0,0,0,0,0,0,0,0,0,0
60272.35843974,1.000007512,8.838777e-4,0,0,0,0,0,0,0,0,0,0
60272.35890039,1.000691058,8.838535e-4,0,0,0,0,0,0,0,0,0,0
60272.35936104,0.999357387,8.836270e-4,0,0,0,0,0,0,0,0,0,0
60272.35982168,0.999414804,8.834378e-4,0,0,0,0,0,0,0,0,0,0
60272.36028233,0.999944341,8.839225e-4,0,0,0,0,0,0,0,0,0,0
60272.36074298,1.001126794,8.835328e-4,0,0,0,0,0,0,0,0,0,0
60272.36120362,1.000860491,8.835173e-4,0,0,0,0,0,0,0,0,0,0
60272.36166427,1.000893616,8.840360e-4,0,0,0,0,0,0,0,0,0,0
60272.36212492,1.002367566,8.835117e-4,0,0,0,0,0,0,0,0,0,0
60272.36258556,1.000672603,8.837867e-4,0,0,0,0,0,0,0,0,0,0
60272.36304621,1.000992881,8.851197e-4,0,0,0,0,0,0,0,0,0,0
60272.36350686,1.000479610,8.839856e-4,0,0,0,0,0,0,0,0,0,0
60272.36396751,0.999978269,8.832979e-4,0,0,0,0,0,0,0,0,0,0
60272.36442815,1.001666051,8.841647e-4,0,0,0,0,0,0,0,0,0,0
60272.36488880,1.000223047,8.842229e-4,0,0,0,0,0,0,0,0,0,0
60272.36534945,0.999233668,8.836048e-4,0,0,0,0,0,0,0,0,0,0
60272.36581009,0.999580694,8.838145e-4,0,0,0,0,0,0,0,0,0,0
60272.36627074,1.001195605,8.837541e-4,0,0,0,0,0,0,0,0,0,0
60272.36673139,1.001393800,8.839227e-4,0,0,0,0,0,0,0,0,0,0
60272.36719203,0.999750983,8.839661e-4,0,0,0,0,0,0,0,0,0,0
60272.36765268,1.001266500,8.838081e-4,0,0,0,0,0,0,0,0,0,0
60272.36811333,1.000426061,8.835532e-4,0,0,0,0,0,0,0,0,0,0
60272.36857398,1.000785502,8.836264e-4,0,0,0,0,0,0,0,0,0,0
60272.36903462,1.000763877,8.838095e-4,0,0,0,0,0,0,0,0,0,0
60272.36949527,0.999960140,8.838521e-4,0,0,0,0,0,0,0,0,0,0
60272.36995592,0.999023287,8.838313e-4,0,0,0,0,0,0,0,0,0,0
60272.37041656,1.001624451,8.839978e-4,0,0,0,0,0,0,0,0,0,0
60272.37087721,0.999766159,8.852657e-4,0,0,0,0,0,0,0,0,0,0
60272.37133786,1.000842469,8.840209e-4,0,0,0,0,0,0,0,0,0,0
60272.37179850,1.000913238,8.837456e-4,0,0,0,0,0,0,0,0,0,0
60272.37225915,0.999680915,8.837687e-4,0,0,0,0,0,0,0,0,0,0
60272.37271980,1.000026735,8.841341e-4,0,0,0,0,0,0,0,0,0,0
60272.37318044,1.000105871,8.842044e-4,0,0,0,0,0,0,0,0,0,0
60272.37364109,1.000361813,8.836542e-4,0,0,0,0,0,0,0,0,0,0
60272.37410174,1.000221861,8.840720e-4,0,0,0,0,0,0,0,0,0,0
60272.37456239,1.001206283,8.835380e-4,0,0,0,0,0,0,0,0,0,0
60272.37502303,1.002253043,8.836428e-4,0,0,0,0,0,0,0,0,0,0
60272.37548368,0.998790465,8.837688e-4,0,0,0,0,0,0,0,0,0,0
60272.37594433,1.000168172,8.841342e-4,0,0,0,0,0,0,0,0,0,0
60272.37640497,0.999421326,8.839003e-4,0,0,0,0,0,0,0,0,0,0
60272.37686562,0.997394705,8.857071e-4,0,0,0,0,0,0,0,0,0,0
60272.37732627,1.002016387,8.835581e-4,0,0,0,0,0,0,0,0,0,0
60272.37778691,1.001174479,8.836103e-4,0,0,0,0,0,0,0,0,0,0
60272.37824756,1.000518923,8.838337e-4,0,0,0,0,0,0,0,0,0,0
60272.37870821,1.001053998,8.840827e-4,0,0,0,0,0,0,0,0,0,0
60272.37916886,1.001052177,8.837301e-4,0,0,0,0,0,0,0,0,0,0
60272.37962950,1.000982982,8.838425e-4,0,0,0,0,0,0,0,0,0,0
60272.38009015,0.999230308,8.835090e-4,0,0,0,0,0,0,0,0,0,0
60272.38055080,1.000499929,8.840934e-4,0,0,0,0,0,0,0,0,0,0
60272.38101144,1.000915604,8.836901e-4,0,0,0,0,0,0,0,0,0,0
60272.38147209,1.001199987,8.840865e-4,0,0,0,0,0,0,0,0,0,0
60272.38193274,1.001406547,8.839280e-4,0,0,0,0,0,0,0,0,0,0
60272.38239338,1.000793567,8.838975e-4,0,0,0,0,0,0,0,0,0,0
60272.38285403,1.000894139,8.842319e-4,0,0,0,0,0,0,0,0,0,0
60272.38331468,0.999794258,8.845050e-4,0,0,0,0,0,0,0,0,0,0
60272.38377533,1.000679260,8.835837e-4,0,0,0,0,0,0,0,0,0,0
60272.38423597,1.000607938,8.837964e-4,0,0,0,0,0,0,0,0,0,0
60272.38469662,1.001954076,8.837783e-4,0,0,0,0,0,0,0,0,0,0
60272.38515727,1.000389641,8.840548e-4,0,0,0,0,0,0,0,0,0,0
60272.38561791,1.000090334,8.841494e-4,0,0,0,0,0,0,0,0,0,0
60272.38607856,1.000636790,8.839299e-4,0,0,0,0,0,0,0,0,0,0
60272.38653921,1.000059243,8.840635e-4,0,0,0,0,0,0,0,0,0,0
60272.38699985,0.999954930,8.834785e-4,0,0,0,0,0,0,0,0,0,0
60272.38746050,1.000897784,8.839330e-4,0,0,0,0,0,0,0,0,0,0
60272.38792115,1.001102806,8.837868e-4,0,0,0,0,0,0,0,0,0,0
60272.38838179,0.998785853,8.838788e-4,0,0,0,0,0,0,0,0,0,0
60272.38884244,1.001503587,8.838975e-4,0,0,0,0,0,0,0,0,0,0
60272.38930309,1.000080102,8.837831e-4,0,0,0,0,0,0,0,0,0,0
60272.38976374,1.001578939,8.838204e-4,0,0,0,0,0,0,0,0,0,0
60272.39022438,1.000200634,8.843307e-4,0,0,0,0,0,0,0,0,0,0
60272.39068503,1.000225943,8.843267e-4,0,0,0,0,0,0,0,0,0,0
60272.39114568,1.001663855,8.838017e-4,0,0,0,0,0,0,0,0,0,0
60272.39160632,1.000844698,8.839716e-4,0,0,0,0,0,0,0,0,0,0
60272.39206697,1.001236024,8.837361e-4,0,0,0,0,0,0,0,0,0,0
60272.39252762,0.999771839,8.835710e-4,0,0,0,0,0,0,0,0,0,0
60272.39298826,1.000191111,8.841509e-4,0,0,0,0,0,0,0,0,0,0
60272.39344891,1.001150052,8.840494e-4,0,0,0,0,0,0,0,0,0,0
60272.39390956,0.999185243,8.840550e-4,0,0,0,0,0,0,0,0,0,0
60272.39437021,1.000623432,8.837225e-4,0,0,0,0,0,0,0,0,0,0
60272.39483085,0.999137467,8.840495e-4,0,0,0,0,0,0,0,0,0,0
60272.39529150,1.000402305,8.837064e-4,0,0,0,0,0,0,0,0,0,0
60272.39575215,0.998251581,8.845323e-4,0,0,0,0,0,0,0,0,0,0
60272.39621279,0.999928099,8.835736e-4,0,0,0,0,0,0,0,0,0,0
60272.39667344,1.001378913,8.837079e-4,0,0,0,0,0,0,0,0,0,0
60272.39713409,1.001375740,8.840182e-4,0,0,0,0,0,0,0,0,0,0
60272.39759473,1.000914891,8.839858e-4,0,0,0,0,0,0,0,0,0,0
60272.39805538,0.999777025,8.838526e-4,0,0,0,0,0,0,0,0,0,0
60272.39851603,0.999978989,8.842227e-4,0,0,0,0,0,0,0,0,0,0
60272.39897667,1.002215155,8.836733e-4,0,0,0,0,0,0,0,0,0,0
60272.39943732,0.999020959,8.835165e-4,0,0,0,0,0,0,0,0,0,0
60272.39989797,1.001154004,8.839389e-4,0,0,0,0,0,0,0,0,0,0
60272.40035862,1.000997562,8.843257e-4,0,0,0,0,0,0,0,0,0,0
60272.40081926,1.000277384,8.836053e-4,0,0,0,0,0,0,0,0,0,0
60272.40127991,0.999028362,8.837855e-4,0,0,0,0,0,0,0,0,0,0
60272.40174056,1.001442656,8.838806e-4,0,0,0,0,0,0,0,0,0,0
60272.40220120,1.000661325,8.854498e-4,0,0,0,0,0,0,0,0,0,0
60272.40266185,1.000865036,8.843774e-4,0,0,0,0,0,0,0,0,0,0
60272.40312250,1.000455653,8.844043e-4,0,0,0,0,0,0,0,0,0,0
60272.40358314,1.000100232,8.840368e-4,0,0,0,0,0,0,0,0,0,0
60272.40404379,1.000821334,8.840720e-4,0,0,0,0,0,0,0,0,0,0
60272.40450444,0.996877707,8.860804e-4,0,0,0,0,0,0,0,0,0,0
60272.40496509,0.999551926,8.841002e-4,0,0,0,0,0,0,0,0,0,0
60272.40542573,1.001390719,8.841096e-4,0,0,0,0,0,0,0,0,0,0
60272.40588638,0.999623790,8.835399e-4,0,0,0,0,0,0,0,0,0,0
60272.40634703,0.999928283,8.837440e-4,0,0,0,0,0,0,0,0,0,0
60272.40680767,1.001070363,8.841989e-4,0,0,0,0,0,0,0,0,0,0
60272.40726832,1.001739295,8.841036e-4,0,0,0,0,0,0,0,0,0,0
60272.40772897,0.999798911,8.840115e-4,0,0,0,0,0,0,0,0,0,0
60272.40818961,1.000878290,8.837064e-4,0,0,0,0,0,0,0,0,0,0
60272.40865026,1.001790478,8.841853e-4,0,0,0,0,0,0,0,0,0,0
60272.40911091,0.999619082,8.840180e-4,0,0,0,0,0,0,0,0,0,0
60272.40957156,1.000970457,8.842304e-4,0,0,0,0,0,0,0,0,0,0
60272.41003220,1.000913749,8.836728e-4,0,0,0,0,0,0,0,0,0,0
60272.41049285,0.998928619,8.841382e-4,0,0,0,0,0,0,0,0,0,0
60272.41095350,0.999691119,8.834382e-4,0,0,0,0,0,0,0,0,0,0
60272.41141414,1.001340220,8.851227e-4,0,0,0,0,0,0,0,0,0,0
60272.41187479,1.000587884,8.838358e-4,0,0,0,0,0,0,0,0,0,0
60272.41233544,1.000538558,8.840274e-4,0,0,0,0,0,0,0,0,0,0
60272.41279608,1.000336344,8.839504e-4,0,0,0,0,0,0,0,0,0,0
60272.41325673,0.999849248,8.838625e-4,0,0,0,0,0,0,0,0,0,0
60272.41371738,1.001241609,8.839004e-4,0,0,0,0,0,0,0,0,0,0
60272.41417802,1.000214106,8.834960e-4,0,0,0,0,0,0,0,0,0,0
60272.41463867,1.000452966,8.841164e-4,0,0,0,0,0,0,0,0,0,0
60272.41509932,0.998507094,8.840604e-4,0,0,0,0,0,0,0,0,0,0
60272.41555997,0.999199902,8.840876e-4,0,0,0,0,0,0,0,0,0,0
60272.41602061,0.999397166,8.844214e-4,0,0,0,0,0,0,0,0,0,0
60272.41648126,1.000676533,8.832998e-4,0,0,0,0,0,0,0,0,0,0
60272.41694191,1.001848773,8.833985e-4,0,0,0,0,0,0,0,0,0,0
60272.41740255,1.000881848,8.838858e-4,0,0,0,0,0,0,0,0,0,0
60272.41786320,1.001093415,8.839489e-4,0,0,0,0,0,0,0,0,0,0
60272.41832385,1.001623061,8.841961e-4,0,0,0,0,0,0,0,0,0,0
60272.41878449,1.000601015,8.841820e-4,0,0,0,0,0,0,0,0,0,0
60272.41924514,0.999043755,8.838613e-4,0,0,0,0,0,0,0,0,0,0
60272.41970579,1.000385735,8.838111e-4,0,0,0,0,0,0,0,0,0,0
60272.42016644,1.000029644,8.842034e-4,0,0,0,0,0,0,0,0,0,0
60272.42062708,0.999716945,8.838584e-4,0,0,0,0,0,0,0,0,0,0
60272.42108773,1.001025583,8.843800e-4,0,0,0,0,0,0,0,0,0,0
60272.42154838,1.001540107,8.837690e-4,0,0,0,0,0,0,0,0,0,0
60272.42200902,1.001585497,8.837065e-4,0,0,0,0,0,0,0,0,0,0
60272.42246967,0.997840201,8.873910e-4,0,0,0,0,0,0,0,0,0,0
60272.42293032,1.001456061,8.839144e-4,0,0,0,0,0,0,0,0,0,0
60272.42339096,1.000151856,8.835604e-4,0,0,0,0,0,0,0,0,0,0
60272.42385161,0.999793491,8.847450e-4,0,0,0,0,0,0,0,0,0,0
60272.42431226,0.999415789,8.842508e-4,0,0,0,0,0,0,0,0,0,0
60272.42477290,1.000282733,8.837907e-4,0,0,0,0,0,0,0,0,0,0
60272.42523355,1.000881360,8.838838e-4,0,0,0,0,0,0,0,0,0,0
60272.42569420,1.000155887,8.838850e-4,0,0,0,0,0,0,0,0,0,0
60272.42615485,0.999834318,8.839281e-4,0,0,0,0,0,0,0,0,0,0
60272.42661549,1.000348363,8.842473e-4,0,0,0,0,0,0,0,0,0,0
60272.42707614,1.000716705,8.836126e-4,0,0,0,0,0,0,0,0,0,0
60272.43171227,1.001145661,8.845854e-4,0,0,0,0,0,0,0,0,0,0
60272.43217291,1.000664649,8.838700e-4,0,0,0,0,0,0,0,0,0,0
60272.43263356,1.001839859,8.847507e-4,0,0,0,0,0,0,0,0,0,0
60272.43309421,1.000455669,8.842569e-4,0,0,0,0,0,0,0,0,0,0
60272.43355485,1.000974266,8.837354e-4,0,0,0,0,0,0,0,0,0,0
60272.43401550,0.999221030,8.840024e-4,0,0,0,0,0,0,0,0,0,0
60272.43447615,1.001756338,8.840742e-4,0,0,0,0,0,0,0,0,0,0
60272.43493680,1.000491264,8.839717e-4,0,0,0,0,0,0,0,0,0,0
60272.43539744,0.999415034,8.832665e-4,0,0,0,0,0,0,0,0,0,0
60272.43585809,0.999807525,8.843675e-4,0,0,0,0,0,0,0,0,0,0
60272.43631874,1.000767013,8.839133e-4,0,0,0,0,0,0,0,0,0,0
60272.43677938,1.000370243,8.836414e-4,0,0,0,0,0,0,0,0,0,0
60272.43724003,1.001250682,8.840836e-4,0,0,0,0,0,0,0,0,0,0
60272.43770068,1.000831754,8.834804e-4,0,0,0,0,0,0,0,0,0,0
60272.43816133,1.000836702,8.841662e-4,0,0,0,0,0,0,0,0,0,0
60272.43862197,0.998655502,8.835383e-4,0,0,0,0,0,0,0,0,0,0
60272.43908262,0.999395762,8.836668e-4,0,0,0,0,0,0,0,0,0,0
60272.43954327,1.000449457,8.837094e-4,0,0,0,0,0,0,0,0,0,0
60272.44000392,0.999494303,8.835383e-4,0,0,0,0,0,0,0,0,0,0
60272.44046456,1.001130693,8.836387e-4,0,0,0,0,0,0,0,0,0,0
60272.44092521,1.000067279,8.840273e-4,0,0,0,0,0,0,0,0,0,0
60272.44138586,1.000262975,8.837404e-4,0,0,0,0,0,0,0,0,0,0
60272.44184650,0.999512592,8.838793e-4,0,0,0,0,0,0,0,0,0,0
60272.44230715,1.000581689,8.857367e-4,0,0,0,0,0,0,0,0,0,0
60272.44276780,0.999616555,8.834725e-4,0,0,0,0,0,0,0,0,0,0
60272.44322845,1.000031452,8.834379e-4,0,0,0,0,0,0,0,0,0,0
60272.44368909,1.000240270,8.842254e-4,0,0,0,0,0,0,0,0,0,0
60272.44414974,0.999255724,8.837471e-4,0,0,0,0,0,0,0,0,0,0
60272.44461039,0.999601844,8.835688e-4,0,0,0,0,0,0,0,0,0,0
60272.44507103,1.000974626,8.836499e-4,0,0,0,0,0,0,0,0,0,0
60272.44553168,0.997289343,8.863825e-4,0,0,0,0,0,0,0,0,0,0
60272.44599233,1.001412849,8.836518e-4,0,0,0,0,0,0,0,0,0,0
60272.44645298,1.001318237,8.837600e-4,0,0,0,0,0,0,0,0,0,0
60272.44691362,1.002137231,8.835644e-4,0,0,0,0,0,0,0,0,0,0
60272.44737427,1.001167198,8.835444e-4,0,0,0,0,0,0,0,0,0,0
60272.44783492,1.000835906,8.834837e-4,0,0,0,0,0,0,0,0,0,0
60272.44829557,0.999540082,8.836477e-4,0,0,0,0,0,0,0,0,0,0
60272.44875621,1.000477147,8.835093e-4,0,0,0,0,0,0,0,0,0,0
60272.44921686,1.000668059,8.840010e-4,0,0,0,0,0,0,0,0,0,0
60272.44967751,1.000709619,8.839469e-4,0,0,0,0,0,0,0,0,0,0
60272.45013815,1.000497066,8.838402e-4,0,0,0,0,0,0,0,0,0,0
60272.45059880,1.000847827,8.833746e-4,0,0,0,0,0,0,0,0,0,0
60272.45105945,1.001294506,8.838647e-4,0,0,0,0,0,0,0,0,0,0
60272.45152010,1.001281714,8.847418e-4,0,0,0,0,0,0,0,0,0,0
60272.45198074,1.001650930,8.831605e-4,0,0,0,0,0,0,0,0,0,0
60272.45244139,1.000782404,8.832062e-4,0,0,0,0,0,0,0,0,0,0
60272.45290204,0.999778573,8.834415e-4,0,0,0,0,0,0,0,0,0,0
60272.45336268,0.999841221,8.835013e-4,0,0,0,0,0,0,0,0,0,0
60272.45382333,0.999027110,8.838267e-4,0,0,0,0,0,0,0,0,0,0
60272.45428398,1.000549842,8.837493e-4,0,0,0,0,0,0,0,0,0,0
60272.45474463,1.000841393,8.838027e-4,0,0,0,0,0,0,0,0,0,0
60272.45520527,1.000585840,8.841346e-4,0,0,0,0,0,0,0,0,0,0
60272.45566592,1.001512022,8.847976e-4,0,0,0,0,0,0,0,0,0,0
60272.45612657,1.000182827,8.837105e-4,0,0,0,0,0,0,0,0,0,0
60272.45658722,1.000779896,8.837234e-4,0,0,0,0,0,0,0,0,0,0
60272.45704786,1.001802008,8.836844e-4,0,0,0,0,0,0,0,0,0,0
60272.45750851,1.000160235,8.836825e-4,0,0,0,0,0,0,0,0,0,0
60272.45796916,0.999014746,8.834803e-4,0,0,0,0,0,0,0,0,0,0
60272.45842980,1.000134655,8.837346e-4,0,0,0,0,0,0,0,0,0,0
60272.45889045,1.000064115,8.837066e-4,0,0,0,0,0,0,0,0,0,0
60272.45935110,1.000614250,8.834678e-4,0,0,0,0,0,0,0,0,0,0
60272.45981175,0.999055289,8.839502e-4,0,0,0,0,0,0,0,0,0,0
60272.46027239,0.999599286,8.833496e-4,0,0,0,0,0,0,0,0,0,0
60272.46073304,0.998509367,8.836067e-4,0,0,0,0,0,0,0,0,0,0
60272.46119369,1.000038980,8.837868e-4,0,0,0,0,0,0,0,0,0,0
60272.46165433,1.000846483,8.838916e-4,0,0,0,0,0,0,0,0,0,0
60272.46211498,0.999669882,8.835538e-4,0,0,0,0,0,0,0,0,0,0
60272.46257563,0.999046632,8.836922e-4,0,0,0,0,0,0,0,0,0,0
60272.46303628,1.001780130,8.836110e-4,0,0,0,0,0,0,0,0,0,0
60272.46349692,1.000207761,8.837177e-4,0,0,0,0,0,0,0,0,0,0
60272.46395757,1.001023429,8.843273e-4,0,0,0,0,0,0,0,0,0,0
60272.46441822,1.001437752,8.841561e-4,0,0,0,0,0,0,0,0,0,0
60272.46487887,0.999005956,8.836680e-4,0,0,0,0,0,0,0,0,0,0
60272.46533951,1.000220892,8.831862e-4,0,0,0,0,0,0,0,0,0,0
60272.46580016,0.999445272,8.834137e-4,0,0,0,0,0,0,0,0,0,0
60272.46626081,0.999866998,8.836777e-4,0,0,0,0,0,0,0,0,0,0
60272.46672145,0.999259628,8.838523e-4,0,0,0,0,0,0,0,0,0,0
60272.46718210,1.000739644,8.836841e-4,0,0,0,0,0,0,0,0,0,0
60272.46764275,1.001175233,8.836539e-4,0,0,0,0,0,0,0,0,0,0
60272.46810340,0.999524063,8.837407e-4,0,0,0,0,0,0,0,0,0,0
60272.46856404,0.999675118,8.838755e-4,0,0,0,0,0,0,0,0,0,0
60272.46902469,1.000309923,8.833605e-4,0,0,0,0,0,0,0,0,0,0
60272.46948534,1.000626842,8.838168e-4,0,0,0,0,0,0,0,0,0,0
60272.46994598,0.999560106,8.837001e-4,0,0,0,0,0,0,0,0,0,0
60272.47040663,1.000584033,8.835977e-4,0,0,0,0,0,0,0,0,0,0
60272.47086728,0.999318851,8.837224e-4,0,0,0,0,0,0,0,0,0,0
60272.47132793,1.001061152,8.838492e-4,0,0,0,0,0,0,0,0,0,0
60272.47178857,1.003730094,8.903576e-4,0,0,0,0,0,0,0,0,0,0
60272.47224922,1.000528163,8.833074e-4,0,0,0,0,0,0,0,0,0,0
60272.47270987,1.000614580,8.839866e-4,0,0,0,0,0,0,0,0,0,0
60272.47317052,1.000381395,8.835363e-4,0,0,0,0,0,0,0,0,0,0
60272.47363116,0.999353572,8.832792e-4,0,0,0,0,0,0,0,0,0,0
60272.47409181,1.001104581,8.835874e-4,0,0,0,0,0,0,0,0,0,0
60272.47455246,0.999947705,8.835130e-4,0,0,0,0,0,0,0,0,0,0
60272.47501310,1.002342938,8.837372e-4,0,0,0,0,0,0,0,0,0,0
60272.47547375,0.999525933,8.834231e-4,0,0,0,0,0,0,0,0,0,0
60272.47593440,1.000694156,8.845168e-4,0,0,0,0,0,0,0,0,0,0
60272.47639505,1.000241252,8.838118e-4,0,0,0,0,0,0,0,0,0,0
60272.47685569,0.999853859,8.840964e-4,0,0,0,0,0,0,0,0,0,0
60272.47731634,1.000772903,8.841398e-4,0,0,0,0,0,0,0,0,0,0
60272.47777699,0.999021600,8.837961e-4,0,0,0,0,0,0,0,0,0,0
60272.47823763,1.000842324,8.834142e-4,0,0,0,0,0,0,0,0,0,0
60272.47869828,1.001754738,8.839089e-4,0,0,0,0,0,0,0,0,0,0
60272.47915893,1.000796970,8.837301e-4,0,0,0,0,0,0,0,0,0,0
60272.47961958,0.998738178,8.836605e-4,0,0,0,0,0,0,0,0,0,0
60272.48008022,1.000375362,8.834116e-4,0,0,0,0,0,0,0,0,0,0
60272.48054087,1.000515056,8.835171e-4,0,0,0,0,0,0,0,0,0,0
60272.48100152,0.999454324,8.832719e-4,0,0,0,0,0,0,0,0,0,0
60272.48146217,1.000001937,8.839405e-4,0,0,0,0,0,0,0,0,0,0
60272.48192281,1.000537020,8.833423e-4,0,0,0,0,0,0,0,0,0,0
60272.48238346,1.000103923,8.835651e-4,0,0,0,0,0,0,0,0,0,0
60272.48284411,1.000390577,8.836981e-4,0,0,0,0,0,0,0,0,0,0
60272.48330475,0.999489964,8.840031e-4,0,0,0,0,0,0,0,0,0,0
60272.48376540,0.998984874,8.834867e-4,0,0,0,0,0,0,0,0,0,0
60272.48422605,0.999437249,8.837035e-4,0,0,0,0,0,0,0,0,0,0
60272.48468670,0.999105975,8.834973e-4,0,0,0,0,0,0,0,0,0,0
60272.48514734,1.001324404,8.836162e-4,0,0,0,0,0,0,0,0,0,0
60272.48560799,1.000278794,8.835116e-4,0,0,0,0,0,0,0,0,0,0
60272.48606864,0.999279360,8.838982e-4,0,0,0,0,0,0,0,0,0,0
60272.48652928,1.000240099,8.836710e-4,0,0,0,0,0,0,0,0,0,0
60272.48698993,1.000030385,8.838839e-4,0,0,0,0,0,0,0,0,0,0
60272.48745058,1.001572993,8.840159e-4,0,0,0,0,0,0,0,0,0,0
60272.48791123,1.001173529,8.833938e-4,0,0,0,0,0,0,0,0,0,0
60272.48837187,1.000360978,8.838916e-4,0,0,0,0,0,0,0,0,0,0
60272.48883252,1.000086306,8.833543e-4,0,0,0,0,0,0,0,0,0,0
60272.48929317,1.000176487,8.840133e-4,0,0,0,0,0,0,0,0,0,0
60272.48975382,1.001072126,8.837470e-4,0,0,0,0,0,0,0,0,0,0
60272.49021446,1.000848596,8.837861e-4,0,0,0,0,0,0,0,0,0,0
60272.49067511,1.000308247,8.834852e-4,0,0,0,0,0,0,0,0,0,0
60272.49113576,0.999993722,8.838636e-4,0,0,0,0,0,0,0,0,0,0
60272.49159640,1.000332034,8.837267e-4,0,0,0,0,0,0,0,0,0,0
60272.49205705,0.998792616,8.832769e-4,0,0,0,0,0,0,0,0,0,0
60272.49251770,0.999935244,8.838084e-4,0,0,0,0,0,0,0,0,0,0
60272.49297835,1.000691601,8.835220e-4,0,0,0,0,0,0,0,0,0,0
60272.49343899,0.998200436,8.840202e-4,0,0,0,0,0,0,0,0,0,0
60272.49389964,1.000131545,8.835698e-4,0,0,0,0,0,0,0,0,0,0
60272.49436029,1.000045217,8.837096e-4,0,0,0,0,0,0,0,0,0,0
60272.49482093,0.999518559,8.838339e-4,0,0,0,0,0,0,0,0,0,0
60272.49528158,1.001819140,8.836869e-4,0,0,0,0,0,0,0,0,0,0
60272.49574223,1.000463727,8.834666e-4,0,0,0,0,0,0,0,0,0,0
60272.49620288,0.999772816,8.838636e-4,0,0,0,0,0,0,0,0,0,0
60272.49666352,1.000716528,8.838315e-4,0,0,0,0,0,0,0,0,0,0
60272.49712417,1.001176974,8.835776e-4,0,0,0,0,0,0,0,0,0,0
60272.49758482,0.999075743,8.836546e-4,0,0,0,0,0,0,0,0,0,0
60272.49804547,1.000861330,8.835119e-4,0,0,0,0,0,0,0,0,0,0
60272.49850611,1.000445242,8.837343e-4,0,0,0,0,0,0,0,0,0,0
60272.49896676,0.999150703,8.837685e-4,0,0,0,0,0,0,0,0,0,0
60272.49942741,1.000350470,8.837158e-4,0,0,0,0,0,0,0,0,0,0
60272.49988805,1.000658301,8.834788e-4,0,0,0,0,0,0,0,0,0,0
60272.50034870,0.999615108,8.838845e-4,0,0,0,0,0,0,0,0,0,0
60272.50080935,1.000050745,8.836049e-4,0,0,0,0,0,0,0,0,0,0
60272.50127000,1.000260186,8.838287e-4,0,0,0,0,0,0,0,0,0,0
60272.50173064,0.999686983,8.833754e-4,0,0,0,0,0,0,0,0,0,0
60272.50219129,1.000842871,8.838299e-4,0,0,0,0,0,0,0,0,0,0
60272.50265194,1.001136862,8.834311e-4,0,0,0,0,0,0,0,0,0,0
60272.50311258,1.001114887,8.835331e-4,0,0,0,0,0,0,0,0,0,0
60272.50357323,0.999769770,8.836953e-4,0,0,0,0,0,0,0,0,0,0
60272.50403388,0.999948698,8.834023e-4,0,0,0,0,0,0,0,0,0,0
60272.50449453,1.001430937,8.835142e-4,0,0,0,0,0,0,0,0,0,0
60272.50495517,1.000113526,8.839576e-4,0,0,0,0,0,0,0,0,0,0
60272.50541582,1.000069059,8.841326e-4,0,0,0,0,0,0,0,0,0,0
60272.50587647,0.999780987,8.835663e-4,0,0,0,0,0,0,0,0,0,0
60272.50633712,0.999677542,8.837597e-4,0,0,0,0,0,0,0,0,0,0
60272.50679776,1.000720087,8.837844e-4,0,0,0,0,0,0,0,0,0,0
60272.50725841,0.998640617,8.838768e-4,0,0,0,0,0,0,0,0,0,0
60272.50771906,1.001040841,8.837821e-4,0,0,0,0,0,0,0,0,0,0
60272.50817970,0.999066872,8.835103e-4,0,0,0,0,0,0,0,0,0,0
60272.50864035,1.002201469,8.835301e-4,0,0,0,0,0,0,0,0,0,0
60272.50910100,0.999207288,8.839731e-4,0,0,0,0,0,0,0,0,0,0
60272.50956165,1.000817167,8.834092e-4,0,0,0,0,0,0,0,0,0,0
60272.51002229,1.000378719,8.836811e-4,0,0,0,0,0,0,0,0,0,0
60272.51048294,0.999586852,8.862607e-4,0,0,0,0,0,0,0,0,0,0
60272.51094359,0.999854964,8.837721e-4,0,0,0,0,0,0,0,0,0,0
60272.51140423,1.000448394,8.835067e-4,0,0,0,0,0,0,0,0,0,0
60272.51186488,1.001047265,8.837897e-4,0,0,0,0,0,0,0,0,0,0
60272.51232553,0.999964322,8.834941e-4,0,0,0,0,0,0,0,0,0,0
60272.51278618,1.001234215,8.835599e-4,0,0,0,0,0,0,0,0,0,0
60272.51324682,1.001619614,8.839630e-4,0,0,0,0,0,0,0,0,0,0
60272.51370747,0.999917103,8.838253e-4,0,0,0,0,0,0,0,0,0,0
60272.51416812,1.000408687,8.835716e-4,0,0,0,0,0,0,0,0,0,0
60272.51462877,1.000547939,8.839579e-4,0,0,0,0,0,0,0,0,0,0
60272.51508941,0.999474526,8.841209e-4,0,0,0,0,0,0,0,0,0,0
60272.51555006,1.001081592,8.835261e-4,0,0,0,0,0,0,0,0,0,0
60272.51601071,1.000739593,8.838395e-4,0,0,0,0,0,0,0,0,0,0
60272.51647135,1.001416719,8.838484e-4,0,0,0,0,0,0,0,0,0,0
60272.51693200,1.000191997,8.836413e-4,0,0,0,0,0,0,0,0,0,0
60272.51739265,0.999832609,8.835930e-4,0,0,0,0,0,0,0,0,0,0
60272.51785330,0.999272947,8.836242e-4,0,0,0,0,0,0,0,0,0,0
60272.51831394,1.000828326,8.837214e-4,0,0,0,0,0,0,0,0,0,0
60272.51877459,1.000396691,8.834068e-4,0,0,0,0,0,0,0,0,0,0
60272.51923524,0.999464927,8.833943e-4,0,0,0,0,0,0,0,0,0,0
60272.51969588,1.000277409,8.838508e-4,0,0,0,0,0,0,0,0,0,0
60272.52015653,1.000227201,8.836666e-4,0,0,0,0,0,0,0,0,0,0
60272.52061718,1.000418683,8.837264e-4,0,0,0,0,0,0,0,0,0,0
60272.52107783,1.000651254,8.835429e-4,0,0,0,0,0,0,0,0,0,0
60272.52153847,1.001171328,8.836406e-4,0,0,0,0,0,0,0,0,0,0
60272.52199912,0.999853935,8.840006e-4,0,0,0,0,0,0,0,0,0,0
60272.52245977,0.999255913,8.834333e-4,0,0,0,0,0,0,0,0,0,0
60272.52292041,0.999723367,8.847048e-4,0,0,0,0,0,0,0,0,0,0
60272.52338106,0.999073737,8.834366e-4,0,0,0,0,0,0,0,0,0,0
60272.52384171,0.999555557,8.837872e-4,0,0,0,0,0,0,0,0,0,0
60272.52430236,0.998897810,8.832666e-4,0,0,0,0,0,0,0,0,0,0
60272.52476300,1.000514790,8.834866e-4,0,0,0,0,0,0,0,0,0,0
60272.52522365,0.999825892,8.838449e-4,0,0,0,0,0,0,0,0,0,0
60272.52568430,1.000715396,8.837752e-4,0,0,0,0,0,0,0,0,0,0
60272.52614495,0.998945738,8.841772e-4,0,0,0,0,0,0,0,0,0,0
60272.52660559,0.999888045,8.839216e-4,0,0,0,0,0,0,0,0,0,0
60272.52706624,0.998474003,8.833502e-4,0,0,0,0,0,0,0,0,0,0
60272.52752689,1.000052482,8.833951e-4,0,0,0,0,0,0,0,0,0,0
60272.52798753,1.000460145,8.839299e-4,0,0,0,0,0,0,0,0,0,0
60272.52844818,0.999805010,8.840549e-4,0,0,0,0,0,0,0,0,0,0
60272.52890883,1.000031572,8.837891e-4,0,0,0,0,0,0,0,0,0,0
60272.52936948,1.000031614,8.837637e-4,0,0,0,0,0,0,0,0,0,0
60272.52983012,1.000568832,8.838674e-4,0,0,0,0,0,0,0,0,0,0
60272.53029077,1.000974971,8.835181e-4,0,0,0,0,0,0,0,0,0,0
60272.53075142,1.000676090,8.839034e-4,0,0,0,0,0,0,0,0,0,0
60272.53121206,1.000647802,8.837121e-4,0,0,0,0,0,0,0,0,0,0
60272.53167271,0.999483333,8.834605e-4,0,0,0,0,0,0,0,0,0,0
60272.53213336,1.001377006,8.836046e-4,0,0,0,0,0,0,0,0,0,0
60272.53259401,0.999113478,8.839144e-4,0,0,0,0,0,0,0,0,0,0
60272.53305465,0.999443689,8.834350e-4,0,0,0,0,0,0,0,0,0,0
60272.53351530,0.999834930,8.840142e-4,0,0,0,0,0,0,0,0,0,0
60272.53397595,1.000739645,8.832790e-4,0,0,0,0,0,0,0,0,0,0
60272.53443660,1.000043816,8.840331e-4,0,0,0,0,0,0,0,0,0,0
60272.53489724,1.001770154,8.836924e-4,0,0,0,0,0,0,0,0,0,0
60272.53535789,1.001311202,8.833656e-4,0,0,0,0,0,0,0,0,0,0
60272.53581854,1.001124587,8.836189e-4,0,0,0,0,0,0,0,0,0,0
60272.53627918,0.999796254,8.836733e-4,0,0,0,0,0,0,0,0,0,0
60272.53673983,1.001010322,8.838313e-4,0,0,0,0,0,0,0,0,0,0
60272.53720048,1.000998345,8.836241e-4,0,0,0,0,0,0,0,0,0,0
60272.53766113,1.000315746,8.838041e-4,0,0,0,0,0,0,0,0,0,0
60272.53812177,1.000585779,8.839336e-4,0,0,0,0,0,0,0,0,0,0
60272.53858242,0.999358011,8.834039e-4,0,0,0,0,0,0,0,0,0,0
60272.53904307,0.999086042,8.836372e-4,0,0,0,0,0,0,0,0,0,0
60272.53950371,1.000527886,8.834923e-4,0,0,0,0,0,0,0,0,0,0
60272.53996436,1.001102670,8.837832e-4,0,0,0,0,0,0,0,0,0,0
60272.54042501,0.999833422,8.836120e-4,0,0,0,0,0,0,0,0,0,0
60272.54088566,0.999522049,8.836012e-4,0,0,0,0,0,0,0,0,0,0
60272.54134630,1.000755620,8.835981e-4,0,0,0,0,0,0,0,0,0,0
60272.54180695,0.999948911,8.837612e-4,0,0,0,0,0,0,0,0,0,0
60272.54226760,1.000024056,8.838970e-4,0,0,0,0,0,0,0,0,0,0
60272.54272824,1.000983372,8.834768e-4,0,0,0,0,0,0,0,0,0,0
60272.54318889,0.999193345,8.855593e-4,0,0,0,0,0,0,0,0,0,0
60272.54364954,0.999765827,8.835951e-4,0,0,0,0,0,0,0,0,0,0
60272.54411019,1.002031219,8.836600e-4,0,0,0,0,0,0,0,0,0,0
60272.54457083,1.000210946,8.835152e-4,0,0,0,0,0,0,0,0,0,0
60272.54503148,1.002037076,8.835807e-4,0,0,0,0,0,0,0,0,0,0
60272.54549213,0.999515180,8.840220e-4,0,0,0,0,0,0,0,0,0,0
60272.54595278,0.998826295,8.832707e-4,0,0,0,0,0,0,0,0,0,0
60272.54641342,0.999931635,8.837745e-4,0,0,0,0,0,0,0,0,0,0
60272.54687407,1.000010538,8.835044e-4,0,0,0,0,0,0,0,0,0,0
60272.54733472,0.999484444,8.831673e-4,0,0,0,0,0,0,0,0,0,0
60272.54779536,1.000306121,8.837274e-4,0,0,0,0,0,0,0,0,0,0
60272.54825601,1.000243814,8.838214e-4,0,0,0,0,0,0,0,0,0,0
60272.54871666,1.000105044,8.833413e-4,0,0,0,0,0,0,0,0,0,0
60272.54917731,0.999250925,8.834479e-4,0,0,0,0,0,0,0,0,0,0
60272.54963795,1.000190845,8.836115e-4,0,0,0,0,0,0,0,0,0,0
60272.55009860,1.000248809,8.837692e-4,0,0,0,0,0,0,0,0,0,0
60272.55055925,1.001062775,8.833694e-4,0,0,0,0,0,0,0,0,0,0
60272.55101989,1.000178034,8.831894e-4,0,0,0,0,0,0,0,0,0,0
60272.55148054,1.000791059,8.854842e-4,0,0,0,0,0,0,0,0,0,0
60272.55194119,0.998881957,8.835090e-4,0,0,0,0,0,0,0,0,0,0
60272.55240184,1.001037774,8.834180e-4,0,0,0,0,0,0,0,0,0,0
60272.55286248,1.000969729,8.835508e-4,0,0,0,0,0,0,0,0,0,0
60272.55332313,1.000192572,8.841171e-4,0,0,0,0,0,0,0,0,0,0
60272.55378378,1.000343430,8.838379e-4,0,0,0,0,0,0,0,0,0,0
60272.55424443,0.998576899,8.833963e-4,0,0,0,0,0,0,0,0,0,0
60272.55470507,1.001818677,8.834445e-4,0,0,0,0,0,0,0,0,0,0
60272.55516572,1.002223357,8.831388e-4,0,0,0,0,0,0,0,0,0,0
60272.55562637,0.999156553,8.833988e-4,0,0,0,0,0,0,0,0,0,0
60272.55608701,0.998792034,8.872903e-4,0,0,0,0,0,0,0,0,0,0
60272.55654766,0.999786530,8.837066e-4,0,0,0,0,0,0,0,0,0,0
60272.55700831,1.000370836,8.834639e-4,0,0,0,0,0,0,0,0,0,0
60272.55746896,0.998827167,8.833531e-4,0,0,0,0,0,0,0,0,0,0
60272.55792960,0.999999167,8.831520e-4,0,0,0,0,0,0,0,0,0,0
60272.55839025,0.999964166,8.830696e-4,0,0,0,0,0,0,0,0,0,0
60272.55885090,0.999509369,8.834940e-4,0,0,0,0,0,0,0,0,0,0
60272.55931154,1.000489210,8.837683e-4,0,0,0,0,0,0,0,0,0,0
60272.55977219,0.999626756,8.838509e-4,0,0,0,0,0,0,0,0,0,0
60272.56023284,1.000724500,8.834140e-4,0,0,0,0,0,0,0,0,0,0
60272.56069349,0.999083296,8.833719e-4,0,0,0,0,0,0,0,0,0,0
60272.56115413,1.000387662,8.835321e-4,0,0,0,0,0,0,0,0,0,0
60272.56161478,0.999221479,8.836098e-4,0,0,0,0,0,0,0,0,0,0
60272.56207543,0.999932707,8.834766e-4,0,0,0,0,0,0,0,0,0,0
60272.56253607,1.000482124,8.839985e-4,0,0,0,0,0,0,0,0,0,0
60272.56299672,0.999642760,8.834414e-4,0,0,0,0,0,0,0,0,0,0
60272.56345737,0.999858122,8.832223e-4,0,0,0,0,0,0,0,0,0,0
60272.56391802,0.998855756,8.834473e-4,0,0,0,0,0,0,0,0,0,0
60272.56437866,1.001162434,8.835284e-4,0,0,0,0,0,0,0,0,0,0
60272.56483931,1.000819285,8.836974e-4,0,0,0,0,0,0,0,0,0,0
60272.56529996,1.000183351,8.839656e-4,0,0,0,0,0,0,0,0,0,0
60272.56576061,1.000504738,8.834127e-4,0,0,0,0,0,0,0,0,0,0
60272.56622125,1.000016026,8.836127e-4,0,0,0,0,0,0,0,0,0,0
60272.56668190,0.999825567,8.833432e-4,0,0,0,0,0,0,0,0,0,0
60272.56714255,1.000370049,8.837467e-4,0,0,0,0,0,0,0,0,0,0
60272.56760319,0.999402800,8.839233e-4,0,0,0,0,0,0,0,0,0,0
60272.56806384,0.999062582,8.834578e-4,0,0,0,0,0,0,0,0,0,0
60272.56852449,0.999612949,8.835175e-4,0,0,0,0,0,0,0,0,0,0
60272.56898514,0.999472254,8.834874e-4,0,0,0,0,0,0,0,0,0,0
60272.56944578,1.000326154,8.836403e-4,0,0,0,0,0,0,0,0,0,0
60272.56990643,0.999614138,8.840434e-4,0,0,0,0,0,0,0,0,0,0
60272.57036708,1.000286455,8.835256e-4,0,0,0,0,0,0,0,0,0,0
60272.57082772,0.999895388,8.836408e-4,0,0,0,0,0,0,0,0,0,0
60272.57128837,1.001582999,8.834767e-4,0,0,0,0,0,0,0,0,0,0
60272.57174902,1.001768556,8.839612e-4,0,0,0,0,0,0,0,0,0,0
60272.57220967,1.000402492,8.850116e-4,0,0,0,0,0,0,0,0,0,0
60272.57267031,0.999783316,8.830517e-4,0,0,0,0,0,0,0,0,0,0
60272.57313096,1.000743956,8.842062e-4,0,0,0,0,0,0,0,0,0,0
60272.57359161,1.000591138,8.835709e-4,0,0,0,0,0,0,0,0,0,0
60272.57405225,0.998046009,8.836241e-4,0,0,0,0,0,0,0,0,0,0
60272.57451290,0.998745976,8.839633e-4,0,0,0,0,0,0,0,0,0,0
60272.57497355,1.001390850,8.838413e-4,0,0,0,0,0,0,0,0,0,0
60272.57543420,1.000341985,8.840141e-4,0,0,0,0,0,0,0,0,0,0
60272.57589484,1.000088226,8.836257e-4,0,0,0,0,0,0,0,0,0,0
60272.57635549,1.000290425,8.837060e-4,0,0,0,0,0,0,0,0,0,0
60272.57681614,0.999821068,8.835410e-4,0,0,0,0,0,0,0,0,0,0
60272.57727679,1.000644756,8.860588e-4,0,0,0,0,0,0,0,0,0,0
60272.57773743,0.999811550,8.839396e-4,0,0,0,0,0,0,0,0,0,0
60272.57819808,1.000329467,8.838880e-4,0,0,0,0,0,0,0,0,0,0
60272.57865873,1.001634514,8.835587e-4,0,0,0,0,0,0,0,0,0,0
60272.57911937,0.999012338,8.840591e-4,0,0,0,0,0,0,0,0,0,0
60272.57958002,0.999370473,8.837431e-4,0,0,0,0,0,0,0,0,0,0
60272.58004067,1.000313316,8.836789e-4,0,0,0,0,0,0,0,0,0,0
60272.58050132,1.000614596,8.841644e-4,0,0,0,0,0,0,0,0,0,0
60272.58096196,1.001179540,8.838763e-4,0,0,0,0,0,0,0,0,0,0
60272.58142261,0.999962626,8.838018e-4,0,0,0,0,0,0,0,0,0,0
60272.58188326,0.999552408,8.832925e-4,0,0,0,0,0,0,0,0,0,0
60272.58234390,1.000771706,8.839473e-4,0,0,0,0,0,0,0,0,0,0
60272.58280455,1.000255311,8.833696e-4,0,0,0,0,0,0,0,0,0,0
60272.58326520,1.000734292,8.838012e-4,0,0,0,0,0,0,0,0,0,0
60272.58372585,1.000515793,8.837730e-4,0,0,0,0,0,0,0,0,0,0
60272.58418649,0.999448217,8.835511e-4,0,0,0,0,0,0,0,0,0,0
60272.58464714,0.999723490,8.833618e-4,0,0,0,0,0,0,0,0,0,0
60272.58510779,1.000302726,8.836091e-4,0,0,0,0,0,0,0,0,0,0
60272.58556843,0.999346754,8.835037e-4,0,0,0,0,0,0,0,0,0,0
60272.58602908,1.001169227,8.850510e-4,0,0,0,0,0,0,0,0,0,0
60272.58648973,1.000647960,8.837756e-4,0,0,0,0,0,0,0,0,0,0
60272.58695038,0.998725850,8.837385e-4,0,0,0,0,0,0,0,0,0,0
60272.58741102,1.000540589,8.836424e-4,0,0,0,0,0,0,0,0,0,0
60272.58787167,1.002090369,8.835081e-4,0,0,0,0,0,0,0,0,0,0
60272.58833232,0.999191169,8.837755e-4,0,0,0,0,0,0,0,0,0,0
60272.58879297,1.001523454,8.836449e-4,0,0,0,0,0,0,0,0,0,0
60272.58925361,0.997998135,8.838860e-4,0,0,0,0,0,0,0,0,0,0
60272.58971426,0.998213437,8.840393e-4,0,0,0,0,0,0,0,0,0,0
60272.59017491,1.000206423,8.834483e-4,0,0,0,0,0,0,0,0,0,0
60272.59063555,1.000232890,8.838183e-4,0,0,0,0,0,0,0,0,0,0
60272.59109620,0.999827039,8.836382e-4,0,0,0,0,0,0,0,0,0,0
60272.59155685,1.000791010,8.838602e-4,0,0,0,0,0,0,0,0,0,0
60272.59201750,1.001125404,8.838322e-4,0,0,0,0,0,0,0,0,0,0
60272.59247814,1.000193411,8.839730e-4,0,0,0,0,0,0,0,0,0,0
60272.59293879,1.001048870,8.839813e-4,0,0,0,0,0,0,0,0,0,0
60272.59339944,0.999242785,8.839557e-4,0,0,0,0,0,0,0,0,0,0
60272.59386008,1.001337094,8.837700e-4,0,0,0,0,0,0,0,0,0,0
60272.59432073,0.999567524,8.837674e-4,0,0,0,0,0,0,0,0,0,0
60272.59478138,1.001544906,8.836354e-4,0,0,0,0,0,0,0,0,0,0
60272.59524203,0.998974785,8.836034e-4,0,0,0,0,0,0,0,0,0,0
60272.59570267,1.000924168,8.840502e-4,0,0,0,0,0,0,0,0,0,0
60272.59616332,0.999820295,8.837239e-4,0,0,0,0,0,0,0,0,0,0
60272.59662397,1.000168978,8.837396e-4,0,0,0,0,0,0,0,0,0,0
60272.59708461,1.000541825,8.834548e-4,0,0,0,0,0,0,0,0,0,0
60272.59754526,1.001221170,8.836898e-4,0,0,0,0,0,0,0,0,0,0
60272.59800591,0.999921886,8.841818e-4,0,0,0,0,0,0,0,0,0,0
60272.59846656,1.001746640,8.838997e-4,0,0,0,0,0,0,0,0,0,0
60272.59892720,0.999772550,8.838103e-4,0,0,0,0,0,0,0,0,0,0
60272.59938785,1.000665278,8.835596e-4,0,0,0,0,0,0,0,0,0,0
60272.59984850,1.000640603,8.844051e-4,0,0,0,0,0,0,0,0,0,0
60272.60030915,0.999948952,8.842637e-4,0,0,0,0,0,0,0,0,0,0
60272.60076979,1.000050933,8.837165e-4,0,0,0,0,0,0,0,0,0,0
60272.60123044,0.999721686,8.841845e-4,0,0,0,0,0,0,0,0,0,0
60272.60169109,0.996503237,8.861354e-4,0,0,0,0,0,0,0,0,0,0
60272.60215173,0.998435078,8.840663e-4,0,0,0,0,0,0,0,0,0,0
60272.60261238,0.999289472,8.838065e-4,0,0,0,0,0,0,0,0,0,0
60272.60307303,1.001756339,8.835139e-4,0,0,0,0,0,0,0,0,0,0
60272.60353368,1.000005740,8.836962e-4,0,0,0,0,0,0,0,0,0,0
60272.60399432,0.999830016,8.838422e-4,0,0,0,0,0,0,0,0,0,0
60272.60445497,0.999631246,8.838223e-4,0,0,0,0,0,0,0,0,0,0
60272.60491562,0.998904796,8.838093e-4,0,0,0,0,0,0,0,0,0,0
60272.60537626,1.000767387,8.842201e-4,0,0,0,0,0,0,0,0,0,0
60272.60583691,1.000332501,8.839774e-4,0,0,0,0,0,0,0,0,0,0
60272.60629756,0.999745915,8.838628e-4,0,0,0,0,0,0,0,0,0,0
60272.60675821,1.001400783,8.838089e-4,0,0,0,0,0,0,0,0,0,0
60272.60721885,0.999542895,8.840663e-4,0,0,0,0,0,0,0,0,0,0
60272.60767950,0.999354413,8.839089e-4,0,0,0,0,0,0,0,0,0,0
60272.60814015,0.999053320,8.836421e-4,0,0,0,0,0,0,0,0,0,0
60272.60860079,1.000403588,8.845823e-4,0,0,0,0,0,0,0,0,0,0
60272.60906144,1.001414781,8.840066e-4,0,0,0,0,0,0,0,0,0,0
60272.60952209,1.001665128,8.838137e-4,0,0,0,0,0,0,0,0,0,0
60272.60998274,1.001755770,8.836334e-4,0,0,0,0,0,0,0,0,0,0
60272.61044338,0.999441960,8.840699e-4,0,0,0,0,0,0,0,0,0,0
60272.61090403,0.999697476,8.838009e-4,0,0,0,0,0,0,0,0,0,0
60272.61136468,0.998409066,8.835184e-4,0,0,0,0,0,0,0,0,0,0
60272.61182533,0.999871049,8.840810e-4,0,0,0,0,0,0,0,0,0,0
60272.61228597,1.000277829,8.837887e-4,0,0,0,0,0,0,0,0,0,0
60272.61274662,0.999316153,8.838716e-4,0,0,0,0,0,0,0,0,0,0
60272.61320727,0.999066913,8.836429e-4,0,0,0,0,0,0,0,0,0,0
60272.61366791,1.000736148,8.840628e-4,0,0,0,0,0,0,0,0,0,0
60272.61412856,1.000414157,8.837863e-4,0,0,0,0,0,0,0,0,0,0
60272.61458921,1.000477333,8.840366e-4,0,0,0,0,0,0,0,0,0,0
60272.61504986,1.000175341,8.834892e-4,0,0,0,0,0,0,0,0,0,0
60272.61551050,0.999275128,8.848025e-4,0,0,0,0,0,0,0,0,0,0
60272.61597115,0.999534733,8.836593e-4,0,0,0,0,0,0,0,0,0,0
60272.61643180,0.999997413,8.839948e-4,0,0,0,0,0,0,0,0,0,0
60272.61689244,0.999156425,8.841772e-4,0,0,0,0,0,0,0,0,0,0
60272.61735309,0.998268527,8.841165e-4,0,0,0,0,0,0,0,0,0,0
60272.61781374,1.001093502,8.838046e-4,0,0,0,0,0,0,0,0,0,0
60272.61827439,1.000358435,8.839251e-4,0,0,0,0,0,0,0,0,0,0
60272.61873503,0.999947848,8.839977e-4,0,0,0,0,0,0,0,0,0,0
60272.61919568,0.999938280,8.840764e-4,0,0,0,0,0,0,0,0,0,0
60272.61965633,1.000841943,8.834432e-4,0,0,0,0,0,0,0,0,0,0
60272.62011697,0.999484185,8.837909e-4,0,0,0,0,0,0,0,0,0,0
60272.62057762,1.000508742,8.837284e-4,0,0,0,0,0,0,0,0,0,0
60272.62103827,1.000394447,8.838786e-4,0,0,0,0,0,0,0,0,0,0
60272.62149892,1.001316879,8.837549e-4,0,0,0,0,0,0,0,0,0,0
60272.62195956,1.000033266,8.841254e-4,0,0,0,0,0,0,0,0,0,0
60272.62242021,1.000291527,8.838472e-4,0,0,0,0,0,0,0,0,0,0
60272.62288086,0.999559146,8.836855e-4,0,0,0,0,0,0,0,0,0,0
60272.62334151,1.000684897,8.847262e-4,0,0,0,0,0,0,0,0,0,0
60272.62380215,1.001979442,8.839297e-4,0,0,0,0,0,0,0,0,0,0
60272.62426280,1.000396317,8.843622e-4,0,0,0,0,0,0,0,0,0,0
60272.62472345,1.000830122,8.839340e-4,0,0,0,0,0,0,0,0,0,0
60272.62518409,1.000014707,8.838897e-4,0,0,0,0,0,0,0,0,0,0
60272.62564474,0.998156343,8.847589e-4,0,0,0,0,0,0,0,0,0,0
60272.62610539,1.000926274,8.841357e-4,0,0,0,0,0,0,0,0,0,0
60272.62656604,0.999672380,8.840200e-4,0,0,0,0,0,0,0,0,0,0
60272.62702668,0.998613314,8.837217e-4,0,0,0,0,0,0,0,0,0,0
60272.62748733,1.001337507,8.840002e-4,0,0,0,0,0,0,0,0,0,0
60272.62794798,0.999932736,8.836251e-4,0,0,0,0,0,0,0,0,0,0
60272.62840862,0.998892921,8.833965e-4,0,0,0,0,0,0,0,0,0,0
60272.62886927,0.999566267,8.835291e-4,0,0,0,0,0,0,0,0,0,0
60272.62932992,1.000717377,8.836917e-4,0,0,0,0,0,0,0,0,0,0
60272.62979057,1.000493879,8.836200e-4,0,0,0,0,0,0,0,0,0,0
60272.63025121,1.000197823,8.837150e-4,0,0,0,0,0,0,0,0,0,0
60272.63071186,1.000215768,8.837466e-4,0,0,0,0,0,0,0,0,0,0
60272.63117251,0.997893488,8.840040e-4,0,0,0,0,0,0,0,0,0,0
60272.63163315,0.999940830,8.840945e-4,0,0,0,0,0,0,0,0,0,0
60272.63209380,0.998983387,8.837563e-4,0,0,0,0,0,0,0,0,0,0
60272.63255445,0.998819246,8.839564e-4,0,0,0,0,0,0,0,0,0,0
60272.63301510,1.002083976,8.839401e-4,0,0,0,0,0,0,0,0,0,0
60272.63347574,0.999708098,8.841322e-4,0,0,0,0,0,0,0,0,0,0
60272.63393639,0.999190968,8.836806e-4,0,0,0,0,0,0,0,0,0,0
60272.63439704,0.999703793,8.841772e-4,0,0,0,0,0,0,0,0,0,0
60272.63485768,1.000397513,8.839568e-4,0,0,0,0,0,0,0,0,0,0
60272.63531833,1.000011282,8.836789e-4,0,0,0,0,0,0,0,0,0,0
60272.63577898,1.001802512,8.838854e-4,0,0,0,0,0,0,0,0,0,0
60272.63623963,1.002568582,8.838928e-4,0,0,0,0,0,0,0,0,0,0
60272.63670027,1.000318604,8.841179e-4,0,0,0,0,0,0,0,0,0,0
60272.63716092,1.000612439,8.838373e-4,0,0,0,0,0,0,0,0,0,0
60272.63762157,1.000070068,8.838757e-4,0,0,0,0,0,0,0,0,0,0
60272.63808222,1.000734329,8.839186e-4,0,0,0,0,0,0,0,0,0,0
60272.63854286,1.000587822,8.839857e-4,0,0,0,0,0,0,0,0,0,0
60272.63900351,0.999883345,8.839363e-4,0,0,0,0,0,0,0,0,0,0
60272.63946416,1.000085575,8.840046e-4,0,0,0,0,0,0,0,0,0,0
60272.63992480,1.001462526,8.837019e-4,0,0,0,0,0,0,0,0,0,0
60272.64038545,1.000825905,8.839643e-4,0,0,0,0,0,0,0,0,0,0
60272.64084610,0.999373452,8.836076e-4,0,0,0,0,0,0,0,0,0,0
60272.64130675,1.000195897,8.840067e-4,0,0,0,0,0,0,0,0,0,0
60272.64176739,0.999388214,8.839229e-4,0,0,0,0,0,0,0,0,0,0
60272.64222804,0.999561132,8.835936e-4,0,0,0,0,0,0,0,0,0,0
60272.64268869,0.999209204,8.838644e-4,0,0,0,0,0,0,0,0,0,0
60272.64314933,1.002087713,8.841493e-4,0,0,0,0,0,0,0,0,0,0
60272.64360998,0.999083215,8.838586e-4,0,0,0,0,0,0,0,0,0,0
60272.64407063,1.000106881,8.839648e-4,0,0,0,0,0,0,0,0,0,0
60272.64453128,0.999978263,8.842514e-4,0,0,0,0,0,0,0,0,0,0
60272.64499192,0.999633833,8.843123e-4,0,0,0,0,0,0,0,0,0,0
60272.64545257,1.001482300,8.845150e-4,0,0,0,0,0,0,0,0,0,0
60272.64591322,1.000084276,8.842365e-4,0,0,0,0,0,0,0,0,0,0
60272.64637386,1.000271374,8.837629e-4,0,0,0,0,0,0,0,0,0,0
60272.64683451,0.999922331,8.836850e-4,0,0,0,0,0,0,0,0,0,0
60272.64729516,1.000245960,8.839210e-4,0,0,0,0,0,0,0,0,0,0
60272.64775581,0.998889310,8.840878e-4,0,0,0,0,0,0,0,0,0,0
60272.64821645,1.000459565,8.836095e-4,0,0,0,0,0,0,0,0,0,0
60272.64867710,0.999393928,8.838761e-4,0,0,0,0,0,0,0,0,0,0
60272.64913775,1.000929479,8.842896e-4,0,0,0,0,0,0,0,0,0,0
60272.64959839,0.998623307,8.842689e-4,0,0,0,0,0,0,0,0,0,0
60272.65005904,1.000052019,8.838683e-4,0,0,0,0,0,0,0,0,0,0
60272.65051969,0.998486994,8.842323e-4,0,0,0,0,0,0,0,0,0,0
60272.65098034,1.000821989,8.843693e-4,0,0,0,0,0,0,0,0,0,0
60272.65144098,0.999402183,8.839805e-4,0,0,0,0,0,0,0,0,0,0
60272.65190163,0.998591864,8.837418e-4,0,0,0,0,0,0,0,0,0,0
60272.65236228,1.001179586,8.853404e-4,0,0,0,0,0,0,0,0,0,0
60272.65282293,1.000828648,8.836597e-4,0,0,0,0,0,0,0,0,0,0
60272.65328357,0.999859925,8.838593e-4,0,0,0,0,0,0,0,0,0,0
60272.65374422,0.999579018,8.837034e-4,0,0,0,0,0,0,0,0,0,0
60272.65420487,1.000681319,8.839326e-4,0,0,0,0,0,0,0,0,0,0
60272.65466551,0.999115217,8.836143e-4,0,0,0,0,0,0,0,0,0,0
60272.65512616,1.000614277,8.838921e-4,0,0,0,0,0,0,0,0,0,0
60272.65558681,1.000407794,8.839987e-4,0,0,0,0,0,0,0,0,0,0
60272.65604746,0.999863081,8.838353e-4,0,0,0,0,0,0,0,0,0,0
60272.65650810,1.000583026,8.836834e-4,0,0,0,0,0,0,0,0,0,0
60272.65696875,0.998752528,8.838784e-4,0,0,0,0,0,0,0,0,0,0
60272.65742940,0.998748323,8.839305e-4,0,0,0,0,0,0,0,0,0,0
60272.65789004,0.998552447,8.840190e-4,0,0,0,0,0,0,0,0,0,0
60272.65835069,1.000174066,8.840597e-4,0,0,0,0,0,0,0,0,0,0
60272.65881134,0.998207290,8.838446e-4,0,0,0,0,0,0,0,0,0,0
60272.65927199,1.000700024,8.841475e-4,0,0,0,0,0,0,0,0,0,0
60272.65973263,1.000051641,8.839076e-4,0,0,0,0,0,0,0,0,0,0
60272.66019328,0.999582069,8.837626e-4,0,0,0,0,0,0,0,0,0,0
60272.66065393,1.000047927,8.838666e-4,0,0,0,0,0,0,0,0,0,0
60272.66111457,1.000642915,8.853977e-4,0,0,0,0,0,0,0,0,0,0
60272.66157522,0.999248797,8.839804e-4,0,0,0,0,0,0,0,0,0,0
60272.66203587,1.000024781,8.836293e-4,0,0,0,0,0,0,0,0,0,0
60272.66249652,0.999763452,8.836019e-4,0,0,0,0,0,0,0,0,0,0
60272.66295716,1.000440488,8.837950e-4,0,0,0,0,0,0,0,0,0,0
60272.66341781,1.000116126,8.843740e-4,0,0,0,0,0,0,0,0,0,0
60272.66387846,0.999139384,8.838052e-4,0,0,0,0,0,0,0,0,0,0
60272.66433910,1.000183012,8.839871e-4,0,0,0,0,0,0,0,0,0,0
60272.66479975,1.000703942,8.836177e-4,0,0,0,0,0,0,0,0,0,0
60272.66526040,1.000819378,8.840739e-4,0,0,0,0,0,0,0,0,0,0
60272.66572105,0.998866289,8.839418e-4,0,0,0,0,0,0,0,0,0,0
60272.66618169,1.000268968,8.837424e-4,0,0,0,0,0,0,0,0,0,0
60272.66664234,0.999682126,8.841651e-4,0,0,0,0,0,0,0,0,0,0
60272.66710299,1.000259440,8.838330e-4,0,0,0,0,0,0,0,0,0,0
60272.66756364,1.000599126,8.838109e-4,0,0,0,0,0,0,0,0,0,0
60272.66802428,1.000513763,8.841935e-4,0,0,0,0,0,0,0,0,0,0
60272.66848493,1.000480418,8.841938e-4,0,0,0,0,0,0,0,0,0,0
60272.66894558,1.000199238,8.842745e-4,0,0,0,0,0,0,0,0,0,0
60272.66940622,1.001860408,8.839626e-4,0,0,0,0,0,0,0,0,0,0
60272.66986687,0.999241139,8.842097e-4,0,0,0,0,0,0,0,0,0,0
60272.67032752,1.000461215,8.839601e-4,0,0,0,0,0,0,0,0,0,0
60272.67078817,1.001360327,8.843151e-4,0,0,0,0,0,0,0,0,0,0
60272.67124881,1.001856109,8.842690e-4,0,0,0,0,0,0,0,0,0,0
60272.67170946,1.000004768,8.837411e-4,0,0,0,0,0,0,0,0,0,0
60272.67217011,1.000164640,8.840516e-4,0,0,0,0,0,0,0,0,0,0
60272.67263075,1.000199679,8.840270e-4,0,0,0,0,0,0,0,0,0,0
60272.67309140,0.998609526,8.851772e-4,0,0,0,0,0,0,0,0,0,0
60272.67355205,1.000038119,8.838245e-4,0,0,0,0,0,0,0,0,0,0
60272.67401270,1.001021110,8.837123e-4,0,0,0,0,0,0,0,0,0,0
60272.67447334,1.000391810,8.838340e-4,0,0,0,0,0,0,0,0,0,0
60272.67493399,1.000568198,8.839386e-4,0,0,0,0,0,0,0,0,0,0
60272.67539464,0.999254346,8.838670e-4,0,0,0,0,0,0,0,0,0,0
60272.67585528,1.000383236,8.842301e-4,0,0,0,0,0,0,0,0,0,0
60272.67631593,0.999260624,8.842057e-4,0,0,0,0,0,0,0,0,0,0
60272.67677658,0.999792459,8.843363e-4,0,0,0,0,0,0,0,0,0,0
60272.67723723,0.999437558,8.839320e-4,0,0,0,0,0,0,0,0,0,0
60272.67769787,1.001082164,8.840005e-4,0,0,0,0,0,0,0,0,0,0
60272.67815852,1.001922789,8.840641e-4,0,0,0,0,0,0,0,0,0,0
60272.67861917,0.999178550,8.840896e-4,0,0,0,0,0,0,0,0,0,0
60272.67907981,0.999384354,8.844233e-4,0,0,0,0,0,0,0,0,0,0
60272.67954046,0.999697946,8.840238e-4,0,0,0,0,0,0,0,0,0,0
60272.68000111,0.999693017,8.841835e-4,0,0,0,0,0,0,0,0,0,0
60272.68046176,1.000116963,8.842054e-4,0,0,0,0,0,0,0,0,0,0
60272.68092240,1.000850045,8.839778e-4,0,0,0,0,0,0,0,0,0,0
60272.68138305,1.000244489,8.839012e-4,0,0,0,0,0,0,0,0,0,0
60272.68184370,1.000887380,8.837351e-4,0,0,0,0,0,0,0,0,0,0
60272.68230435,1.000144176,8.840583e-4,0,0,0,0,0,0,0,0,0,0
60272.68276499,0.999706874,8.839625e-4,0,0,0,0,0,0,0,0,0,0
60272.68322564,0.999229118,8.839332e-4,0,0,0,0,0,0,0,0,0,0
60272.68368629,1.000590374,8.838275e-4,0,0,0,0,0,0,0,0,0,0
60272.68414693,1.000029563,8.840475e-4,0,0,0,0,0,0,0,0,0,0
60272.68460758,0.999043969,8.837839e-4,0,0,0,0,0,0,0,0,0,0
60272.68506823,1.000391030,8.835781e-4,0,0,0,0,0,0,0,0,0,0
60272.68552888,0.999085842,8.839048e-4,0,0,0,0,0,0,0,0,0,0
60272.68598952,1.000820762,8.835875e-4,0,0,0,0,0,0,0,0,0,0
60272.68645017,0.999299778,8.842932e-4,0,0,0,0,0,0,0,0,0,0
60272.68691082,0.998713709,8.843207e-4,0,0,0,0,0,0,0,0,0,0
60272.68737146,0.997032706,8.874685e-4,0,0,0,0,0,0,0,0,0,0
60272.68783211,1.000178681,8.838647e-4,0,0,0,0,0,0,0,0,0,0
60272.68829276,0.999678371,8.841136e-4,0,0,0,0,0,0,0,0,0,0
60272.68875341,1.001485187,8.837510e-4,0,0,0,0,0,0,0,0,0,0
60272.68921405,1.000978821,8.839082e-4,0,0,0,0,0,0,0,0,0,0
60272.68967470,0.999008155,8.846274e-4,0,0,0,0,0,0,0,0,0,0
60272.69013535,1.000320303,8.840150e-4,0,0,0,0,0,0,0,0,0,0
60272.69059599,1.000297294,8.837732e-4,0,0,0,0,0,0,0,0,0,0
60272.69105664,1.000153971,8.843103e-4,0,0,0,0,0,0,0,0,0,0
60272.69151729,1.000158788,8.835130e-4,0,0,0,0,0,0,0,0,0,0
60272.69197794,0.999171713,8.836881e-4,0,0,0,0,0,0,0,0,0,0
60272.69243858,0.999688606,8.844692e-4,0,0,0,0,0,0,0,0,0,0
60272.69289923,1.000305029,8.843261e-4,0,0,0,0,0,0,0,0,0,0
60272.69335988,0.999409822,8.844550e-4,0,0,0,0,0,0,0,0,0,0
60272.69382052,1.000631822,8.841073e-4,0,0,0,0,0,0,0,0,0,0
60272.69428117,0.999472385,8.839276e-4,0,0,0,0,0,0,0,0,0,0
60272.69474182,1.000614637,8.834874e-4,0,0,0,0,0,0,0,0,0,0
60272.69520247,0.999958436,8.839631e-4,0,0,0,0,0,0,0,0,0,0
60272.69566311,1.000294576,8.841821e-4,0,0,0,0,0,0,0,0,0,0
60272.69612376,0.999718635,8.838990e-4,0,0,0,0,0,0,0,0,0,0
60272.69658441,1.000828260,8.839724e-4,0,0,0,0,0,0,0,0,0,0
60272.69704505,1.000400777,8.839549e-4,0,0,0,0,0,0,0,0,0,0
60272.69750570,0.999056679,8.842385e-4,0,0,0,0,0,0,0,0,0,0
60272.69796635,1.000149307,8.842423e-4,0,0,0,0,0,0,0,0,0,0
60272.69842700,1.000935352,8.838247e-4,0,0,0,0,0,0,0,0,0,0
60272.69888764,1.001572314,8.841315e-4,0,0,0,0,0,0,0,0,0,0
60272.69934829,1.001058149,8.840154e-4,0,0,0,0,0,0,0,0,0,0
60272.69980894,0.998608126,8.838296e-4,0,0,0,0,0,0,0,0,0,0
60272.70026959,1.000196464,8.837928e-4,0,0,0,0,0,0,0,0,0,0
60272.70073023,0.998975835,8.839572e-4,0,0,0,0,0,0,0,0,0,0
60272.70119088,0.999668466,8.840091e-4,0,0,0,0,0,0,0,0,0,0
60272.70165153,1.000004934,8.842240e-4,0,0,0,0,0,0,0,0,0,0
60272.70211217,0.998504219,8.838351e-4,0,0,0,0,0,0,0,0,0,0
60272.70257282,0.999028228,8.840629e-4,0,0,0,0,0,0,0,0,0,0
60272.70303347,1.000137645,8.838704e-4,0,0,0,0,0,0,0,0,0,0
60272.70349412,0.999112763,8.839837e-4,0,0,0,0,0,0,0,0,0,0
60272.70395476,1.000102528,8.838859e-4,0,0,0,0,0,0,0,0,0,0
60272.70441541,1.000671856,8.840541e-4,0,0,0,0,0,0,0,0,0,0
60272.70487606,0.998837067,8.842243e-4,0,0,0,0,0,0,0,0,0,0
60272.70533670,1.000547540,8.841872e-4,0,0,0,0,0,0,0,0,0,0
60272.70579735,0.999935365,8.839452e-4,0,0,0,0,0,0,0,0,0,0
60272.70625800,1.000909714,8.849275e-4,0,0,0,0,0,0,0,0,0,0
60272.70671865,1.000950935,8.860512e-4,0,0,0,0,0,0,0,0,0,0
60272.70717929,1.000269350,8.839200e-4,0,0,0,0,0,0,0,0,0,0
60272.70763994,1.000427311,8.839955e-4,0,0,0,0,0,0,0,0,0,0
60272.70810059,1.000416474,8.842028e-4,0,0,0,0,0,0,0,0,0,0
60272.70856123,0.998351181,8.839787e-4,0,0,0,0,0,0,0,0,0,0
60272.70902188,0.998901132,8.840492e-4,0,0,0,0,0,0,0,0,0,0
60272.70948253,1.001276734,8.838744e-4,0,0,0,0,0,0,0,0,0,0
60272.70994318,0.999970745,8.844244e-4,0,0,0,0,0,0,0,0,0,0
60272.71040382,0.998646972,8.841488e-4,0,0,0,0,0,0,0,0,0,0
60272.71086447,0.999203934,8.839611e-4,0,0,0,0,0,0,0,0,0,0
60272.71132512,0.999053586,8.840909e-4,0,0,0,0,0,0,0,0,0,0
60272.71178576,1.000338738,8.841378e-4,0,0,0,0,0,0,0,0,0,0
60272.71224641,1.000791189,8.837586e-4,0,0,0,0,0,0,0,0,0,0
60272.71270706,1.001418542,8.840732e-4,0,0,0,0,0,0,0,0,0,0
60272.71316771,1.000672522,8.842262e-4,0,0,0,0,0,0,0,0,0,0
60272.71362835,1.001085181,8.836670e-4,0,0,0,0,0,0,0,0,0,0
60272.71408900,0.998794137,8.838456e-4,0,0,0,0,0,0,0,0,0,0
60272.71454965,1.000548056,8.840830e-4,0,0,0,0,0,0,0,0,0,0
60272.71501029,1.000772964,8.837272e-4,0,0,0,0,0,0,0,0,0,0
60272.71547094,1.000645504,8.843632e-4,0,0,0,0,0,0,0,0,0,0
60272.71593159,0.999076175,8.844293e-4,0,0,0,0,0,0,0,0,0,0
60272.71639224,0.999496263,8.841280e-4,0,0,0,0,0,0,0,0,0,0
60272.71685288,1.001033581,8.842471e-4,0,0,0,0,0,0,0,0,0,0
60272.71731353,1.000647312,8.840363e-4,0,0,0,0,0,0,0,0,0,0
60272.71777418,1.000372307,8.840523e-4,0,0,0,0,0,0,0,0,0,0
60272.71823483,1.001450326,8.840690e-4,0,0,0,0,0,0,0,0,0,0
60272.71869547,0.999150705,8.842995e-4,0,0,0,0,0,0,0,0,0,0
60272.71915612,1.000972801,8.846552e-4,0,0,0,0,0,0,0,0,0,0
60272.71961677,0.999250496,8.844358e-4,0,0,0,0,0,0,0,0,0,0
60272.72007741,1.000684737,8.842522e-4,0,0,0,0,0,0,0,0,0,0
60272.72053806,1.001440316,8.840753e-4,0,0,0,0,0,0,0,0,0,0
60272.72099871,0.998186607,8.848746e-4,0,0,0,0,0,0,0,0,0,0
60272.72145936,1.001482734,8.841288e-4,0,0,0,0,0,0,0,0,0,0
60272.72192000,1.000746175,8.842422e-4,0,0,0,0,0,0,0,0,0,0
60272.72238065,0.999006103,8.843124e-4,0,0,0,0,0,0,0,0,0,0
60272.72284130,1.000109935,8.841547e-4,0,0,0,0,0,0,0,0,0,0
60272.72330194,1.000623723,8.841836e-4,0,0,0,0,0,0,0,0,0,0
60272.72376259,0.998975877,8.842201e-4,0,0,0,0,0,0,0,0,0,0
60272.72422324,0.998402631,8.842814e-4,0,0,0,0,0,0,0,0,0,0
60272.72468389,1.000780841,8.843216e-4,0,0,0,0,0,0,0,0,0,0
60272.72514453,1.001242585,8.842114e-4,0,0,0,0,0,0,0,0,0,0
60272.72560518,1.000264690,8.839145e-4,0,0,0,0,0,0,0,0,0,0
60272.72606583,1.000419751,8.843442e-4,0,0,0,0,0,0,0,0,0,0
60272.72652647,0.999462476,8.840301e-4,0,0,0,0,0,0,0,0,0,0
60272.72698712,0.999135889,8.843667e-4,0,0,0,0,0,0,0,0,0,0
60272.72744777,0.998867809,8.840889e-4,0,0,0,0,0,0,0,0,0,0
60272.72790842,0.999437094,8.841293e-4,0,0,0,0,0,0,0,0,0,0
60272.72836906,1.000270522,8.840383e-4,0,0,0,0,0,0,0,0,0,0
60272.72882971,0.999653342,8.840042e-4,0,0,0,0,0,0,0,0,0,0
60272.72929036,0.998608721,8.840762e-4,0,0,0,0,0,0,0,0,0,0
60272.72975100,0.999189917,8.843925e-4,0,0,0,0,0,0,0,0,0,0
60272.73021165,0.999626396,8.843372e-4,0,0,0,0,0,0,0,0,0,0
60272.73067230,0.999155303,8.857624e-4,0,0,0,0,0,0,0,0,0,0
60272.73113295,0.999667125,8.839877e-4,0,0,0,0,0,0,0,0,0,0
60272.73159359,0.999770232,8.843679e-4,0,0,0,0,0,0,0,0,0,0
60272.73205424,0.999413859,8.842774e-4,0,0,0,0,0,0,0,0,0,0
60272.73251489,1.001582814,8.861601e-4,0,0,0,0,0,0,0,0,0,0
60272.73297553,1.000177456,8.841456e-4,0,0,0,0,0,0,0,0,0,0
60272.73343618,0.999239072,8.840971e-4,0,0,0,0,0,0,0,0,0,0
60272.73389683,1.000173242,8.839451e-4,0,0,0,0,0,0,0,0,0,0
60272.73435748,1.000773384,8.840360e-4,0,0,0,0,0,0,0,0,0,0
60272.73481812,1.000208469,8.842622e-4,0,0,0,0,0,0,0,0,0,0
60272.73527877,0.998687170,8.842099e-4,0,0,0,0,0,0,0,0,0,0
60272.73573942,0.999733059,8.839553e-4,0,0,0,0,0,0,0,0,0,0
60272.73620006,1.001077453,8.848752e-4,0,0,0,0,0,0,0,0,0,0
60272.73666071,1.000283094,8.842231e-4,0,0,0,0,0,0,0,0,0,0
60272.73712136,0.999664515,8.838900e-4,0,0,0,0,0,0,0,0,0,0
60272.73758201,1.000246496,8.846641e-4,0,0,0,0,0,0,0,0,0,0
60272.73804265,1.001610891,8.839408e-4,0,0,0,0,0,0,0,0,0,0
60272.73850330,0.999983995,8.848599e-4,0,0,0,0,0,0,0,0,0,0
60272.73896395,1.000003511,8.840955e-4,0,0,0,0,0,0,0,0,0,0
60272.73942460,1.000415243,8.841352e-4,0,0,0,0,0,0,0,0,0,0
60272.73988524,1.001273548,8.841211e-4,0,0,0,0,0,0,0,0,0,0
60272.74034589,0.999757597,8.839998e-4,0,0,0,0,0,0,0,0,0,0
60272.74080654,1.001710512,8.844362e-4,0,0,0,0,0,0,0,0,0,0
60272.74126718,1.000930520,8.841976e-4,0,0,0,0,0,0,0,0,0,0
60272.74172783,0.999464805,8.841264e-4,0,0,0,0,0,0,0,0,0,0
60272.74218848,1.001389546,8.843012e-4,0,0,0,0,0,0,0,0,0,0
60272.74264913,1.000943383,8.838443e-4,0,0,0,0,0,0,0,0,0,0
60272.74310977,0.999187056,8.839067e-4,0,0,0,0,0,0,0,0,0,0
60272.74357042,1.000079571,8.839847e-4,0,0,0,0,0,0,0,0,0,0
60272.74403107,1.000549140,8.843608e-4,0,0,0,0,0,0,0,0,0,0
60272.74449171,0.996562107,8.879784e-4,0,0,0,0,0,0,0,0,0,0
60272.74495236,1.000818225,8.843786e-4,0,0,0,0,0,0,0,0,0,0
60272.74541301,1.000339506,8.840389e-4,0,0,0,0,0,0,0,0,0,0
60272.74587366,0.998833712,8.842440e-4,0,0,0,0,0,0,0,0,0,0
60272.74633430,1.000129773,8.840578e-4,0,0,0,0,0,0,0,0,0,0
60272.74679495,1.001012597,8.839219e-4,1,0,0,0,0,0,0,0,0,0
60272.74725560,0.999747505,8.837439e-4,1,0,0,0,0,0,0,0,0,0
60272.74771624,1.000491382,8.840661e-4,1,0,0,0,0,0,0,0,0,0
60272.74817689,0.999440408,8.829388e-4,1,0,0,0,0,0,0,0,0,0
60272.74863754,0.998204254,8.831152e-4,1,0,0,0,0,0,0,0,0,0
60272.74909819,0.999413817,8.830489e-4,1,0,0,0,0,0,0,0,0,0
60272.74955883,1.000976784,8.829393e-4,1,0,0,0,0,0,0,0,0,0
60272.75001948,1.000503413,8.827883e-4,1,0,0,0,0,0,0,0,0,0
60272.75048013,1.000829385,8.831877e-4,1,0,0,0,0,0,0,0,0,0
60272.75094077,0.998569725,8.826846e-4,1,0,0,0,0,0,0,0,0,0
60272.75140142,1.001266709,8.832679e-4,1,0,0,0,0,0,0,0,0,0
60272.75186207,0.999099238,8.830894e-4,1,0,0,0,0,0,0,0,0,0
60272.75232272,0.999729254,8.830627e-4,1,0,0,0,0,0,0,0,0,0
60272.75278336,0.999883449,8.828572e-4,1,0,0,0,0,0,0,0,0,0
60272.75324401,0.997410641,8.828219e-4,1,0,0,0,0,0,0,0,0,0
60272.75370466,0.998984519,8.828255e-4,1,0,0,0,0,0,0,0,0,0
60272.75416530,1.000759097,8.824944e-4,1,0,0,0,0,0,0,0,0,0
60272.75462595,0.999686910,8.826613e-4,1,0,0,0,0,0,0,0,0,0
60272.75508660,0.999957521,8.829240e-4,1,0,0,0,0,0,0,0,0,0
60272.75554725,0.999856037,8.843270e-4,1,0,0,0,0,0,0,0,0,0
60272.75600789,1.001919578,8.829716e-4,1,0,0,0,0,0,0,0,0,0
60272.75646854,0.998921398,8.831739e-4,1,0,0,0,0,0,0,0,0,0
60272.75692919,0.999192112,8.829113e-4,1,0,0,0,0,0,0,0,0,0
60272.75738983,1.000946842,8.824839e-4,1,0,0,0,0,0,0,0,0,0
60272.75785048,0.998774970,8.829874e-4,1,0,0,0,0,0,0,0,0,0
60272.75831113,1.000475033,8.830286e-4,1,0,0,0,0,0,0,0,0,0
60272.75877178,0.999883911,8.829852e-4,1,0,0,0,0,0,0,0,0,0
60272.75923242,0.999516608,8.827643e-4,1,0,0,0,0,0,0,0,0,0
60272.75969307,1.000952590,8.828677e-4,1,0,0,0,0,0,0,0,0,0
60272.76015372,1.000287814,8.829614e-4,1,0,0,0,0,0,0,0,0,0
60272.76061436,0.999958840,8.830782e-4,1,0,0,0,0,0,0,0,0,0
60272.76107501,1.000807314,8.828780e-4,1,0,0,0,0,0,0,0,0,0
60272.76153566,0.999635910,8.825383e-4,1,0,0,0,0,0,0,0,0,0
60272.76199631,0.999508130,8.826930e-4,1,0,0,0,0,0,0,0,0,0
60272.76245695,0.999039313,8.832975e-4,1,0,0,0,0,0,0,0,0,0
60272.76291760,0.999183801,8.828220e-4,1,0,0,0,0,0,0,0,0,0
60272.76337825,1.001752072,8.830914e-4,1,0,0,0,0,0,0,0,0,0
60272.76383890,1.000316283,8.826733e-4,1,0,0,0,0,0,0,0,0,0
60272.76429954,1.000852916,8.827444e-4,1,0,0,0,0,0,0,0,0,0
60272.76476019,1.000433620,8.827618e-4,1,0,0,0,0,0,0,0,0,0
60272.76522084,0.999647842,8.826118e-4,1,0,0,0,0,0,0,0,0,0
60272.76568148,0.999688103,8.831978e-4,1,0,0,0,0,0,0,0,0,0
60272.76614213,1.001569627,8.829541e-4,1,0,0,0,0,0,0,0,0,0
60272.76660278,1.000830382,8.828043e-4,1,0,0,0,0,0,0,0,0,0
60272.76706343,1.000649154,8.833403e-4,1,0,0,0,0,0,0,0,0,0
60272.76752407,0.999544617,8.827176e-4,1,0,0,0,0,0,0,0,0,0
60272.76798472,1.001499043,8.829316e-4,1,0,0,0,0,0,0,0,0,0
60272.76844537,0.999995496,8.826908e-4,1,0,0,0,0,0,0,0,0,0
60272.76890601,0.999782942,8.827289e-4,1,0,0,0,0,0,0,0,0,0
60272.76936666,0.999919674,8.826311e-4,1,0,0,0,0,0,0,0,0,0
60272.76982731,1.000008519,8.831647e-4,1,0,0,0,0,0,0,0,0,0
60272.77028796,0.999601703,8.826753e-4,1,0,0,0,0,0,0,0,0,0
60272.77074860,0.999894863,8.835305e-4,1,0,0,0,0,0,0,0,0,0
60272.77120925,0.999861411,8.839918e-4,1,0,0,0,0,0,0,0,0,0
60272.77166990,1.000152541,8.841152e-4,1,0,0,0,0,0,0,0,0,0
60272.77213054,0.999770331,8.834562e-4,1,0,0,0,0,0,0,0,0,0
60272.77259119,1.000516396,8.836769e-4,1,0,0,0,0,0,0,0,0,0
60272.77305184,1.000733859,8.836760e-4,1,0,0,0,0,0,0,0,0,0
60272.77351249,0.998343616,8.835210e-4,1,0,0,0,0,0,0,0,0,0
60272.77397313,0.999848595,8.837286e-4,1,0,0,0,0,0,0,0,0,0
60272.77443378,1.000414254,8.836576e-4,1,0,0,0,0,0,0,0,0,0
60272.77489443,0.999049055,8.838584e-4,1,0,0,0,0,0,0,0,0,0
60272.77535507,0.999786597,8.840333e-4,1,0,0,0,0,0,0,0,0,0
60272.77581572,0.999203184,8.840341e-4,1,0,0,0,0,0,0,0,0,0
60272.77627637,1.000055415,8.840620e-4,1,0,0,0,0,0,0,0,0,0
60272.77673702,0.999091180,8.836497e-4,1,0,0,0,0,0,0,0,0,0
60272.77719766,1.000491497,8.839045e-4,1,0,0,0,0,0,0,0,0,0
60272.77765831,1.000279869,8.840228e-4,1,0,0,0,0,0,0,0,0,0
60272.77811896,1.000596720,8.841238e-4,1,0,0,0,0,0,0,0,0,0
60272.77857960,1.000197163,8.839648e-4,1,0,0,0,0,0,0,0,0,0
60272.77904025,0.996856250,8.832534e-4,1,0,0,0,0,0,0,0,0,0
60272.77950090,0.999090073,8.837808e-4,1,0,0,0,0,0,0,0,0,0
60272.77996155,1.000323960,8.836665e-4,1,0,0,0,0,0,0,0,0,0
60272.78042219,0.999625445,8.838704e-4,1,0,0,0,0,0,0,0,0,0
60272.78088284,0.999279490,8.840486e-4,1,0,0,0,0,0,0,0,0,0
60272.78134349,1.001304425,8.835731e-4,1,0,0,0,0,0,0,0,0,0
60272.78180413,0.998479032,8.839427e-4,1,0,0,0,0,0,0,0,0,0
60272.78226478,1.000029202,8.837755e-4,1,0,0,0,0,0,0,0,0,0
60272.78272543,1.000417864,8.839089e-4,1,0,0,0,0,0,0,0,0,0
60272.78318608,0.999540793,8.837650e-4,1,0,0,0,0,0,0,0,0,0
60272.78364672,1.000290140,8.837005e-4,1,0,0,0,0,0,0,0,0,0
60272.78410737,1.000283773,8.838926e-4,1,0,0,0,0,0,0,0,0,0
60272.78456802,1.001456271,8.837972e-4,1,0,0,0,0,0,0,0,0,0
60272.78502866,0.999449233,8.840625e-4,1,0,0,0,0,0,0,0,0,0
60272.78548931,0.999658480,8.839396e-4,0,0,0,0,0,0,0,0,0,0
60272.78594996,1.000140951,8.839496e-4,0,0,0,0,0,0,0,0,0,0
60272.78641061,0.998584507,8.837462e-4,0,0,0,0,0,0,0,0,0,0
60272.78687125,1.001177381,8.836892e-4,0,0,0,0,0,0,0,0,0,0
60272.78733190,1.000688808,8.837977e-4,0,0,0,0,0,0,0,0,0,0
60272.78779255,0.999792876,8.837252e-4,0,0,0,0,0,0,0,0,0,0
60272.78825319,1.000466093,8.838460e-4,0,0,0,0,0,0,0,0,0,0
60272.78871384,1.000331081,8.835440e-4,0,0,0,0,0,0,0,0,0,0
60272.78917449,1.001251957,8.834682e-4,0,0,0,0,0,0,0,0,0,0
60272.78963514,1.000252963,8.836627e-4,0,0,0,0,0,0,0,0,0,0
60272.79009578,0.999046429,8.836564e-4,0,0,0,0,0,0,0,0,0,0
60272.79055643,0.999699615,8.835564e-4,0,0,0,0,0,0,0,0,0,0
60272.79101708,1.000775996,8.835657e-4,0,0,0,0,0,0,0,0,0,0
60272.79147773,1.000789726,8.839192e-4,0,0,0,0,0,0,0,0,0,0
60272.79193837,1.001273561,8.838681e-4,0,0,0,0,0,0,0,0,0,0
60272.79239902,0.999445876,8.836152e-4,0,0,0,0,0,0,0,0,0,0
60272.79285967,0.999017464,8.838643e-4,0,0,0,0,0,0,0,0,0,0
60272.79332031,1.000200919,8.842429e-4,0,0,0,0,0,0,0,0,0,0
60272.79378096,0.999444461,8.845071e-4,0,0,0,0,0,0,0,0,0,0
60272.79424161,1.001197654,8.841432e-4,0,0,0,0,0,0,0,0,0,0
60272.79470226,0.999678208,8.845921e-4,0,0,0,0,0,0,0,0,0,0
60272.79516290,0.999052252,8.846807e-4,0,0,0,0,0,0,0,0,0,0
60272.79562355,0.999861260,8.854984e-4,0,0,0,0,0,0,0,0,0,0
60272.79608420,0.999706642,8.844523e-4,0,0,0,0,0,0,0,0,0,0
60272.79654484,1.000158028,8.841903e-4,0,0,0,0,0,0,0,0,0,0
60272.79700549,0.999075807,8.844380e-4,0,0,0,0,0,0,0,0,0,0
60272.79746614,0.999351143,8.843232e-4,0,0,0,0,0,0,0,0,0,0
60272.79792679,1.000350277,8.845175e-4,0,0,0,0,0,0,0,0,0,0
60272.79838743,0.998665795,8.843957e-4,0,0,0,0,0,0,0,0,0,0
60272.79884808,1.000806947,8.843376e-4,0,0,0,0,0,0,0,0,0,0
60272.79930873,1.000625382,8.840158e-4,0,0,0,0,0,0,0,0,0,0
60272.79976937,0.999425448,8.847264e-4,0,0,0,0,0,0,0,0,0,0
60272.80023002,1.000102464,8.844432e-4,0,0,0,0,0,0,0,0,0,0
60272.80069067,1.000039770,8.841332e-4,0,0,0,0,0,0,0,0,0,0
60272.80115132,1.001301037,8.843598e-4,0,0,0,0,0,0,0,0,0,0
60272.80161196,1.000529676,8.845961e-4,0,0,0,0,0,0,0,0,0,0
60272.80207261,1.000975220,8.846308e-4,0,0,0,0,0,0,0,0,0,0
60272.80253326,1.001039517,8.844740e-4,0,0,0,0,0,0,0,0,0,0
60272.80299390,1.001362003,8.847350e-4,0,0,0,0,0,0,0,0,0,0
60272.80345455,1.000108849,8.848138e-4,0,0,0,0,0,0,0,0,0,0
60272.80391520,0.999663993,8.841233e-4,0,0,0,0,0,0,0,0,0,0
60272.80437585,0.999320041,8.840321e-4,0,0,0,0,0,0,0,0,0,0
60272.80483649,0.999530262,8.843238e-4,0,0,0,0,0,0,0,0,0,0
60272.80529714,0.999939642,8.844187e-4,0,0,0,0,0,0,0,0,0,0
60272.80575779,0.999552588,8.843879e-4,0,0,0,0,0,0,0,0,0,0
60272.80621843,1.000949585,8.843671e-4,0,0,0,0,0,0,0,0,0,0
60272.80667908,1.001150243,8.839652e-4,0,0,0,0,0,0,0,0,0,0
60272.80713973,1.000289771,8.844581e-4,0,0,0,0,0,0,0,0,0,0
60272.80760038,0.999674179,8.843254e-4,0,0,0,0,0,0,0,0,0,0
60272.80806102,0.998960152,8.841633e-4,0,0,0,0,0,0,0,0,0,0
60272.80852167,0.999705082,8.844154e-4,0,0,0,0,0,0,0,0,0,0
60272.80898232,0.999905560,8.843222e-4,0,0,0,0,0,0,0,0,0,0
60272.80944296,0.999977603,8.844082e-4,0,0,0,0,0,0,0,0,0,0
60272.80990361,1.000337476,8.845456e-4,0,0,0,0,0,0,0,0,0,0
60272.81036426,0.998683669,8.838433e-4,0,0,0,0,0,0,0,0,0,0
60272.81082491,0.998279996,8.844498e-4,0,0,0,0,0,0,0,0,0,0
60272.81128555,0.999050358,8.842508e-4,0,0,0,0,0,0,0,0,0,0
60272.81174620,1.000670052,8.845703e-4,0,0,0,0,0,0,0,0,0,0
60272.81220685,0.999998197,8.843264e-4,0,0,0,0,0,0,0,0,0,0
60272.81266749,1.000044741,8.840806e-4,0,0,0,0,0,0,0,0,0,0
60272.81312814,1.001363768,8.845150e-4,0,0,0,0,0,0,0,0,0,0
60272.81358879,1.001897683,8.843774e-4,0,0,0,0,0,0,0,0,0,0
60272.81404944,0.999435332,8.844999e-4,0,0,0,0,0,0,0,0,0,0
60272.81451008,0.998964358,8.847704e-4,0,0,0,0,0,0,0,0,0,0
60272.81497073,1.000290732,8.847030e-4,0,0,0,0,0,0,0,0,0,0
60272.81543138,0.999134457,8.843126e-4,0,0,0,0,0,0,0,0,0,0
60272.81589202,0.999853067,8.843858e-4,0,0,0,0,0,0,0,0,0,0
60272.81635267,1.000559378,8.843060e-4,0,0,0,0,0,0,0,0,0,0
60272.81681332,0.998692586,8.842792e-4,0,0,0,0,0,0,0,0,0,0
60272.81727397,0.999954184,8.844979e-4,0,0,0,0,0,0,0,0,0,0
60272.81773461,0.999311352,8.844211e-4,0,0,0,0,0,0,0,0,0,0
60272.81819526,1.000644343,8.843866e-4,0,0,0,0,0,0,0,0,0,0
60272.81865591,0.998980545,8.845360e-4,0,0,0,0,0,0,0,0,0,0
60272.81911655,0.999904928,8.844648e-4,0,0,0,0,0,0,0,0,0,0
60272.81957720,0.999395410,8.847557e-4,0,0,0,0,0,0,0,0,0,0
60272.82003785,1.001305676,8.842798e-4,0,0,0,0,0,0,0,0,0,0
60272.82049850,1.000577662,8.843926e-4,0,0,0,0,0,0,0,0,0,0
60272.82095914,1.000271824,8.843860e-4,0,0,0,0,0,0,0,0,0,0
60272.82141979,1.001483587,8.844679e-4,0,0,0,0,0,0,0,0,0,0
60272.82188044,1.000136010,8.843110e-4,0,0,0,0,0,0,0,0,0,0
60272.82234108,1.001204608,8.839670e-4,0,0,0,0,0,0,0,0,0,0
60272.82280173,0.999645748,8.839617e-4,0,0,0,0,0,0,0,0,0,0
60272.82326238,0.998793291,8.843623e-4,0,0,0,0,0,0,0,0,0,0
60272.82372303,0.999040183,8.848244e-4,0,0,0,0,0,0,0,0,0,0
60272.82418367,1.001026166,8.838983e-4,0,0,0,0,0,0,0,0,0,0
60272.82464432,1.000151863,8.843079e-4,0,0,0,0,0,0,0,0,0,0
60272.82510497,0.999336579,8.845243e-4,0,0,0,0,0,0,0,0,0,0
60272.82556561,0.999974762,8.843119e-4,0,0,0,0,0,0,0,0,0,0
60272.82602626,0.999736661,8.843777e-4,0,0,0,0,0,0,0,0,0,0
60272.82648691,1.000596028,8.844735e-4,0,0,0,0,0,0,0,0,0,0
60272.82694756,1.000865381,8.845372e-4,0,0,0,0,0,0,0,0,0,0
60272.82740820,0.999379715,8.840384e-4,0,0,0,0,0,0,0,0,0,0
60272.82786885,0.999963496,8.846710e-4,0,0,0,0,0,0,0,0,0,0
60272.82832950,1.000359628,8.838205e-4,0,0,0,0,0,0,0,0,0,0
60272.82879014,1.001474065,8.846662e-4,0,0,0,0,0,0,0,0,0,0
60272.82925079,0.999735483,8.843386e-4,0,0,0,0,0,0,0,0,0,0
60272.82971144,0.999844047,8.844925e-4,0,0,0,0,0,0,0,0,0,0
60272.83017209,0.998295625,8.844599e-4,0,0,0,0,0,0,0,0,0,0
60272.83063273,0.999548443,8.844775e-4,0,0,0,0,0,0,0,0,0,0
60272.83109338,1.000526045,8.845154e-4,0,0,0,0,0,0,0,0,0,0
60272.83155403,1.000135275,8.846258e-4,0,0,0,0,0,0,0,0,0,0
60272.83201468,0.998534810,8.843609e-4,0,0,0,0,0,0,0,0,0,0
60272.83247532,0.999062844,8.841874e-4,0,0,0,0,0,0,0,0,0,0
60272.83293597,0.999899309,8.842164e-4,0,0,0,0,0,0,0,0,0,0
60272.83339662,1.001073164,8.843629e-4,0,0,0,0,0,0,0,0,0,0
60272.83385726,1.000393488,8.840737e-4,0,0,0,0,0,0,0,0,0,0
60272.83431791,1.000784428,8.844747e-4,0,0,0,0,0,0,0,0,0,0
60272.83477856,1.000798424,8.844154e-4,0,0,0,0,0,0,0,0,0,0
60272.83523921,1.000096367,8.840130e-4,0,0,0,0,0,0,0,0,0,0
60272.83569985,0.999722067,8.846661e-4,0,0,0,0,0,0,0,0,0,0
60272.83616050,1.000021782,8.843952e-4,0,0,0,0,0,0,0,0,0,0
60272.83662115,0.999870884,8.843722e-4,0,0,0,0,0,0,0,0,0,0
60272.83708179,1.001223731,8.862104e-4,0,0,0,0,0,0,0,0,0,0
60272.83754244,0.999887939,8.844676e-4,0,0,0,0,0,0,0,0,0,0
60272.83800309,0.999234164,8.853856e-4,0,0,0,0,0,0,0,0,0,0
60272.83846374,0.999804522,8.848584e-4,0,0,0,0,0,0,0,0,0,0
60272.83892438,0.999125430,8.846349e-4,0,0,0,0,0,0,0,0,0,0
60272.83938503,0.999251640,8.847273e-4,0,0,0,0,0,0,0,0,0,0
60272.83984568,0.999537154,8.846890e-4,0,0,0,0,0,0,0,0,0,0
60272.84030632,1.001082481,8.842822e-4,0,0,0,0,0,0,0,0,0,0
60272.84076697,1.001441404,8.844803e-4,0,0,0,0,0,0,0,0,0,0
60272.84122762,0.999752100,8.845948e-4,0,0,0,0,0,0,0,0,0,0
60272.84168827,0.999976841,8.843957e-4,0,0,0,0,0,0,0,0,0,0
60272.84214891,0.998689809,8.844928e-4,0,0,0,0,0,0,0,0,0,0
60272.84260956,1.000190236,8.847558e-4,0,0,0,0,0,0,0,0,0,0
60272.84307021,1.000324145,8.844655e-4,0,0,0,0,0,0,0,0,0,0
60272.84353085,1.001960311,8.847781e-4,0,0,0,0,0,0,0,0,0,0
60272.84399150,0.999232026,8.847662e-4,0,0,0,0,0,0,0,0,0,0
60272.84445215,0.999272570,8.844064e-4,0,0,0,0,0,0,0,0,0,0
60272.84491280,1.000048106,8.843965e-4,0,0,0,0,0,0,0,0,0,0
60272.84537344,1.000523350,8.844592e-4,0,0,0,0,0,0,0,0,0,0
60272.84583409,1.000096074,8.856469e-4,0,0,0,0,0,0,0,0,0,0
60272.84629474,1.000565955,8.844574e-4,0,0,0,0,0,0,0,0,0,0
60272.84675538,0.999935536,8.845896e-4,0,0,0,0,0,0,0,0,0,0
60272.84721603,1.000697619,8.846664e-4,0,0,0,0,0,0,0,0,0,0
60272.84767668,1.001059720,8.843550e-4,0,0,0,0,0,0,0,0,0,0
60272.84813733,0.999867999,8.844565e-4,0,0,0,0,0,0,0,0,0,0
60272.84859797,0.999546702,8.846165e-4,0,0,0,0,0,0,0,0,0,0
60272.84905862,1.001201577,8.845617e-4,0,0,0,0,0,0,0,0,0,0
60272.84951927,0.999179622,8.846458e-4,0,0,0,0,0,0,0,0,0,0
60272.84997991,0.999323113,8.848537e-4,0,0,0,0,0,0,0,0,0,0
60272.85044056,0.999032220,8.843719e-4,0,0,0,0,0,0,0,0,0,0
60272.85090121,0.996327798,8.869024e-4,0,0,0,0,0,0,0,0,0,0
60272.85136186,1.002494537,8.844173e-4,0,0,0,0,0,0,0,0,0,0
60272.85182250,1.000528707,8.848081e-4,0,0,0,0,0,0,0,0,0,0
60272.85228315,1.000812783,8.842880e-4,0,0,0,0,0,0,0,0,0,0
60272.85274380,0.999179011,8.843504e-4,0,0,0,0,0,0,0,0,0,0
60272.85320444,1.000899245,8.846823e-4,0,0,0,0,0,0,0,0,0,0
60272.85366509,0.999356447,8.844326e-4,0,0,0,0,0,0,0,0,0,0
60272.85412574,1.000624360,8.844020e-4,0,0,0,0,0,0,0,0,0,0
60272.85458639,0.999474160,8.846157e-4,0,0,0,0,0,0,0,0,0,0
60272.85504703,1.000747961,8.842938e-4,0,0,0,0,0,0,0,0,0,0
60272.85550768,0.999306009,8.849810e-4,0,0,0,0,0,0,0,0,0,0
60272.85596833,0.999224871,8.846566e-4,0,0,0,0,0,0,0,0,0,0
60272.85642897,1.000439618,8.847457e-4,0,0,0,0,0,0,0,0,0,0
60272.85688962,1.000060541,8.848196e-4,0,0,0,0,0,0,0,0,0,0
60272.85735027,1.000553809,8.844959e-4,0,0,0,0,0,0,0,0,0,0
60272.85781092,0.999497450,8.841913e-4,0,0,0,0,0,0,0,0,0,0
60272.85827156,1.001569647,8.846457e-4,0,0,0,0,0,0,0,0,0,0
60272.85873221,0.999852147,8.844879e-4,0,0,0,0,0,0,0,0,0,0
60272.85919286,1.000491124,8.851923e-4,0,0,0,0,0,0,0,0,0,0
60272.85965350,1.000755386,8.844804e-4,0,0,0,0,0,0,0,0,0,0
60272.86011415,1.000171382,8.845901e-4,0,0,0,0,0,0,0,0,0,0
60272.86057480,0.999537375,8.838372e-4,0,0,0,0,0,0,0,0,0,0
60272.86103545,0.998089316,8.845056e-4,0,0,0,0,0,0,0,0,0,0
60272.86149609,1.000832713,8.845934e-4,0,0,0,0,0,0,0,0,0,0
60272.86195674,0.999965522,8.850859e-4,0,0,0,0,0,0,0,0,0,0
60272.86241739,0.999636857,8.844645e-4,0,0,0,0,0,0,0,0,0,0
60272.86287803,1.000001467,8.843373e-4,0,0,0,0,0,0,0,0,0,0
60272.86333868,0.999888392,8.845122e-4,0,0,0,0,0,0,0,0,0,0
60272.86379933,0.999363113,8.843581e-4,0,0,0,0,0,0,0,0,0,0
60272.86425998,0.999212726,8.843402e-4,0,0,0,0,0,0,0,0,0,0
60272.86472062,1.000391517,8.846426e-4,0,0,0,0,0,0,0,0,0,0
60272.86518127,0.999547305,8.848431e-4,0,0,0,0,0,0,0,0,0,0
60272.86564192,0.998930470,8.845410e-4,0,0,0,0,0,0,0,0,0,0
60272.86610256,1.000174881,8.877986e-4,0,0,0,0,0,0,0,0,0,0
60272.86656321,0.999932569,8.844631e-4,0,0,0,0,0,0,0,0,0,0
60272.86702386,0.999811166,8.849066e-4,0,0,0,0,0,0,0,0,0,0
60272.86748451,1.000630737,8.844222e-4,0,0,0,0,0,0,0,0,0,0
60272.86794515,1.000458508,8.848868e-4,0,0,0,0,0,0,0,0,0,0
60272.86840580,0.999720628,8.846964e-4,0,0,0,0,0,0,0,0,0,0
60272.86886645,1.001658250,8.844376e-4,0,0,0,0,0,0,0,0,0,0
60272.86932709,1.000874182,8.846142e-4,0,0,0,0,0,0,0,0,0,0
60272.86978774,0.999982191,8.844442e-4,0,0,0,0,0,0,0,0,0,0
60272.87024839,1.000161473,8.845287e-4,0,0,0,0,0,0,0,0,0,0
60272.87070904,1.001072238,8.846491e-4,0,0,0,0,0,0,0,0,0,0
60272.87116968,0.999217922,8.846741e-4,0,0,0,0,0,0,0,0,0,0
60272.87163033,1.000948604,8.840178e-4,0,0,0,0,0,0,0,0,0,0
60272.87209098,1.000901576,8.846825e-4,0,0,0,0,0,0,0,0,0,0
60272.87255162,0.999103725,8.845556e-4,0,0,0,0,0,0,0,0,0,0
60272.87301227,0.998801311,8.846120e-4,0,0,0,0,0,0,0,0,0,0
60272.87347292,0.998888908,8.847629e-4,0,0,0,0,0,0,0,0,0,0
60272.87393357,0.998710549,8.847326e-4,0,0,0,0,0,0,0,0,0,0
60272.87439421,1.001109175,8.848465e-4,0,0,0,0,0,0,0,0,0,0
60272.87485486,1.000800268,8.845422e-4,0,0,0,0,0,0,0,0,0,0
60272.87531551,1.000754332,8.844172e-4,0,0,0,0,0,0,0,0,0,0
60272.87577615,0.998759169,8.841964e-4,0,0,0,0,0,0,0,0,0,0
60272.87623680,1.000520064,8.850060e-4,0,0,0,0,0,0,0,0,0,0
60272.87669745,1.000737084,8.849562e-4,0,0,0,0,0,0,0,0,0,0
60272.87715810,0.998638573,8.844663e-4,0,0,0,0,0,0,0,0,0,0
60272.87761874,1.001394056,8.845389e-4,0,0,0,0,0,0,0,0,0,0
60272.87807939,1.000395469,8.842691e-4,0,0,0,0,0,0,0,0,0,0
60272.87854004,0.999817476,8.842719e-4,0,0,0,0,0,0,0,0,0,0
60272.87900068,1.001821006,8.844253e-4,0,0,0,0,0,0,0,0,0,0
60272.87946133,1.000865912,8.845907e-4,0,0,0,0,0,0,0,0,0,0
60272.87992198,0.999345239,8.846162e-4,0,0,0,0,0,0,0,0,0,0
60272.88038263,0.998588262,8.843737e-4,0,0,0,0,0,0,0,0,0,0
60272.88084327,0.999921611,8.843519e-4,0,0,0,0,0,0,0,0,0,0
60272.88130392,1.000522467,8.846370e-4,0,0,0,0,0,0,0,0,0,0
60272.88176457,1.000948382,8.842746e-4,0,0,0,0,0,0,0,0,0,0
60272.88222521,0.998139814,8.844649e-4,0,0,0,0,0,0,0,0,0,0
60272.88268586,1.000679391,8.847740e-4,0,0,0,0,0,0,0,0,0,0
60272.88314651,1.001402664,8.845134e-4,0,0,0,0,0,0,0,0,0,0
60272.88360716,1.000978490,8.845882e-4,0,0,0,0,0,0,0,0,0,0
60272.88406780,0.999991882,8.846590e-4,0,0,0,0,0,0,0,0,0,0
60272.88452845,1.000325578,8.846016e-4,0,0,0,0,0,0,0,0,0,0
60272.88498910,1.000427898,8.845348e-4,0,0,0,0,0,0,0,0,0,0
60272.88544974,1.000912147,8.845012e-4,0,0,0,0,0,0,0,0,0,0
60272.88591039,1.000420480,8.849990e-4,0,0,0,0,0,0,0,0,0,0
60272.88637104,1.000135691,8.845485e-4,0,0,0,0,0,0,0,0,0,0
60272.88683169,1.000931502,8.845462e-4,0,0,0,0,0,0,0,0,0,0
60272.88729233,0.999126281,8.842505e-4,0,0,0,0,0,0,0,0,0,0
60272.88775298,0.998455759,8.845947e-4,0,0,0,0,0,0,0,0,0,0
60272.88821363,0.999234871,8.846121e-4,0,0,0,0,0,0,0,0,0,0
60272.88867427,0.998787643,8.847700e-4,0,0,0,0,0,0,0,0,0,0
60272.88913492,0.999514190,8.847233e-4,0,0,0,0,0,0,0,0,0,0
60272.88959557,0.998769041,8.843639e-4,0,0,0,0,0,0,0,0,0,0
60272.89005622,1.001027704,8.846130e-4,0,0,0,0,0,0,0,0,0,0
60272.89051686,1.001238445,8.844956e-4,0,0,0,0,0,0,0,0,0,0
60272.89097751,1.001378984,8.843268e-4,0,0,0,0,0,0,0,0,0,0
60272.89143816,0.999865650,8.846863e-4,0,0,0,0,0,0,0,0,0,0
60272.89189880,1.000400577,8.842293e-4,0,0,0,0,0,0,0,0,0,0
60272.89235945,0.999940212,8.841594e-4,0,0,0,0,0,0,0,0,0,0
60272.89282010,0.999900564,8.846569e-4,0,0,0,0,0,0,0,0,0,0
60272.89328075,0.999933031,8.847845e-4,0,0,0,0,0,0,0,0,0,0
60272.89374139,1.000728302,8.847632e-4,0,0,0,0,0,0,0,0,0,0
60272.89420204,0.999115553,8.847283e-4,0,0,0,0,0,0,0,0,0,0
60272.89466269,1.000134385,8.849402e-4,0,0,0,0,0,0,0,0,0,0
60272.89512333,0.999584728,8.846145e-4,0,0,0,0,0,0,0,0,0,0
60272.89558398,1.000633358,8.849106e-4,0,0,0,0,0,0,0,0,0,0
60272.89604463,0.998809944,8.854281e-4,0,0,0,0,0,0,0,0,0,0
60272.89650528,0.998356067,8.872937e-4,0,0,0,0,0,0,0,0,0,0
60272.89696592,0.999566816,8.846823e-4,0,0,0,0,0,0,0,0,0,0
60272.89742657,1.000381299,8.843392e-4,0,0,0,0,0,0,0,0,0,0
60272.89788722,0.999977122,8.844006e-4,0,0,0,0,0,0,0,0,0,0
60272.89834786,1.000547037,8.848075e-4,0,0,0,0,0,0,0,0,0,0
60272.89880851,0.999927993,8.843305e-4,0,0,0,0,0,0,0,0,0,0
60272.89926916,0.999551103,8.845211e-4,0,0,0,0,0,0,0,0,0,0
60272.89972981,1.000394436,8.847505e-4,0,0,0,0,0,0,0,0,0,0
60272.90019045,0.999074008,8.845522e-4,0,0,0,0,0,0,0,0,0,0
60272.90065110,0.999077488,8.848098e-4,0,0,0,0,0,0,0,0,0,0
60272.90111175,0.999173845,8.861069e-4,0,0,0,0,0,0,0,0,0,0
60272.90157239,1.000675351,8.847320e-4,0,0,0,0,0,0,0,0,0,0
60272.90203304,1.000036934,8.845490e-4,0,0,0,0,0,0,0,0,0,0
60272.90249369,0.999172351,8.845722e-4,0,0,0,0,0,0,0,0,0,0
60272.90295434,0.999400789,8.845727e-4,0,0,0,0,0,0,0,0,0,0
60272.90341498,1.001014055,8.845994e-4,0,0,0,0,0,0,0,0,0,0
60272.90387563,1.000928201,8.843288e-4,0,0,0,0,0,0,0,0,0,0
60272.90433628,0.999804678,8.847091e-4,0,0,0,0,0,0,0,0,0,0
60272.90479692,1.003286537,8.902844e-4,0,0,0,0,0,0,0,0,0,0
60272.90525757,1.000754891,8.844868e-4,0,0,0,0,0,0,0,0,0,0
60272.90571822,1.000964677,8.850257e-4,0,0,0,0,0,0,0,0,0,0
60272.90617887,1.000145956,8.848533e-4,0,0,0,0,0,0,0,0,0,0
60272.90663951,1.000210497,8.849419e-4,0,0,0,0,0,0,0,0,0,0
60272.90710016,0.999311639,8.843695e-4,0,0,0,0,0,0,0,0,0,0
60272.90756081,1.000284136,8.848796e-4,0,0,0,0,0,0,0,0,0,0
60272.90802145,0.999901840,8.847605e-4,0,0,0,0,0,0,0,0,0,0
60272.90848210,0.999766104,8.845458e-4,0,0,0,0,0,0,0,0,0,0
60272.90894275,0.999072659,8.849617e-4,0,0,0,0,0,0,0,0,0,0
60272.90940340,1.000521731,8.849630e-4,0,0,0,0,0,0,0,0,0,0
60272.90986404,0.999452663,8.847118e-4,0,0,0,0,0,0,0,0,0,0
60272.91032469,1.000418859,8.845012e-4,0,0,0,0,0,0,0,0,0,0
60272.91078534,1.001906737,8.845403e-4,0,0,0,0,0,0,0,0,0,0
60272.91124598,0.999256016,8.861672e-4,0,0,0,0,0,0,0,0,0,0
60272.91170663,1.000240336,8.850305e-4,0,0,0,0,0,0,0,0,0,0
60272.91216728,1.000257248,8.846148e-4,0,0,0,0,0,0,0,0,0,0
60272.91262793,0.998661202,8.845978e-4,0,0,0,0,0,0,0,0,0,0
60272.91308857,0.999778896,8.845901e-4,0,0,0,0,0,0,0,0,0,0
60272.91354922,1.000772448,8.846032e-4,0,0,0,0,0,0,0,0,0,0
60272.91400987,1.000185055,8.849159e-4,0,0,0,0,0,0,0,0,0,0
60272.91447051,1.000774519,8.848295e-4,0,0,0,0,0,0,0,0,0,0
60272.91493116,0.999904528,8.849407e-4,0,0,0,0,0,0,0,0,0,0
60272.91539181,0.999498095,8.843326e-4,0,0,0,0,0,0,0,0,0,0
60272.91585246,1.000199878,8.850611e-4,0,0,0,0,0,0,0,0,0,0
60272.91631310,0.999931018,8.844687e-4,0,0,0,0,0,0,0,0,0,0
60272.91677375,0.999974253,8.849677e-4,0,0,0,0,0,0,0,0,0,0
60272.91723440,1.000079931,8.847171e-4,0,0,0,0,0,0,0,0,0,0
60272.91769504,0.999451640,8.848630e-4,0,0,0,0,0,0,0,0,0,0
60272.91815569,0.999182064,8.849680e-4,0,0,0,0,0,0,0,0,0,0
60272.91861634,1.001320700,8.851488e-4,0,0,0,0,0,0,0,0,0,0
60272.91907699,1.000965328,8.864832e-4,0,0,0,0,0,0,0,0,0,0
60272.91953763,1.000045912,8.847419e-4,0,0,0,0,0,0,0,0,0,0
60272.91999828,1.000406254,8.847539e-4,0,0,0,0,0,0,0,0,0,0
60272.92045893,0.999046197,8.848689e-4,0,0,0,0,0,0,0,0,0,0
60272.92091957,0.999190773,8.850050e-4,0,0,0,0,0,0,0,0,0,0
60272.92138022,1.000244757,8.850479e-4,0,0,0,0,0,0,0,0,0,0
60272.92184087,1.000450838,8.848885e-4,0,0,0,0,0,0,0,0,0,0
60272.92230152,0.999641818,8.851425e-4,0,0,0,0,0,0,0,0,0,0
60272.92276216,1.000622338,8.846613e-4,0,0,0,0,0,0,0,0,0,0
60272.92322281,0.999307410,8.845316e-4,0,0,0,0,0,0,0,0,0,0
60272.92368346,0.999484833,8.843244e-4,0,0,0,0,0,0,0,0,0,0
60272.92414410,1.000821807,8.850558e-4,0,0,0,0,0,0,0,0,0,0
60272.92460475,1.000002923,8.847592e-4,0,0,0,0,0,0,0,0,0,0
60272.92506540,0.999308364,8.848381e-4,0,0,0,0,0,0,0,0,0,0
60272.92552605,0.998690925,8.846789e-4,0,0,0,0,0,0,0,0,0,0
60272.92598669,0.999425373,8.848210e-4,0,0,0,0,0,0,0,0,0,0
60272.92644734,1.000411638,8.848366e-4,0,0,0,0,0,0,0,0,0,0
60272.92690799,1.000614368,8.844157e-4,0,0,0,0,0,0,0,0,0,0
60272.92736863,1.000411270,8.844903e-4,0,0,0,0,0,0,0,0,0,0
60272.92782928,0.999907522,8.849921e-4,0,0,0,0,0,0,0,0,0,0
60272.92828993,0.999179254,8.848444e-4,0,0,0,0,0,0,0,0,0,0
60272.92875058,1.000425983,8.847249e-4,0,0,0,0,0,0,0,0,0,0
60272.92921122,0.999247734,8.849275e-4,0,0,0,0,0,0,0,0,0,0
60272.92967187,1.000643471,8.850425e-4,0,0,0,0,0,0,0,0,0,0
60272.93013252,0.999726908,8.851845e-4,0,0,0,0,0,0,0,0,0,0
60272.93059316,0.999069386,8.848788e-4,0,0,0,0,0,0,0,0,0,0
60272.93105381,0.999964939,8.845846e-4,0,0,0,0,0,0,0,0,0,0
60272.93151446,0.999201392,8.848119e-4,0,0,0,0,0,0,0,0,0,0
60272.93197511,1.000136074,8.845295e-4,0,0,0,0,0,0,0,0,0,0
60272.93243575,1.000206702,8.850190e-4,0,0,0,0,0,0,0,0,0,0
60272.93289640,0.999171300,8.851559e-4,0,0,0,0,0,0,0,0,0,0
60272.93335705,0.999408529,8.849869e-4,0,0,0,0,0,0,0,0,0,0
60272.93381769,1.000201035,8.848927e-4,0,0,0,0,0,0,0,0,0,0
60272.93427834,1.001554583,8.850100e-4,0,0,0,0,0,0,0,0,0,0
60272.93473899,1.001989627,8.851276e-4,0,0,0,0,0,0,0,0,0,0
60272.93519964,1.001300511,8.857683e-4,0,0,0,0,0,0,0,0,0,0
60272.93566028,1.001998601,8.848083e-4,0,0,0,0,0,0,0,0,0,0
60272.93612093,1.000687740,8.849778e-4,0,0,0,0,0,0,0,0,0,0
60272.93658158,1.001692526,8.848627e-4,0,0,0,0,0,0,0,0,0,0
60272.93704222,1.001202510,8.852836e-4,0,0,0,0,0,0,0,0,0,0
60272.93750287,1.000788492,8.848764e-4,0,0,0,0,0,0,0,0,0,0
60272.93796352,0.999164534,8.850790e-4,0,0,0,0,0,0,0,0,0,0
60272.93842417,0.999765065,8.849484e-4,0,0,0,0,0,0,0,0,0,0
60272.93888481,1.000545436,8.855868e-4,0,0,0,0,0,0,0,0,0,0
60272.93934546,1.000633852,8.851837e-4,0,0,0,0,0,0,0,0,0,0
60272.93980611,1.000878274,8.852773e-4,0,0,0,0,0,0,0,0,0,0
60272.94026675,0.999663199,8.849785e-4,0,0,0,0,0,0,0,0,0,0
60272.94072740,1.001061105,8.848522e-4,0,0,0,0,0,0,0,0,0,0
60272.94118805,0.999493441,8.847583e-4,0,0,0,0,0,0,0,0,0,0
60272.94164870,1.000275586,8.853460e-4,0,0,0,0,0,0,0,0,0,0
60272.94210934,0.999684955,8.851085e-4,0,0,0,0,0,0,0,0,0,0
60272.94256999,0.999875793,8.862166e-4,0,0,0,0,0,0,0,0,0,0
60272.94303064,0.999839052,8.858097e-4,0,0,0,0,0,0,0,0,0,0
60272.94349128,1.000775767,8.852521e-4,0,0,0,0,0,0,0,0,0,0
60272.94395193,1.000513491,8.849142e-4,0,0,0,0,0,0,0,0,0,0
60272.94441258,1.000993254,8.850393e-4,0,0,0,0,0,0,0,0,0,0
60272.94487323,0.999076408,8.846890e-4,0,0,0,0,0,0,0,0,0,0
60272.94533387,0.998823924,8.850082e-4,0,0,0,0,0,0,0,0,0,0
60272.94579452,1.001162042,8.847275e-4,0,0,0,0,0,0,0,0,0,0
60272.94625517,1.001807386,8.848154e-4,0,0,0,0,0,0,0,0,0,0
60272.94671581,1.000439031,8.848292e-4,0,0,0,0,0,0,0,0,0,0
60272.94717646,1.001732817,8.847439e-4,0,0,0,0,0,0,0,0,0,0
60272.94763711,1.000391524,8.848487e-4,0,0,0,0,0,0,0,0,0,0
60272.94809776,1.000342876,8.849542e-4,0,0,0,0,0,0,0,0,0,0
60272.94855840,0.999446580,8.850438e-4,0,0,0,0,0,0,0,0,0,0
60272.94901905,1.000172261,8.853673e-4,0,0,0,0,0,0,0,0,0,0
60272.94947970,0.999947254,8.848336e-4,0,0,0,0,0,0,0,0,0,0
60272.94994034,1.000054840,8.847659e-4,0,0,0,0,0,0,0,0,0,0
60272.95040099,0.999318162,8.846946e-4,0,0,0,0,0,0,0,0,0,0
60272.95086164,0.999495114,8.849897e-4,0,0,0,0,0,0,0,0,0,0
60272.95132229,0.999312320,8.848901e-4,0,0,0,0,0,0,0,0,0,0
60272.95178293,1.001181011,8.850060e-4,0,0,0,0,0,0,0,0,0,0
60272.95224358,0.999655039,8.846914e-4,0,0,0,0,0,0,0,0,0,0
60272.95270423,1.000330380,8.846450e-4,0,0,0,0,0,0,0,0,0,0
60272.95316487,0.998151687,8.846408e-4,0,0,0,0,0,0,0,0,0,0
60272.95362552,1.001842487,8.846256e-4,0,0,0,0,0,0,0,0,0,0
60272.95408617,0.999996715,8.848514e-4,0,0,0,0,0,0,0,0,0,0
60272.95454682,0.999245668,8.847891e-4,0,0,0,0,0,0,0,0,0,0
60272.95500746,0.999387247,8.847693e-4,0,0,0,0,0,0,0,0,0,0
60272.95546811,1.000995951,8.847246e-4,0,0,0,0,0,0,0,0,0,0
60272.95592876,0.999794854,8.852569e-4,0,0,0,0,0,0,0,0,0,0
60272.95638940,1.000493356,8.848606e-4,0,0,0,0,0,0,0,0,0,0
60272.95685005,0.999727251,8.850667e-4,0,0,0,0,0,0,0,0,0,0
60272.95731070,0.998923232,8.847169e-4,0,0,0,0,0,0,0,0,0,0
60272.95777135,0.999165919,8.852573e-4,0,0,0,0,0,0,0,0,0,0
60272.95823199,0.999096434,8.847698e-4,0,0,0,0,0,0,0,0,0,0
60272.95869264,1.000256200,8.848383e-4,0,0,0,0,0,0,0,0,0,0
60272.95915329,1.000082133,8.849288e-4,0,0,0,0,0,0,0,0,0,0
60272.95961393,0.999457826,8.847160e-4,0,0,0,0,0,0,0,0,0,0
60272.96007458,1.000747813,8.848721e-4,0,0,0,0,0,0,0,0,0,0
60272.96053523,0.999775225,8.848437e-4,0,0,0,0,0,0,0,0,0,0
60272.96099588,1.000590322,8.859210e-4,0,0,0,0,0,0,0,0,0,0
60272.96145652,0.999501685,8.848199e-4,0,0,0,0,0,0,0,0,0,0
60272.96191717,0.999788402,8.851295e-4,0,0,0,0,0,0,0,0,0,0
60272.96237782,1.000877821,8.850319e-4,0,0,0,0,0,0,0,0,0,0
60272.96283846,1.000227582,8.847807e-4,0,0,0,0,0,0,0,0,0,0
60272.96329911,1.000454590,8.847927e-4,0,0,0,0,0,0,0,0,0,0
60272.96375976,1.000070823,8.845015e-4,0,0,0,0,0,0,0,0,0,0
60272.96422041,0.999631078,8.848134e-4,0,0,0,0,0,0,0,0,0,0
60272.96468105,1.000835747,8.846595e-4,0,0,0,0,0,0,0,0,0,0
60272.96514170,0.999524953,8.847408e-4,0,0,0,0,0,0,0,0,0,0
60272.96560235,0.999478937,8.849678e-4,0,0,0,0,0,0,0,0,0,0
60272.96606299,1.000590986,8.847634e-4,0,0,0,0,0,0,0,0,0,0
60272.96652364,1.000647858,8.847557e-4,0,0,0,0,0,0,0,0,0,0
60272.96698429,1.001033028,8.849810e-4,0,0,0,0,0,0,0,0,0,0
60272.96744494,1.000216469,8.848561e-4,0,0,0,0,0,0,0,0,0,0
60272.96790558,0.999749348,8.852263e-4,0,0,0,0,0,0,0,0,0,0
60272.96836623,1.001257921,8.844076e-4,0,0,0,0,0,0,0,0,0,0
60272.96882688,0.999596842,8.846565e-4,0,0,0,0,0,0,0,0,0,0
60272.96928752,0.999384608,8.849976e-4,0,0,0,0,0,0,0,0,0,0
60272.96974817,0.999970534,8.848691e-4,0,0,0,0,0,0,0,0,0,0
60272.97020882,1.000635179,8.851222e-4,0,0,0,0,0,0,0,0,0,0
60272.97066946,1.000349721,8.868293e-4,0,0,0,0,0,0,0,0,0,0
60272.97113011,0.998495222,8.850657e-4,0,0,0,0,0,0,0,0,0,0
60272.97159076,0.999726828,8.849061e-4,0,0,0,0,0,0,0,0,0,0
60272.97205141,1.002091852,8.846749e-4,0,0,0,0,0,0,0,0,0,0
60272.97251205,0.998652559,8.845822e-4,0,0,0,0,0,0,0,0,0,0
60272.97297270,0.999659181,8.848451e-4,0,0,0,0,0,0,0,0,0,0
60272.97343335,0.998775990,8.853788e-4,0,0,0,0,0,0,0,0,0,0
60272.97389399,0.999472890,8.844474e-4,0,0,0,0,0,0,0,0,0,0
60272.97435464,0.999352148,8.850293e-4,0,0,0,0,0,0,0,0,0,0
60272.97481529,1.000391823,8.843944e-4,0,0,0,0,0,0,0,0,0,0
60272.97527594,0.999475732,8.847777e-4,0,0,0,0,0,0,0,0,0,0
60272.97573658,1.001097654,8.850803e-4,0,0,0,0,0,0,0,0,0,0
60272.97619723,1.001204680,8.849505e-4,0,0,0,0,0,0,0,0,0,0
60272.97665788,0.999876336,8.844533e-4,0,0,0,0,0,0,0,0,0,0
60272.97711852,1.000087122,8.848767e-4,0,0,0,0,0,0,0,0,0,0
60272.97757917,0.999505188,8.847777e-4,0,0,0,0,0,0,0,0,0,0
60272.97803982,1.000443744,8.852851e-4,0,0,0,0,0,0,0,0,0,0
60272.97850047,1.001553104,8.848148e-4,0,0,0,0,0,0,0,0,0,0
60272.97896111,1.001108975,8.845637e-4,0,0,0,0,0,0,0,0,0,0
60272.97942176,1.000538489,8.849360e-4,0,0,0,0,0,0,0,0,0,0
60272.97988241,1.001197245,8.848413e-4,0,0,0,0,0,0,0,0,0,0
60272.98034305,1.000378385,8.847016e-4,0,0,0,0,0,0,0,0,0,0
60272.98080370,1.000137938,8.848487e-4,0,0,0,0,0,0,0,0,0,0
60272.98126435,1.001399072,8.849553e-4,0,0,0,0,0,0,0,0,0,0
60272.98172500,0.999612377,8.849053e-4,0,0,0,0,0,0,0,0,0,0
60272.98218564,1.001370681,8.847151e-4,0,0,0,0,0,0,0,0,0,0
60272.98264629,0.999931865,8.849396e-4,0,0,0,0,0,0,0,0,0,0
60272.98310694,0.999810522,8.851015e-4,0,0,0,0,0,0,0,0,0,0
60272.98356758,0.999545094,8.848922e-4,0,0,0,0,0,0,0,0,0,0
60272.98402823,0.999432549,8.846551e-4,0,0,0,0,0,0,0,0,0,0
60272.98448888,0.999624863,8.848183e-4,0,0,0,0,0,0,0,0,0,0
60272.98494953,1.000006164,8.851622e-4,0,0,0,0,0,0,0,0,0,0
60272.98541017,1.000830508,8.846424e-4,0,0,0,0,0,0,0,0,0,0
60272.98587082,1.000765017,8.845978e-4,0,0,0,0,0,0,0,0,0,0
60272.98633147,0.999393854,8.849097e-4,0,0,0,0,0,0,0,0,0,0
60272.98679211,1.000304939,8.853433e-4,0,0,0,0,0,0,0,0,0,0
60272.98725276,0.999118828,8.854439e-4,0,0,0,0,0,0,0,0,0,0
60272.98771341,1.000709400,8.858490e-4,0,0,0,0,0,0,0,0,0,0
60272.98817406,1.000276195,8.849886e-4,0,0,0,0,0,0,0,0,0,0
60272.98863470,1.000497622,8.850574e-4,0,0,0,0,0,0,0,0,0,0
60272.98909535,0.998993884,8.865429e-4,0,0,0,0,0,0,0,0,0,0
60272.98955600,1.000247663,8.852213e-4,0,0,0,0,0,0,0,0,0,0
60272.99001664,0.998577836,8.848821e-4,0,0,0,0,0,0,0,0,0,0
60272.99047729,0.999070421,8.846941e-4,0,0,0,0,0,0,0,0,0,0
60272.99093794,1.001362027,8.850672e-4,0,0,0,0,0,0,0,0,0,0
60272.99139859,1.000207244,8.847038e-4,0,0,0,0,0,0,0,0,0,0
60272.99185923,1.000610787,8.850539e-4,0,0,0,0,0,0,0,0,0,0
60272.99231988,1.000912297,8.849046e-4,0,0,0,0,0,0,0,0,0,0
60272.99278053,0.999698040,8.846758e-4,0,0,0,0,0,0,0,0,0,0
60272.99324117,1.001080881,8.848138e-4,0,0,0,0,0,0,0,0,0,0
60272.99370182,0.999505547,8.851608e-4,0,0,0,0,0,0,0,0,0,0
60272.99416247,1.000070867,8.848767e-4,0,0,0,0,0,0,0,0,0,0
60272.99462312,1.000823371,8.848588e-4,0,0,0,0,0,0,0,0,0,0
60272.99508376,1.001573572,8.846037e-4,0,0,0,0,0,0,0,0,0,0
60272.99554441,1.001125949,8.850064e-4,0,0,0,0,0,0,0,0,0,0
60272.99600506,1.000031581,8.846565e-4,0,0,0,0,0,0,0,0,0,0
60272.99646570,1.001059204,8.850532e-4,0,0,0,0,0,0,0,0,0,0
60272.99692635,0.998747981,8.846854e-4,0,0,0,0,0,0,0,0,0,0
60272.99738700,1.001196402,8.852205e-4,0,0,0,0,0,0,0,0,0,0
60272.99784765,1.000165251,8.847105e-4,0,0,0,0,0,0,0,0,0,0
60272.99830829,1.000811731,8.849091e-4,0,0,0,0,0,0,0,0,0,0
60272.99876894,1.000370439,8.850635e-4,0,0,0,0,0,0,0,0,0,0
60272.99922959,1.000265995,8.848049e-4,0,0,0,0,0,0,0,0,0,0
60272.99969023,0.999688478,8.849430e-4,0,0,0,0,0,0,0,0,0,0
60273.00015088,0.998527510,8.852052e-4,0,0,0,0,0,0,0,0,0,0
60273.00061153,0.999688304,8.849951e-4,0,0,0,0,0,0,0,0,0,0
60273.00107218,1.000133028,8.847378e-4,0,0,0,0,0,0,0,0,0,0
60273.00153282,1.000261424,8.847003e-4,0,0,0,0,0,0,0,0,0,0
60273.00199347,0.999270152,8.854390e-4,0,0,0,0,0,0,0,0,0,0
60273.00245412,1.000315495,8.854472e-4,0,0,0,0,0,0,0,0,0,0
60273.00291476,0.999238067,8.849555e-4,0,0,0,0,0,0,0,0,0,0
60273.00337541,1.001348300,8.850205e-4,0,0,0,0,0,0,0,0,0,0
60273.00383606,0.999862074,8.851208e-4,0,0,0,0,0,0,0,0,0,0
60273.00429671,1.000944002,8.846968e-4,0,0,0,0,0,0,0,0,0,0
60273.00475735,1.000425812,8.847372e-4,0,0,0,0,0,0,0,0,0,0
60273.00521800,1.001302440,8.847952e-4,0,0,0,0,0,0,0,0,0,0
60273.00567865,1.000408239,8.854146e-4,0,0,0,0,0,0,0,0,0,0
60273.00613929,0.999104055,8.849273e-4,0,0,0,0,0,0,0,0,0,0
60273.00659994,0.999988801,8.848796e-4,0,0,0,0,0,0,0,0,0,0
60273.00706059,0.999550168,8.847808e-4,0,0,0,0,0,0,0,0,0,0
60273.00752124,1.000686939,8.847489e-4,0,0,0,0,0,0,0,0,0,0
60273.00798188,1.000888310,8.847194e-4,0,0,0,0,0,0,0,0,0,0
60273.00844253,1.001532985,8.849926e-4,0,0,0,0,0,0,0,0,0,0
60273.00890318,1.002136800,8.850028e-4,0,0,0,0,0,0,0,0,0,0
60273.00936382,1.000544329,8.850108e-4,0,0,0,0,0,0,0,0,0,0
60273.00982447,0.998087064,8.849923e-4,0,0,0,0,0,0,0,0,0,0
60273.01028512,0.998850043,8.848161e-4,0,0,0,0,0,0,0,0,0,0
60273.01074576,1.001023448,8.849729e-4,0,0,0,0,0,0,0,0,0,0
60273.01120641,1.000606322,8.851743e-4,0,0,0,0,0,0,0,0,0,0
60273.01166706,1.001192246,8.849519e-4,0,0,0,0,0,0,0,0,0,0
60273.01212771,1.000675006,8.866461e-4,0,0,0,0,0,0,0,0,0,0
60273.01258835,0.999338331,8.850585e-4,0,0,0,0,0,0,0,0,0,0
60273.01304900,1.000420992,8.845865e-4,0,0,0,0,0,0,0,0,0,0
60273.01350965,1.000444004,8.852239e-4,0,0,0,0,0,0,0,0,0,0
60273.01397029,0.998671128,8.852931e-4,0,0,0,0,0,0,0,0,0,0
60273.01443094,1.001316467,8.846151e-4,0,0,0,0,0,0,0,0,0,0
60273.01489159,0.998762951,8.850168e-4,0,0,0,0,0,0,0,0,0,0
60273.01535224,0.999390017,8.850658e-4,0,0,0,0,0,0,0,0,0,0
60273.01581288,0.998461340,8.847524e-4,0,0,0,0,0,0,0,0,0,0
60273.01627353,0.998532937,8.858475e-4,0,0,0,0,0,0,0,0,0,0
60273.01673418,1.002178701,8.849520e-4,0,0,0,0,0,0,0,0,0,0
60273.01719482,1.000762989,8.849735e-4,0,0,0,0,0,0,0,0,0,0
60273.01765547,1.000871544,8.846553e-4,0,0,0,0,0,0,0,0,0,0
60273.01811612,1.000824610,8.847460e-4,0,0,0,0,0,0,0,0,0,0
60273.01857677,0.999671833,8.860584e-4,0,0,0,0,0,0,0,0,0,0
60273.01903741,0.999425754,8.851732e-4,0,0,0,0,0,0,0,0,0,0
60273.01949806,0.998565776,8.849238e-4,0,0,0,0,0,0,0,0,0,0
60273.01995871,1.000641181,8.850673e-4,0,0,0,0,0,0,0,0,0,0
60273.02041935,1.000263850,8.850413e-4,0,0,0,0,0,0,0,0,0,0
60273.02088000,0.999778825,8.849317e-4,0,0,0,0,0,0,0,0,0,0
60273.02134065,0.999999374,8.846793e-4,0,0,0,0,0,0,0,0,0,0
60273.02180130,1.000192486,8.850097e-4,0,0,0,0,0,0,0,0,0,0
60273.02226194,0.999106831,8.850672e-4,0,0,0,0,0,0,0,0,0,0
60273.02272259,1.000544934,8.855108e-4,0,0,0,0,0,0,0,0,0,0
60273.02318324,1.001166837,8.850728e-4,0,0,0,0,0,0,0,0,0,0
60273.02364388,1.001301885,8.848986e-4,0,0,0,0,0,0,0,0,0,0
60273.02410453,0.999882564,8.851547e-4,0,0,0,0,0,0,0,0,0,0
60273.02456518,1.000049468,8.847634e-4,0,0,0,0,0,0,0,0,0,0
60273.02502583,1.001118268,8.851730e-4,0,0,0,0,0,0,0,0,0,0
60273.02548647,0.998894665,8.851568e-4,0,0,0,0,0,0,0,0,0,0
60273.02594712,1.000102930,8.844785e-4,0,0,0,0,0,0,0,0,0,0
60273.02640777,1.002167519,8.846999e-4,0,0,0,0,0,0,0,0,0,0
60273.02686841,1.000424814,8.850042e-4,0,0,0,0,0,0,0,0,0,0
60273.02732906,1.000363294,8.853857e-4,0,0,0,0,0,0,0,0,0,0
60273.02778971,1.000174566,8.850783e-4,0,0,0,0,0,0,0,0,0,0
60273.02825036,0.999157610,8.848911e-4,0,0,0,0,0,0,0,0,0,0
60273.02871100,0.999916382,8.853299e-4,0,0,0,0,0,0,0,0,0,0
60273.02917165,1.001232710,8.861910e-4,0,0,0,0,0,0,0,0,0,0
60273.02963230,1.000762456,8.848751e-4,0,0,0,0,0,0,0,0,0,0
60273.03009294,0.999855286,8.851942e-4,0,0,0,0,0,0,0,0,0,0
60273.03055359,1.001225885,8.848359e-4,0,0,0,0,0,0,0,0,0,0
60273.03101424,1.000508967,8.847918e-4,0,0,0,0,0,0,0,0,0,0
60273.03147489,1.000423309,8.850478e-4,0,0,0,0,0,0,0,0,0,0
60273.03193553,1.000357766,8.852139e-4,0,0,0,0,0,0,0,0,0,0
60273.03239618,1.000785034,8.850959e-4,0,0,0,0,0,0,0,0,0,0
60273.03285683,1.000277504,8.846593e-4,0,0,0,0,0,0,0,0,0,0
60273.03331747,1.000755949,8.847746e-4,0,0,0,0,0,0,0,0,0,0
60273.03377812,1.000238110,8.849899e-4,0,0,0,0,0,0,0,0,0,0
60273.03423877,1.000426250,8.852059e-4,0,0,0,0,0,0,0,0,0,0
60273.03469942,1.001162124,8.851490e-4,0,0,0,0,0,0,0,0,0,0
60273.03516006,1.001088058,8.852205e-4,0,0,0,0,0,0,0,0,0,0
60273.03562071,1.000801500,8.851861e-4,0,0,0,0,0,0,0,0,0,0
60273.03608136,1.000481168,8.850372e-4,0,0,0,0,0,0,0,0,0,0
60273.03654200,1.000883429,8.852333e-4,0,0,0,0,0,0,0,0,0,0
60273.03700265,1.001323200,8.849783e-4,0,0,0,0,0,0,0,0,0,0
60273.03746330,0.999500207,8.848245e-4,0,0,0,0,0,0,0,0,0,0
60273.03792395,0.998867620,8.851358e-4,0,0,0,0,0,0,0,0,0,0
60273.03838459,0.999612041,8.852729e-4,0,0,0,0,0,0,0,0,0,0
60273.03884524,1.001019060,8.846651e-4,0,0,0,0,0,0,0,0,0,0
60273.03930589,0.999911922,8.848029e-4,0,0,0,0,0,0,0,0,0,0
60273.03976653,1.001050609,8.849168e-4,0,0,0,0,0,0,0,0,0,0
60273.04022718,0.998559721,8.853260e-4,0,0,0,0,0,0,0,0,0,0
60273.04068783,1.000538377,8.852888e-4,0,0,0,0,0,0,0,0,0,0
60273.04114847,1.000184473,8.848728e-4,0,0,0,0,0,0,0,0,0,0
60273.04160912,1.000919668,8.849774e-4,0,0,0,0,0,0,0,0,0,0
60273.04206977,0.999865552,8.849744e-4,0,0,0,0,0,0,0,0,0,0
60273.04253042,0.998827921,8.851243e-4,0,0,0,0,0,0,0,0,0,0
60273.04299106,0.999362282,8.853312e-4,0,0,0,0,0,0,0,0,0,0
60273.04345171,1.000057605,8.852387e-4,0,0,0,0,0,0,0,0,0,0
60273.04391236,0.999174497,8.848300e-4,0,0,0,0,0,0,0,0,0,0
60273.04437300,1.000347933,8.850582e-4,0,0,0,0,0,0,0,0,0,0
60273.04483365,0.999708239,8.861006e-4,0,0,0,0,0,0,0,0,0,0
60273.04529430,0.999019827,8.850194e-4,0,0,0,0,0,0,0,0,0,0
60273.04575495,0.999788162,8.849929e-4,0,0,0,0,0,0,0,0,0,0
60273.04621559,0.999324908,8.848509e-4,0,0,0,0,0,0,0,0,0,0
60273.04667624,1.000338016,8.847458e-4,0,0,0,0,0,0,0,0,0,0
60273.04713689,1.001886194,8.851734e-4,0,0,0,0,0,0,0,0,0,0
60273.04759753,0.998422007,8.851740e-4,0,0,0,0,0,0,0,0,0,0
60273.04805818,0.998971817,8.854465e-4,0,0,0,0,0,0,0,0,0,0
60273.04851883,1.000348811,8.851809e-4,0,0,0,0,0,0,0,0,0,0
60273.04897948,1.000057540,8.849753e-4,0,0,0,0,0,0,0,0,0,0
60273.04944012,1.000030966,8.854808e-4,0,0,0,0,0,0,0,0,0,0
60273.04990077,0.999894147,8.852190e-4,0,0,0,0,0,0,0,0,0,0
60273.05036142,1.001350241,8.853727e-4,0,0,0,0,0,0,0,0,0,0
60273.05082206,1.001726964,8.851718e-4,0,0,0,0,0,0,0,0,0,0
60273.05128271,0.999593908,8.850741e-4,0,0,0,0,0,0,0,0,0,0
60273.05174336,1.000294565,8.850228e-4,0,0,0,0,0,0,0,0,0,0
60273.05220401,1.000528588,8.850469e-4,0,0,0,0,0,0,0,0,0,0
60273.05266465,0.999877121,8.850560e-4,0,0,0,0,0,0,0,0,0,0
60273.05312530,0.999585307,8.850847e-4,0,0,0,0,0,0,0,0,0,0
60273.05358595,1.000616790,8.848372e-4,0,0,0,0,0,0,0,0,0,0
60273.05404659,1.001170454,8.849902e-4,0,0,0,0,0,0,0,0,0,0
60273.05450724,1.000291152,8.853066e-4,0,0,0,0,0,0,0,0,0,0
60273.05496789,1.000482931,8.860061e-4,0,0,0,0,0,0,0,0,0,0
60273.05542854,0.999861350,8.849520e-4,0,0,0,0,0,0,0,0,0,0
60273.05588918,1.001625137,8.848041e-4,0,0,0,0,0,0,0,0,0,0
60273.05634983,1.001152732,8.854722e-4,0,0,0,0,0,0,0,0,0,0
60273.05681048,0.999877876,8.846444e-4,0,0,0,0,0,0,0,0,0,0
60273.05727112,1.000301593,8.851936e-4,0,0,0,0,0,0,0,0,0,0
60273.05773177,1.000719859,8.855884e-4,0,0,0,0,0,0,0,0,0,0
60273.05819242,1.000132925,8.853330e-4,0,0,0,0,0,0,0,0,0,0
60273.05865307,0.999867538,8.849363e-4,0,0,0,0,0,0,0,0,0,0
60273.05911371,1.000066004,8.851108e-4,0,0,0,0,0,0,0,0,0,0
60273.05957436,1.001288551,8.851332e-4,0,0,0,0,0,0,0,0,0,0
60273.06003501,1.000337657,8.832141e-4,0,0,0,0,0,0,0,0,0,0
60273.06049565,1.001585367,8.848461e-4,0,0,0,0,0,0,0,0,0,0
60273.06095630,1.001485664,8.851106e-4,0,0,0,0,0,0,0,0,0,0
60273.06141695,1.000720021,8.849761e-4,0,0,0,0,0,0,0,0,0,0
60273.06187760,1.001063441,8.853267e-4,0,0,0,0,0,0,0,0,0,0
60273.06233824,0.999408425,8.847047e-4,0,0,0,0,0,0,0,0,0,0
60273.06279889,0.999604812,8.859616e-4,0,0,0,0,0,0,0,0,0,0
60273.06325954,1.000492420,8.848455e-4,0,0,0,0,0,0,0,0,0,0
60273.06372018,0.999668338,8.851456e-4,0,0,0,0,0,0,0,0,0,0
60273.06418083,1.001519084,8.853297e-4,0,0,0,0,0,0,0,0,0,0
60273.06464148,1.000577162,8.850499e-4,0,0,0,0,0,0,0,0,0,0
60273.06510212,1.000176063,8.854899e-4,0,0,0,0,0,0,0,0,0,0
60273.06556277,0.999563900,8.850615e-4,0,0,0,0,0,0,0,0,0,0
60273.06602342,1.002758104,8.850005e-4,0,0,0,0,0,0,0,0,0,0
60273.06648407,1.001260915,8.851067e-4,0,0,0,0,0,0,0,0,0,0
60273.06694471,0.999762080,8.853653e-4,0,0,0,0,0,0,0,0,0,0
60273.06740536,0.999916360,8.844088e-4,0,0,0,0,0,0,0,0,0,0
60273.06786601,0.999031196,8.847549e-4,0,0,0,0,0,0,0,0,0,0
60273.06832665,0.998719484,8.849879e-4,0,0,0,0,0,0,0,0,0,0
60273.06878730,0.999397655,8.853278e-4,0,0,0,0,0,0,0,0,0,0
60273.06924795,0.999820874,8.849282e-4,0,0,0,0,0,0,0,0,0,0
60273.06970860,0.999024339,8.850633e-4,0,0,0,0,0,0,0,0,0,0
60273.07016924,1.000827005,8.852100e-4,0,0,0,0,0,0,0,0,0,0
60273.07062989,0.999359638,8.852850e-4,0,0,0,0,0,0,0,0,0,0
60273.07109054,0.999377435,8.852063e-4,0,0,0,0,0,0,0,0,0,0
60273.07155118,0.998606370,8.846930e-4,0,0,0,0,0,0,0,0,0,0
60273.07201183,1.000285663,8.864782e-4,0,0,0,0,0,0,0,0,0,0
60273.07247248,1.000065950,8.853912e-4,0,0,0,0,0,0,0,0,0,0
60273.07293313,1.000253780,8.848946e-4,0,0,0,0,0,0,0,0,0,0
60273.07339377,0.999720768,8.850895e-4,0,0,0,0,0,0,0,0,0,0
60273.07385442,1.001430632,8.853950e-4,0,0,0,0,0,0,0,0,0,0
60273.07431507,1.001292647,8.851152e-4,0,0,0,0,0,0,0,0,0,0
60273.07477571,1.001751153,8.851522e-4,0,0,0,0,0,0,0,0,0,0
60273.07523636,1.000295258,8.854594e-4,0,0,0,0,0,0,0,0,0,0
60273.07569701,1.001394469,8.851834e-4,0,0,0,0,0,0,0,0,0,0
60273.07615766,1.000860944,8.849613e-4,0,0,0,0,0,0,0,0,0,0
60273.07661830,1.000446372,8.850995e-4,0,0,0,0,0,0,0,0,0,0
60273.07707895,1.000824486,8.856210e-4,0,0,0,0,0,0,0,0,0,0
60273.07753960,0.998585003,8.854285e-4,0,0,0,0,0,0,0,0,0,0
60273.07800024,1.000958064,8.855594e-4,0,0,0,0,0,0,0,0,0,0
60273.07846089,1.000205089,8.855681e-4,0,0,0,0,0,0,0,0,0,0
60273.07892154,1.001873306,8.852444e-4,0,0,0,0,0,0,0,0,0,0
60273.07938219,0.999807372,8.849310e-4,0,0,0,0,0,0,0,0,0,0
60273.07984283,1.000349180,8.861495e-4,0,0,0,0,0,0,0,0,0,0
60273.08030348,1.000340402,8.854138e-4,0,0,0,0,0,0,0,0,0,0
60273.08076413,1.001012693,8.850120e-4,0,0,0,0,0,0,0,0,0,0
60273.08122477,1.001023513,8.851345e-4,0,0,0,0,0,0,0,0,0,0
60273.08168542,1.002197257,8.850431e-4,0,0,0,0,0,0,0,0,0,0
60273.08214607,1.000375703,8.849857e-4,0,0,0,0,0,0,0,0,0,0
60273.08260672,1.000241107,8.859655e-4,0,0,0,0,0,0,0,0,0,0
60273.08306736,1.002169571,8.853035e-4,0,0,0,0,0,0,0,0,0,0
60273.08352801,1.000073390,8.850824e-4,0,0,0,0,0,0,0,0,0,0
60273.08398866,0.997192992,8.878309e-4,0,0,0,0,0,0,0,0,0,0
60273.08444930,1.000270246,8.855397e-4,0,0,0,0,0,0,0,0,0,0
60273.08490995,1.000125111,8.850525e-4,0,0,0,0,0,0,0,0,0,0
60273.08537060,1.001582208,8.852075e-4,0,0,0,0,0,0,0,0,0,0
60273.08583124,1.000584878,8.852083e-4,0,0,0,0,0,0,0,0,0,0
60273.08629189,1.000138413,8.850328e-4,0,0,0,0,0,0,0,0,0,0
60273.08675254,1.000722862,8.852490e-4,0,0,0,0,0,0,0,0,0,0
60273.08721319,0.998893035,8.851754e-4,0,0,0,0,0,0,0,0,0,0
60273.08767383,1.000131179,8.849516e-4,0,0,0,0,0,0,0,0,0,0
60273.08813448,1.001397584,8.847851e-4,0,0,0,0,0,0,0,0,0,0
60273.08859513,0.997218686,8.892926e-4,0,0,0,0,0,0,0,0,0,0
60273.08905577,0.999883446,8.853958e-4,0,0,0,0,0,0,0,0,0,0
60273.08951642,0.999685642,8.860611e-4,0,0,0,0,0,0,0,0,0,0
60273.08997707,0.999941860,8.853438e-4,0,0,0,0,0,0,0,0,0,0
60273.09043772,1.000166112,8.851278e-4,0,0,0,0,0,0,0,0,0,0
60273.09089836,1.000408184,8.849815e-4,0,0,0,0,0,0,0,0,0,0
60273.09135901,0.998187372,8.854614e-4,0,0,0,0,0,0,0,0,0,0
60273.09181966,1.000799402,8.852381e-4,0,0,0,0,0,0,0,0,0,0
60273.09228030,0.999940554,8.851948e-4,0,0,0,0,0,0,0,0,0,0
60273.09274095,1.000971507,8.857713e-4,0,0,0,0,0,0,0,0,0,0
60273.09320160,0.999812665,8.850649e-4,0,0,0,0,0,0,0,0,0,0
60273.09366225,1.001408812,8.854275e-4,0,0,0,0,0,0,0,0,0,0
60273.09412289,0.999838907,8.850818e-4,0,0,0,0,0,0,0,0,0,0
60273.09458354,1.000523408,8.853475e-4,0,0,0,0,0,0,0,0,0,0
60273.09504419,1.001396587,8.855309e-4,0,0,0,0,0,0,0,0,0,0
60273.09550483,0.999807551,8.852563e-4,0,0,0,0,0,0,0,0,0,0
60273.09596548,1.000421565,8.853549e-4,0,0,0,0,0,0,0,0,0,0
60273.09642613,1.001498896,8.852544e-4,0,0,0,0,0,0,0,0,0,0
60273.09688678,1.001827962,8.854038e-4,0,0,0,0,0,0,0,0,0,0
60273.09734742,1.000970430,8.852494e-4,0,0,0,0,0,0,0,0,0,0
60273.09780807,0.999814807,8.852947e-4,0,0,0,0,0,0,0,0,0,0
60273.09826872,1.000137055,8.851455e-4,0,0,0,0,0,0,0,0,0,0
60273.09872936,1.001335199,8.852657e-4,0,0,0,0,0,0,0,0,0,0
60273.09919001,0.998813854,8.851909e-4,0,0,0,0,0,0,0,0,0,0
60273.09965066,1.000321807,8.853190e-4,0,0,0,0,0,0,0,0,0,0
60273.10011131,1.000408373,8.855050e-4,0,0,0,0,0,0,0,0,0,0
60273.10057195,0.998970073,8.855105e-4,0,0,0,0,0,0,0,0,0,0
60273.10103260,1.001021587,8.849392e-4,0,0,0,0,0,0,0,0,0,0
60273.10149325,1.001273335,8.851984e-4,0,0,0,0,0,0,0,0,0,0
60273.10195389,1.000741183,8.850954e-4,0,0,0,0,0,0,0,0,0,0
60273.10241454,0.999990260,8.848493e-4,0,0,0,0,0,0,0,0,0,0
60273.10287519,1.000819910,8.850615e-4,0,0,0,0,0,0,0,0,0,0
60273.10333584,1.002362544,8.850657e-4,0,0,0,0,0,0,0,0,0,0
60273.10379648,1.000064246,8.853729e-4,0,0,0,0,0,0,0,0,0,0
60273.10425713,1.001436365,8.849873e-4,0,0,0,0,0,0,0,0,0,0
60273.10471778,0.999252654,8.864710e-4,0,0,0,0,0,0,0,0,0,0
60273.10517842,1.000608873,8.852438e-4,0,0,0,0,0,0,0,0,0,0
60273.10563907,1.000593293,8.849834e-4,0,0,0,0,0,0,0,0,0,0
60273.10609972,1.001160029,8.853869e-4,0,0,0,0,0,0,0,0,0,0
60273.10656036,0.999800063,8.849654e-4,0,0,0,0,0,0,0,0,0,0
60273.10702101,1.000002957,8.849371e-4,0,0,0,0,0,0,0,0,0,0
60273.10748166,1.000666406,8.852585e-4,0,0,0,0,0,0,0,0,0,0
60273.10794231,1.000066258,8.849119e-4,0,0,0,0,0,0,0,0,0,0
60273.10840295,0.998899752,8.848697e-4,0,0,0,0,0,0,0,0,0,0
60273.10886360,0.999727881,8.849499e-4,0,0,0,0,0,0,0,0,0,0
60273.10932425,1.001715684,8.848123e-4,0,0,0,0,0,0,0,0,0,0
60273.10978489,0.999195224,8.860875e-4,0,0,0,0,0,0,0,0,0,0
60273.11024554,1.000136305,8.854819e-4,0,0,0,0,0,0,0,0,0,0
60273.11070619,1.000250872,8.851829e-4,0,0,0,0,0,0,0,0,0,0
60273.11116684,0.999515635,8.851046e-4,0,0,0,0,0,0,0,0,0,0
60273.11162748,1.001806468,8.852369e-4,0,0,0,0,0,0,0,0,0,0
60273.11208813,1.001020134,8.852162e-4,0,0,0,0,0,0,0,0,0,0
60273.11254878,1.000184261,8.849945e-4,0,0,0,0,0,0,0,0,0,0
60273.11300942,0.998840448,8.855296e-4,0,0,0,0,0,0,0,0,0,0
60273.11347007,0.999761971,8.853039e-4,0,0,0,0,0,0,0,0,0,0
60273.11393072,0.999814705,8.854252e-4,0,0,0,0,0,0,0,0,0,0
60273.11439137,0.999531104,8.854246e-4,0,0,0,0,0,0,0,0,0,0
60273.11485201,0.999907532,8.851734e-4,0,0,0,0,0,0,0,0,0,0
60273.11531266,1.000483919,8.854694e-4,0,0,0,0,0,0,0,0,0,0
60273.11577331,1.000589348,8.852773e-4,0,0,0,0,0,0,0,0,0,0
60273.11623395,1.000396003,8.850531e-4,0,0,0,0,0,0,0,0,0,0
60273.11669460,0.999607246,8.847947e-4,0,0,0,0,0,0,0,0,0,0
60273.11715525,1.001933094,8.851651e-4,0,0,0,0,0,0,0,0,0,0
60273.11761590,1.000491589,8.851491e-4,0,0,0,0,0,0,0,0,0,0
60273.11807654,1.000088839,8.854834e-4,0,0,0,0,0,0,0,0,0,0
60273.11853719,1.001170266,8.852623e-4,0,0,0,0,0,0,0,0,0,0
60273.11899784,1.001524155,8.852218e-4,0,0,0,0,0,0,0,0,0,0
60273.11945848,0.999617346,8.851762e-4,0,0,0,0,0,0,0,0,0,0
60273.11991913,1.000480855,8.853756e-4,0,0,0,0,0,0,0,0,0,0
60273.12037978,1.000730720,8.850760e-4,0,0,0,0,0,0,0,0,0,0
60273.12084043,0.999570392,8.850272e-4,0,0,0,0,0,0,0,0,0,0
60273.12130107,1.001349107,8.849465e-4,0,0,0,0,0,0,0,0,0,0
60273.12176172,1.000041359,8.853505e-4,0,0,0,0,0,0,0,0,0,0
60273.12222237,1.001210653,8.857541e-4,0,0,0,0,0,0,0,0,0,0
60273.12268301,1.000742764,8.849252e-4,0,0,0,0,0,0,0,0,0,0
60273.12314366,1.000909556,8.848841e-4,0,0,0,0,0,0,0,0,0,0
60273.12360431,0.999961157,8.850814e-4,0,0,0,0,0,0,0,0,0,0
60273.12406495,0.999995019,8.849975e-4,0,0,0,0,0,0,0,0,0,0
60273.12452560,1.000155260,8.852700e-4,0,0,0,0,0,0,0,0,0,0
60273.12498625,1.000234715,8.848543e-4,0,0,0,0,0,0,0,0,0,0
60273.12544690,0.999543787,8.852631e-4,0,0,0,0,0,0,0,0,0,0
60273.12590754,1.000931813,8.884282e-4,0,0,0,0,0,0,0,0,0,0
60273.12636819,1.000750530,8.850020e-4,0,0,0,0,0,0,0,0,0,0
60273.12682884,1.002108713,8.853711e-4,0,0,0,0,0,0,0,0,0,0
60273.12728948,0.999394106,8.851422e-4,0,0,0,0,0,0,0,0,0,0
60273.12775013,1.001182883,8.849620e-4,0,0,0,0,0,0,0,0,0,0
60273.12821078,0.999930273,8.853869e-4,0,0,0,0,0,0,0,0,0,0
60273.12867143,1.000353568,8.852181e-4,0,0,0,0,0,0,0,0,0,0
60273.12913207,0.999593772,8.855159e-4,0,0,0,0,0,0,0,0,0,0
60273.12959272,0.999884792,8.852390e-4,0,0,0,0,0,0,0,0,0,0
60273.13005337,1.000960730,8.854473e-4,0,0,0,0,0,0,0,0,0,0
60273.13051401,1.000438792,8.853109e-4,0,0,0,0,0,0,0,0,0,0
60273.13097466,1.002449038,8.853143e-4,0,0,0,0,0,0,0,0,0,0
60273.13143531,1.000011852,8.852691e-4,0,0,0,0,0,0,0,0,0,0
60273.13189596,1.000445673,8.847653e-4,0,0,0,0,0,0,0,0,0,0
60273.13235660,1.000337158,8.853899e-4,0,0,0,0,0,0,0,0,0,0
60273.13281725,1.000349394,8.852474e-4,0,0,0,0,0,0,0,0,0,0
60273.13327790,1.000084191,8.850253e-4,0,0,0,0,0,0,0,0,0,0
60273.13373854,1.001107066,8.848635e-4,0,0,0,0,0,0,0,0,0,0
60273.13419919,1.000177410,8.862975e-4,0,0,0,0,0,0,0,0,0,0
60273.13465984,0.999352947,8.850874e-4,0,0,0,0,0,0,0,0,0,0
60273.13512049,1.000736571,8.849782e-4,0,0,0,0,0,0,0,0,0,0
60273.13558113,0.998455384,8.851887e-4,0,0,0,0,0,0,0,0,0,0
60273.13604178,1.001974367,8.850365e-4,0,0,0,0,0,0,0,0,0,0
60273.13650243,1.000124729,8.852654e-4,0,0,0,0,0,0,0,0,0,0
60273.13696307,0.999389767,8.846506e-4,0,0,0,0,0,0,0,0,0,0
60273.13742372,0.999981915,8.850449e-4,0,0,0,0,0,0,0,0,0,0
60273.13788437,1.001322755,8.855516e-4,0,0,0,0,0,0,0,0,0,0
60273.13834501,0.999950125,8.850692e-4,0,0,0,0,0,0,0,0,0,0
60273.13880566,1.001478058,8.853632e-4,0,0,0,0,0,0,0,0,0,0
60273.13926631,0.999390211,8.858037e-4,0,0,0,0,0,0,0,0,0,0
60273.13972696,1.001544119,8.852082e-4,0,0,0,0,0,0,0,0,0,0
60273.14018760,1.000165874,8.849571e-4,0,0,0,0,0,0,0,0,0,0
60273.14064825,1.000237366,8.851614e-4,0,0,0,0,0,0,0,0,0,0
60273.14110890,1.000910836,8.853197e-4,0,0,0,0,0,0,0,0,0,0
60273.14156954,1.001372014,8.854172e-4,0,0,0,0,0,0,0,0,0,0
60273.14203019,1.000152018,8.857004e-4,0,0,0,0,0,0,0,0,0,0
60273.14249084,1.000159249,8.853326e-4,0,0,0,0,0,0,0,0,0,0
60273.14295149,1.000051189,8.853785e-4,0,0,0,0,0,0,0,0,0,0
60273.14341213,1.000055989,8.852315e-4,0,0,0,0,0,0,0,0,0,0
60273.14387278,0.999314596,8.852707e-4,0,0,0,0,0,0,0,0,0,0
60273.14433343,1.000809536,8.857514e-4,0,0,0,0,0,0,0,0,0,0
60273.14479407,1.000680680,8.851817e-4,0,0,0,0,0,0,0,0,0,0
60273.14525472,1.000035490,8.851921e-4,0,0,0,0,0,0,0,0,0,0
60273.14571537,1.000476604,8.851015e-4,0,0,0,0,0,0,0,0,0,0
60273.14617602,1.001147422,8.850824e-4,0,0,0,0,0,0,0,0,0,0
60273.14663666,1.001323059,8.852201e-4,0,0,0,0,0,0,0,0,0,0
60273.14709731,1.000423769,8.850503e-4,0,0,0,0,0,0,0,0,0,0
60273.14755796,0.998606087,8.850310e-4,0,0,0,0,0,0,0,0,0,0
60273.14801860,1.000227706,8.853123e-4,0,0,0,0,0,0,0,0,0,0
60273.14847925,0.998754488,8.849542e-4,0,0,0,0,0,0,0,0,0,0
60273.14893990,1.002018046,8.849968e-4,0,0,0,0,0,0,0,0,0,0
60273.14940055,1.000539129,8.854509e-4,0,0,0,0,0,0,0,0,0,0
60273.14986119,1.001109395,8.849284e-4,0,0,0,0,0,0,0,0,0,0
60273.15032184,0.999470029,8.850171e-4,0,0,0,0,0,0,0,0,0,0
60273.15078249,0.999327162,8.849191e-4,0,0,0,0,0,0,0,0,0,0
60273.15124313,1.000525749,8.854412e-4,0,0,0,0,0,0,0,0,0,0
60273.15170378,0.999900084,8.853378e-4,0,0,0,0,0,0,0,0,0,0
60273.15216443,1.001006724,8.850169e-4,0,0,0,0,0,0,0,0,0,0
60273.15262507,1.000649873,8.853343e-4,0,0,0,0,0,0,0,0,0,0
60273.15308572,1.001260917,8.852378e-4,0,0,0,0,0,0,0,0,0,0
60273.15354637,1.000139872,8.848669e-4,0,0,0,0,0,0,0,0,0,0
60273.15400702,1.001193726,8.854620e-4,0,0,0,0,0,0,0,0,0,0
60273.15446766,1.001602384,8.866952e-4,0,0,0,0,0,0,0,0,0,0
60273.15492831,0.999644737,8.854291e-4,0,0,0,0,0,0,0,0,0,0
60273.15538896,1.001080912,8.852491e-4,0,0,0,0,0,0,0,0,0,0
60273.15584960,1.000810766,8.854848e-4,0,0,0,0,0,0,0,0,0,0
60273.15631025,1.001255857,8.854492e-4,0,0,0,0,0,0,0,0,0,0
60273.15677090,1.000716209,8.857233e-4,0,0,0,0,0,0,0,0,0,0
60273.15723155,1.000278140,8.853592e-4,0,0,0,0,0,0,0,0,0,0
60273.15769219,0.999426871,8.856251e-4,0,0,0,0,0,0,0,0,0,0
60273.15815284,1.000295901,8.851700e-4,0,0,0,0,0,0,0,0,0,0
60273.15861349,1.000639732,8.854053e-4,0,0,0,0,0,0,0,0,0,0
60273.15907413,0.999569217,8.855461e-4,0,0,0,0,0,0,0,0,0,0
60273.15953478,0.999981922,8.853228e-4,0,0,0,0,0,0,0,0,0,0
60273.15999543,1.000256826,8.854561e-4,0,0,0,0,0,0,0,0,0,0
60273.16045608,1.002283641,8.851012e-4,0,0,0,0,0,0,0,0,0,0
60273.16091672,1.000233648,8.854326e-4,0,0,0,0,0,0,0,0,0,0
60273.16137737,0.999411991,8.854380e-4,0,0,0,0,0,0,0,0,0,0
60273.16183802,1.001288535,8.851937e-4,0,0,0,0,0,0,0,0,0,0
60273.16229866,1.000455644,8.855045e-4,0,0,0,0,0,0,0,0,0,0
60273.16275931,0.999209876,8.853048e-4,0,0,0,0,0,0,0,0,0,0
60273.16321996,1.000037402,8.851965e-4,0,0,0,0,0,0,0,0,0,0
60273.16368061,1.002156542,8.854387e-4,0,0,0,0,0,0,0,0,0,0
60273.16414125,1.001815678,8.853070e-4,0,0,0,0,0,0,0,0,0,0
60273.16460190,1.002715084,8.857961e-4,0,0,0,0,0,0,0,0,0,0
60273.16506255,0.999016852,8.854362e-4,0,0,0,0,0,0,0,0,0,0
60273.16552319,0.999743761,8.850639e-4,0,0,0,0,0,0,0,0,0,0
60273.16598384,1.001609140,8.855409e-4,0,0,0,0,0,0,0,0,0,0
60273.16644449,1.001359534,8.851019e-4,0,0,0,0,0,0,0,0,0,0
60273.16690513,1.000517740,8.850333e-4,0,0,0,0,0,0,0,0,0,0
60273.16736578,0.997209620,8.881822e-4,0,0,0,0,0,0,0,0,0,0
60273.16782643,1.000766377,8.852128e-4,0,0,0,0,0,0,0,0,0,0
60273.16828708,1.001475891,8.864171e-4,0,0,0,0,0,0,0,0,0,0
60273.16874772,0.998733075,8.853916e-4,0,0,0,0,0,0,0,0,0,0
60273.16920837,1.000210512,8.851741e-4,0,0,0,0,0,0,0,0,0,0
60273.16966902,0.999730431,8.852702e-4,0,0,0,0,0,0,0,0,0,0
60273.17012966,1.000760610,8.850324e-4,0,0,0,0,0,0,0,0,0,0
60273.17059031,1.000205209,8.853803e-4,0,0,0,0,0,0,0,0,0,0
60273.17105096,0.999445906,8.852762e-4,0,0,0,0,0,0,0,0,0,0
60273.17151161,1.000772641,8.855521e-4,0,0,0,0,0,0,0,0,0,0
60273.17197225,1.001462598,8.854910e-4,0,0,0,0,0,0,0,0,0,0
60273.17243290,0.999814806,8.850851e-4,0,0,0,0,0,0,0,0,0,0
60273.17289355,1.000114893,8.853746e-4,0,0,0,0,0,0,0,0,0,0
60273.17335419,1.002324860,8.853535e-4,0,0,0,0,0,0,0,0,0,0
60273.17381484,1.000784314,8.854638e-4,0,0,0,0,0,0,0,0,0,0
60273.17427549,1.000189017,8.855644e-4,0,0,0,0,0,0,0,0,0,0
60273.17473614,1.001260744,8.862901e-4,0,0,0,0,0,0,0,0,0,0
60273.17519678,1.000967496,8.854417e-4,0,0,0,0,0,0,0,0,0,0
60273.17565743,0.999452735,8.849892e-4,0,0,0,0,0,0,0,0,0,0
60273.17611808,0.999422071,8.853890e-4,0,0,0,0,0,0,0,0,0,0
60273.17657872,1.000765729,8.853703e-4,0,0,0,0,0,0,0,0,0,0
60273.17703937,1.000574763,8.858396e-4,0,0,0,0,0,0,0,0,0,0
60273.17750002,1.002131572,8.852449e-4,0,0,0,0,0,0,0,0,0,0
60273.17796067,1.000812017,8.854896e-4,0,0,0,0,0,0,0,0,0,0
60273.17842131,1.000132710,8.856989e-4,0,0,0,0,0,0,0,0,0,0
60273.17888196,1.001948843,8.854202e-4,0,0,0,0,0,0,0,0,0,0
60273.17934261,1.000461467,8.853128e-4,0,0,0,0,0,0,0,0,0,0
60273.17980325,1.000536482,8.855145e-4,0,0,0,0,0,0,0,0,0,0
60273.18026390,1.001613048,8.854517e-4,0,0,0,0,0,0,0,0,0,0
60273.18072455,1.000292415,8.856905e-4,0,0,0,0,0,0,0,0,0,0
60273.18118519,0.998899690,8.852229e-4,0,0,0,0,0,0,0,0,0,0
60273.18164584,1.000644891,8.850443e-4,0,0,0,0,0,0,0,0,0,0
60273.18210649,1.000864591,8.849530e-4,0,0,0,0,0,0,0,0,0,0
60273.18256714,1.002063812,8.853900e-4,0,0,0,0,0,0,0,0,0,0
60273.18302778,0.999063857,8.855613e-4,0,0,0,0,0,0,0,0,0,0
60273.18348843,0.999824659,8.856246e-4,0,0,0,0,0,0,0,0,0,0
60273.18394908,1.000111432,8.855981e-4,0,0,0,0,0,0,0,0,0,0
60273.18440972,1.001766130,8.850386e-4,0,0,0,0,0,0,0,0,0,0
60273.18487037,0.998763692,8.859618e-4,0,0,0,0,0,0,0,0,0,0
60273.18533102,1.000818255,8.853360e-4,0,0,0,0,0,0,0,0,0,0
60273.18579167,0.999897045,8.854219e-4,0,0,0,0,0,0,0,0,0,0
60273.18625231,1.000375944,8.854739e-4,0,0,0,0,0,0,0,0,0,0
60273.18671296,1.000247264,8.855094e-4,0,0,0,0,0,0,0,0,0,0
60273.18717361,0.999258349,8.855642e-4,0,0,0,0,0,0,0,0,0,0
60273.18763425,1.000297583,8.855046e-4,0,0,0,0,0,0,0,0,0,0
60273.18809490,0.999715293,8.853329e-4,0,0,0,0,0,0,0,0,0,0
60273.18855555,1.000382153,8.854633e-4,0,0,0,0,0,0,0,0,0,0
60273.18901620,0.999750000,8.852915e-4,0,0,0,0,0,0,0,0,0,0
60273.18947684,1.000215056,8.856590e-4,0,0,0,0,0,0,0,0,0,0
60273.18993749,1.002931374,8.855186e-4,0,0,0,0,0,0,0,0,0,0
60273.19039814,1.000701771,8.856194e-4,0,0,0,0,0,0,0,0,0,0
60273.19085878,1.001473616,8.854411e-4,0,0,0,0,0,0,0,0,0,0
60273.19131943,1.000674572,8.853433e-4,0,0,0,0,0,0,0,0,0,0
60273.19178008,1.000281564,8.856698e-4,0,0,0,0,0,0,0,0,0,0
60273.19224073,1.000903390,8.855010e-4,0,0,0,0,0,0,0,0,0,0
60273.19270137,1.000815009,8.856673e-4,0,0,0,0,0,0,0,0,0,0
60273.19316202,1.001150639,8.854244e-4,0,0,0,0,0,0,0,0,0,0
60273.19362267,1.000786899,8.856920e-4,0,0,0,0,0,0,0,0,0,0
60273.19408331,0.999022489,8.857636e-4,0,0,0,0,0,0,0,0,0,0
60273.19454396,1.000194696,8.854039e-4,0,0,0,0,0,0,0,0,0,0
60273.19500461,0.999803066,8.856378e-4,0,0,0,0,0,0,0,0,0,0
60273.19546525,1.000538268,8.852882e-4,0,0,0,0,0,0,0,0,0,0
60273.19592590,1.000271506,8.850197e-4,0,0,0,0,0,0,0,0,0,0
60273.19638655,1.000383864,8.855617e-4,0,0,0,0,0,0,0,0,0,0
60273.19684720,1.000765114,8.853463e-4,0,0,0,0,0,0,0,0,0,0
60273.19730784,0.999491876,8.851844e-4,0,0,0,0,0,0,0,0,0,0
60273.19776849,1.001355100,8.851754e-4,0,0,0,0,0,0,0,0,0,0
60273.19822914,1.000831128,8.858285e-4,0,0,0,0,0,0,0,0,0,0
60273.19868978,1.001362739,8.854526e-4,0,0,0,0,0,0,0,0,0,0
60273.19915043,0.999998564,8.852951e-4,0,0,0,0,0,0,0,0,0,0
60273.19961108,1.000224524,8.851613e-4,0,0,0,0,0,0,0,0,0,0
60273.20007173,1.000770880,8.854373e-4,0,0,0,0,0,0,0,0,0,0
60273.20053237,1.000057659,8.855754e-4,0,0,0,0,0,0,0,0,0,0
60273.20099302,1.000474321,8.854497e-4,0,0,0,0,0,0,0,0,0,0
60273.20145367,0.999325790,8.855765e-4,0,0,0,0,0,0,0,0,0,0
60273.20191431,1.000385758,8.850079e-4,0,0,0,0,0,0,0,0,0,0
60273.20237496,1.000409361,8.854676e-4,0,0,0,0,0,0,0,0,0,0
60273.20283561,1.001285250,8.850177e-4,0,0,0,0,0,0,0,0,0,0
60273.20329626,0.998836006,8.848856e-4,0,0,0,0,0,0,0,0,0,0
60273.20375690,0.998915506,8.853892e-4,0,0,0,0,0,0,0,0,0,0
60273.20421755,1.001534809,8.852533e-4,0,0,0,0,0,0,0,0,0,0
60273.20467820,1.001241370,8.850613e-4,0,0,0,0,0,0,0,0,0,0
60273.20513884,1.000344790,8.851905e-4,0,0,0,0,0,0,0,0,0,0
60273.20559949,1.000026848,8.856011e-4,0,0,0,0,0,0,0,0,0,0
60273.20606014,1.002674393,8.850418e-4,0,0,0,0,0,0,0,0,0,0
60273.20652078,1.002259492,8.848982e-4,0,0,0,0,0,0,0,0,0,0
60273.20698143,1.000343957,8.856026e-4,0,0,0,0,0,0,0,0,0,0
60273.20744208,1.000804616,8.853210e-4,0,0,0,0,0,0,0,0,0,0
60273.20790273,1.000131315,8.855274e-4,0,0,0,0,0,0,0,0,0,0
60273.20836337,1.000381995,8.853332e-4,0,0,0,0,0,0,0,0,0,0
60273.20882402,1.002506559,8.879290e-4,0,0,0,0,0,0,0,0,0,0
60273.20928467,0.998850060,8.854965e-4,0,0,0,0,0,0,0,0,0,0
60273.20974531,1.000561420,8.854766e-4,0,0,0,0,0,0,0,0,0,0
60273.21020596,1.000685322,8.852921e-4,0,0,0,0,0,0,0,0,0,0
60273.21066661,1.001823744,8.851304e-4,0,0,0,0,0,0,0,0,0,0
60273.21112726,1.000305793,8.855000e-4,0,0,0,0,0,0,0,0,0,0
60273.21158790,1.001692602,8.850503e-4,1,0,0,0,0,0,0,0,0,0
60273.21204855,1.001370068,8.850042e-4,1,0,0,0,0,0,0,0,0,0
60273.21250920,0.999813265,8.853725e-4,1,0,0,0,0,0,0,0,0,0
60273.21296984,1.001256105,8.850869e-4,1,0,0,0,0,0,0,0,0,0
60273.21343049,0.999349760,8.855377e-4,1,0,0,0,0,0,0,0,0,0
60273.21389114,0.999566314,8.852873e-4,1,0,0,0,0,0,0,0,0,0
60273.21435179,1.001116923,8.853470e-4,1,0,0,0,0,0,0,0,0,0
60273.21481243,1.000750120,8.855120e-4,1,0,0,0,0,0,0,0,0,0
60273.21527308,1.000982786,8.852243e-4,1,0,0,0,0,0,0,0,0,0
60273.21573373,1.000921844,8.851589e-4,1,0,0,0,0,0,0,0,0,0
60273.21619437,1.000974976,8.855299e-4,1,0,0,0,0,0,0,0,0,0
60273.21665502,1.001601813,8.854375e-4,1,0,0,0,0,0,0,0,0,0
60273.21711567,1.000465179,8.854179e-4,1,0,0,0,0,0,0,0,0,0
60273.21757631,0.999895542,8.854297e-4,1,0,0,0,0,0,0,0,0,0
60273.21803696,1.001388601,8.851703e-4,1,0,0,0,0,0,0,0,0,0
60273.21849761,0.999581134,8.852776e-4,1,0,0,0,0,0,0,0,0,0
60273.21895826,1.000950399,8.855739e-4,1,0,0,0,0,0,0,0,0,0
60273.21941890,0.999218746,8.853686e-4,1,0,0,0,0,0,0,0,0,0
60273.21987955,1.000574816,8.857128e-4,1,0,0,0,0,0,0,0,0,0
60273.22034020,1.001016480,8.851384e-4,1,0,0,0,0,0,0,0,0,0
60273.22080084,1.000642865,8.855816e-4,1,0,0,0,0,0,0,0,0,0
60273.22126149,1.002822273,8.853853e-4,1,0,0,0,0,0,0,0,0,0
60273.22172214,1.001189777,8.849321e-4,1,0,0,0,0,0,0,0,0,0
60273.22218279,1.001241003,8.838094e-4,1,0,0,0,0,0,0,0,0,0
60273.22264343,1.000546749,8.839666e-4,1,0,0,0,0,0,0,0,0,0
60273.22310408,0.998475991,8.843277e-4,1,0,0,0,0,0,0,0,0,0
60273.22356473,1.000270460,8.841017e-4,1,0,0,0,0,0,0,0,0,0
60273.22402537,0.999144657,8.835415e-4,1,0,0,0,0,0,0,0,0,0
60273.22448602,1.000086432,8.835297e-4,1,0,0,0,0,0,0,0,0,0
60273.22494667,1.000160358,8.840116e-4,1,0,0,0,0,0,0,0,0,0
60273.22540732,1.001388723,8.833900e-4,1,0,0,0,0,0,0,0,0,0
60273.22586796,0.999503840,8.834791e-4,1,0,0,0,0,0,0,0,0,0
60273.22632861,1.001153960,8.838523e-4,1,0,0,0,0,0,0,0,0,0
60273.22678926,1.000101171,8.836094e-4,1,0,0,0,0,0,0,0,0,0
60273.22724990,0.999975231,8.837435e-4,1,0,0,0,0,0,0,0,0,0
60273.22771055,0.999327071,8.838099e-4,1,0,0,0,0,0,0,0,0,0
60273.22817120,1.001331255,8.836537e-4,1,0,0,0,0,0,0,0,0,0
60273.22863185,1.001420429,8.835412e-4,1,0,0,0,0,0,0,0,0,0
60273.22909249,1.000461100,8.832325e-4,1,0,0,0,0,0,0,0,0,0
60273.22955314,1.000607447,8.834428e-4,1,0,0,0,0,0,0,0,0,0
60273.23001379,1.001026020,8.840328e-4,1,0,0,0,0,0,0,0,0,0
60273.23047443,0.999924589,8.841823e-4,1,0,0,0,0,0,0,0,0,0
60273.23093508,1.000646996,8.838722e-4,1,0,0,0,0,0,0,0,0,0
60273.23139573,1.000559124,8.842975e-4,1,0,0,0,0,0,0,0,0,0
60273.23185637,1.000257646,8.836178e-4,1,0,0,0,0,0,0,0,0,0
60273.23231702,1.000200972,8.836691e-4,1,0,0,0,0,0,0,0,0,0
60273.23277767,1.001602300,8.837374e-4,1,0,0,0,0,0,0,0,0,0
60273.23323832,1.001030687,8.836357e-4,1,0,0,0,0,0,0,0,0,0
60273.23369896,0.999846883,8.835272e-4,1,0,0,0,0,0,0,0,0,0
60273.23415961,0.999923226,8.840711e-4,1,0,0,0,0,0,0,0,0,0
60273.23462026,1.000372780,8.837601e-4,1,0,0,0,0,0,0,0,0,0
60273.23508090,0.999803008,8.834290e-4,1,0,0,0,0,0,0,0,0,0
60273.23554155,1.000541374,8.836251e-4,1,0,0,0,0,0,0,0,0,0
60273.23600220,1.000469040,8.841172e-4,1,0,0,0,0,0,0,0,0,0
60273.23646285,1.000341697,8.838525e-4,1,0,0,0,0,0,0,0,0,0
60273.23692349,1.001872709,8.838537e-4,1,0,0,0,0,0,0,0,0,0
60273.23738414,1.000003473,8.838522e-4,1,0,0,0,0,0,0,0,0,0
60273.23784479,1.000303172,8.839036e-4,1,0,0,0,0,0,0,0,0,0
60273.23830543,1.000043444,8.837357e-4,1,0,0,0,0,0,0,0,0,0
60273.23876608,1.000301030,8.835363e-4,1,0,0,0,0,0,0,0,0,0
60273.23922673,1.001736061,8.836657e-4,1,0,0,0,0,0,0,0,0,0
60273.23968738,1.000701809,8.834473e-4,1,0,0,0,0,0,0,0,0,0
60273.24014802,1.001124910,8.836314e-4,1,0,0,0,0,0,0,0,0,0
60273.24060867,1.000041023,8.854276e-4,1,0,0,0,0,0,0,0,0,0
60273.24106932,1.002050836,8.841304e-4,1,0,0,0,0,0,0,0,0,0
60273.24152996,0.999782407,8.837947e-4,1,0,0,0,0,0,0,0,0,0
60273.24199061,1.000411215,8.838958e-4,1,0,0,0,0,0,0,0,0,0
60273.24245126,1.001840149,8.837731e-4,1,0,0,0,0,0,0,0,0,0
60273.24291190,1.000813233,8.836640e-4,1,0,0,0,0,0,0,0,0,0
60273.24337255,1.001173521,8.837803e-4,1,0,0,0,0,0,0,0,0,0
60273.24383320,1.000805301,8.836035e-4,1,0,0,0,0,0,0,0,0,0
60273.24429385,1.000604881,8.838878e-4,1,0,0,0,0,0,0,0,0,0
60273.24475449,1.000082318,8.854702e-4,1,0,0,0,0,0,0,0,0,0
60273.24521514,1.001021259,8.855430e-4,1,0,0,0,0,0,0,0,0,0
60273.24567579,1.002736850,8.855340e-4,1,0,0,0,0,0,0,0,0,0
60273.24613643,0.999798466,8.854434e-4,1,0,0,0,0,0,0,0,0,0
60273.24659708,1.000305536,8.851376e-4,1,0,0,0,0,0,0,0,0,0
60273.24705773,1.000635476,8.858276e-4,1,0,0,0,0,0,0,0,0,0
60273.24751838,0.999584475,8.855667e-4,1,0,0,0,0,0,0,0,0,0
60273.24797902,0.999771191,8.855843e-4,1,0,0,0,0,0,0,0,0,0
60273.24843967,1.000530203,8.858314e-4,1,0,0,0,0,0,0,0,0,0
60273.24890032,0.998770038,8.852462e-4,1,0,0,0,0,0,0,0,0,0
60273.24936096,1.001642038,8.851821e-4,1,0,0,0,0,0,0,0,0,0
60273.24982161,1.001294378,8.855486e-4,1,0,0,0,0,0,0,0,0,0
60273.25028226,1.001082480,8.851207e-4,1,0,0,0,0,0,0,0,0,0
60273.25074290,0.999867355,8.854687e-4,1,0,0,0,0,0,0,0,0,0
60273.25120355,0.999529611,8.853513e-4,1,0,0,0,0,0,0,0,0,0
60273.25166420,1.000902328,8.853112e-4,1,0,0,0,0,0,0,0,0,0
60273.25212485,1.000376089,8.854679e-4,1,0,0,0,0,0,0,0,0,0
60273.25258549,1.000956163,8.853225e-4,1,0,0,0,0,0,0,0,0,0
60273.25304614,1.000987156,8.853390e-4,1,0,0,0,0,0,0,0,0,0
60273.25350679,1.001123396,8.854388e-4,1,0,0,0,0,0,0,0,0,0
60273.25396743,1.000718749,8.853766e-4,1,0,0,0,0,0,0,0,0,0
60273.25442808,1.001193138,8.864587e-4,1,0,0,0,0,0,0,0,0,0
60273.25488873,1.001776735,8.855751e-4,0,0,0,0,0,0,0,0,0,0
60273.25534938,0.999485575,8.854431e-4,0,0,0,0,0,0,0,0,0,0
60273.25581002,1.000718405,8.848974e-4,0,0,0,0,0,0,0,0,0,0
60273.25627067,1.000779258,8.858429e-4,0,0,0,0,0,0,0,0,0,0
60273.25673132,1.000173753,8.851641e-4,0,0,0,0,0,0,0,0,0,0
60273.25719196,1.000723127,8.858759e-4,0,0,0,0,0,0,0,0,0,0
60273.25765261,1.000468119,8.855823e-4,0,0,0,0,0,0,0,0,0,0
60273.25811326,1.000611709,8.856985e-4,0,0,0,0,0,0,0,0,0,0
60273.25857391,1.003527052,8.878095e-4,0,0,0,0,0,0,0,0,0,0
60273.25903455,1.000691472,8.856989e-4,0,0,0,0,0,0,0,0,0,0
60273.25949520,1.001676813,8.854923e-4,0,0,0,0,0,0,0,0,0,0
60273.25995585,1.000265702,8.856821e-4,0,0,0,0,0,0,0,0,0,0
60273.26041649,1.000644002,8.853511e-4,0,0,0,0,0,0,0,0,0,0
60273.26087714,1.000234373,8.859894e-4,0,0,0,0,0,0,0,0,0,0
60273.26133779,0.999198837,8.857727e-4,0,0,0,0,0,0,0,0,0,0
60273.26179843,0.999607403,8.856036e-4,0,0,0,0,0,0,0,0,0,0
60273.26225908,1.000017002,8.866231e-4,0,0,0,0,0,0,0,0,0,0
60273.26271973,1.001101525,8.853759e-4,0,0,0,0,0,0,0,0,0,0
60273.26318038,0.999460924,8.853333e-4,0,0,0,0,0,0,0,0,0,0
60273.26364102,1.000660066,8.853806e-4,0,0,0,0,0,0,0,0,0,0
60273.26410167,0.999751042,8.854691e-4,0,0,0,0,0,0,0,0,0,0
60273.26456232,1.000261440,8.855015e-4,0,0,0,0,0,0,0,0,0,0
60273.26502296,1.001155003,8.854011e-4,0,0,0,0,0,0,0,0,0,0
60273.26548361,1.001973390,8.854918e-4,0,0,0,0,0,0,0,0,0,0
60273.26594426,0.998599288,8.851993e-4,0,0,0,0,0,0,0,0,0,0
60273.26640491,1.001087636,8.856372e-4,0,0,0,0,0,0,0,0,0,0
60273.26686555,1.001643061,8.852626e-4,0,0,0,0,0,0,0,0,0,0
60273.26732620,1.000664433,8.854793e-4,0,0,0,0,0,0,0,0,0,0
60273.26778685,0.999703051,8.857509e-4,0,0,0,0,0,0,0,0,0,0
60273.26824749,1.000802167,8.855299e-4,0,0,0,0,0,0,0,0,0,0
60273.26870814,1.000904959,8.855404e-4,0,0,0,0,0,0,0,0,0,0
60273.26916879,1.000463063,8.854502e-4,0,0,0,0,0,0,0,0,0,0
60273.26962944,1.001357282,8.857115e-4,0,0,0,0,0,0,0,0,0,0
60273.27009008,1.000751218,8.854497e-4,0,0,0,0,0,0,0,0,0,0
60273.27055073,1.000124940,8.854644e-4,0,0,0,0,0,0,0,0,0,0
60273.27101138,1.001396783,8.852642e-4,0,0,0,0,0,0,0,0,0,0
60273.27147202,1.001194327,8.854196e-4,0,0,0,0,0,0,0,0,0,0
60273.27193267,1.000627752,8.853783e-4,0,0,0,0,0,0,0,0,0,0
60273.27239332,1.000496195,8.858808e-4,0,0,0,0,0,0,0,0,0,0
60273.27285396,1.000468560,8.857687e-4,0,0,0,0,0,0,0,0,0,0
60273.27331461,1.000374298,8.858665e-4,0,0,0,0,0,0,0,0,0,0
60273.27377526,1.001083698,8.863704e-4,0,0,0,0,0,0,0,0,0,0
60273.27423591,0.999650782,8.856334e-4,0,0,0,0,0,0,0,0,0,0
60273.27469655,1.000028546,8.855835e-4,0,0,0,0,0,0,0,0,0,0
60273.27515720,1.000418047,8.855612e-4,0,0,0,0,0,0,0,0,0,0
60273.27561785,1.000397163,8.857188e-4,0,0,0,0,0,0,0,0,0,0
60273.27607849,1.001554696,8.856090e-4,0,0,0,0,0,0,0,0,0,0
60273.27653914,1.000670037,8.852760e-4,0,0,0,0,0,0,0,0,0,0
60273.27699979,1.001031263,8.858983e-4,0,0,0,0,0,0,0,0,0,0
60273.27746044,1.001623773,8.855315e-4,0,0,0,0,0,0,0,0,0,0
60273.27792108,1.001222501,8.857289e-4,0,0,0,0,0,0,0,0,0,0
60273.27838173,0.999605892,8.853972e-4,0,0,0,0,0,0,0,0,0,0
60273.27884238,1.002346497,8.855043e-4,0,0,0,0,0,0,0,0,0,0
60273.27930302,1.000534981,8.857646e-4,0,0,0,0,0,0,0,0,0,0
60273.27976367,0.999686980,8.859097e-4,0,0,0,0,0,0,0,0,0,0
60273.28022432,1.000299908,8.855490e-4,0,0,0,0,0,0,0,0,0,0
60273.28068497,1.001967621,8.854212e-4,0,0,0,0,0,0,0,0,0,0
60273.28114561,0.999622621,8.855701e-4,0,0,0,0,0,0,0,0,0,0
60273.28160626,1.000502692,8.860349e-4,0,0,0,0,0,0,0,0,0,0
60273.28206691,1.000836230,8.856772e-4,0,0,0,0,0,0,0,0,0,0
60273.28252755,1.000326853,8.857358e-4,0,0,0,0,0,0,0,0,0,0
60273.28298820,0.999814253,8.854694e-4,0,0,0,0,0,0,0,0,0,0
60273.28344885,1.000591356,8.857314e-4,0,0,0,0,0,0,0,0,0,0
60273.28390949,1.001388807,8.854641e-4,0,0,0,0,0,0,0,0,0,0
60273.28437014,0.999052003,8.857676e-4,0,0,0,0,0,0,0,0,0,0
60273.28483079,1.000816581,8.856510e-4,0,0,0,0,0,0,0,0,0,0
60273.28529144,1.000467861,8.857543e-4,0,0,0,0,0,0,0,0,0,0
60273.28575208,0.998765417,8.857118e-4,0,0,0,0,0,0,0,0,0,0
60273.28621273,1.000941816,8.853928e-4,0,0,0,0,0,0,0,0,0,0
60273.28667338,1.000765625,8.857776e-4,0,0,0,0,0,0,0,0,0,0
60273.28713402,1.001445329,8.859394e-4,0,0,0,0,0,0,0,0,0,0
60273.28759467,1.001806366,8.856683e-4,0,0,0,0,0,0,0,0,0,0
60273.28805532,1.001907237,8.857378e-4,0,0,0,0,0,0,0,0,0,0
60273.28851597,1.000033910,8.858582e-4,0,0,0,0,0,0,0,0,0,0
60273.28897661,1.001060632,8.856444e-4,0,0,0,0,0,0,0,0,0,0
60273.28943726,1.001423614,8.859262e-4,0,0,0,0,0,0,0,0,0,0
59891.19417828,0.999835380,8.952035e-4,0,1,0,0,0,0,0,0,0,0
59891.19466002,1.000407481,8.951246e-4,0,1,0,0,0,0,0,0,0,0
59891.19514177,1.001711566,8.951065e-4,0,1,0,0,0,0,0,0,0,0
59891.19562352,1.002170620,8.950260e-4,0,1,0,0,0,0,0,0,0,0
59891.19610526,1.002871680,8.950593e-4,0,1,0,0,0,0,0,0,0,0
59891.19658701,1.000168229,8.951600e-4,0,1,0,0,0,0,0,0,0,0
59891.19706876,1.001064640,8.952257e-4,0,1,0,0,0,0,0,0,0,0
59891.19755050,1.002431420,9.085159e-4,0,1,0,0,0,0,0,0,0,0
59891.19803225,1.000936927,8.954103e-4,0,1,0,0,0,0,0,0,0,0
59891.19851400,1.000375112,8.953589e-4,0,1,0,0,0,0,0,0,0,0
59891.19899574,1.000272920,8.951577e-4,0,1,0,0,0,0,0,0,0,0
59891.19947749,1.001753432,9.034517e-4,0,1,0,0,0,0,0,0,0,0
59891.19995924,1.001304684,8.951592e-4,0,1,0,0,0,0,0,0,0,0
59891.20044098,0.998634426,8.951424e-4,0,1,0,0,0,0,0,0,0,0
59891.20092273,1.001069453,8.953764e-4,0,1,0,0,0,0,0,0,0,0
59891.20140448,1.000192922,8.951816e-4,0,1,0,0,0,0,0,0,0,0
59891.20188622,1.001524801,8.986775e-4,0,1,0,0,0,0,0,0,0,0
59891.20236797,1.000865713,8.950184e-4,0,1,0,0,0,0,0,0,0,0
59891.20284971,1.000428307,8.951244e-4,0,1,0,0,0,0,0,0,0,0
59891.20333146,1.001115297,8.951308e-4,0,1,0,0,0,0,0,0,0,0
59891.20381321,1.000637003,8.951425e-4,0,1,0,0,0,0,0,0,0,0
59891.20429495,1.001868007,9.008301e-4,0,1,0,0,0,0,0,0,0,0
59891.20477670,1.000540132,8.951499e-4,0,1,0,0,0,0,0,0,0,0
59891.20525845,0.999784790,8.949385e-4,0,1,0,0,0,0,0,0,0,0
59891.20574019,1.001629786,9.018521e-4,0,1,0,0,0,0,0,0,0,0
59891.20622194,1.000430630,8.950128e-4,0,1,0,0,0,0,0,0,0,0
59891.20670369,1.002212910,8.953682e-4,0,1,0,0,0,0,0,0,0,0
59891.20718543,1.000741440,8.950534e-4,0,1,0,0,0,0,0,0,0,0
59891.20766718,1.000493988,8.960391e-4,0,1,0,0,0,0,0,0,0,0
59891.20814893,1.001093580,8.948829e-4,0,1,0,0,0,0,0,0,0,0
59891.20863067,1.000352255,8.953740e-4,0,1,0,0,0,0,0,0,0,0
59891.20911242,1.001529288,8.992318e-4,0,1,0,0,0,0,0,0,0,0
59891.20959417,1.000575997,9.009508e-4,0,1,0,0,0,0,0,0,0,0
59891.21007591,1.001703356,8.949232e-4,0,1,0,0,0,0,0,0,0,0
59891.21055766,1.001294311,8.949351e-4,0,1,0,0,0,0,0,0,0,0
59891.21103941,1.000596017,8.947463e-4,0,1,0,0,0,0,0,0,0,0
59891.21152115,0.999782289,8.947555e-4,0,1,0,0,0,0,0,0,0,0
59891.21200290,1.001790778,9.147939e-4,0,1,0,0,0,0,0,0,0,0
59891.21248464,0.998917407,8.948532e-4,0,1,0,0,0,0,0,0,0,0
59891.21296639,1.002075499,8.949547e-4,0,1,0,0,0,0,0,0,0,0
59891.21344814,1.000429260,8.949793e-4,0,1,0,0,0,0,0,0,0,0
59891.21392988,1.001525486,8.949724e-4,0,1,0,0,0,0,0,0,0,0
59891.21441163,1.001781428,8.950415e-4,0,1,0,0,0,0,0,0,0,0
59891.21489338,1.001687727,8.948640e-4,0,1,0,0,0,0,0,0,0,0
59891.21537512,0.999964495,8.947880e-4,0,1,0,0,0,0,0,0,0,0
59891.21585687,1.002556217,8.949415e-4,0,1,0,0,0,0,0,0,0,0
59891.21633862,1.001886933,9.103512e-4,0,1,0,0,0,0,0,0,0,0
59891.21682036,1.002277180,9.043027e-4,0,1,0,0,0,0,0,0,0,0
59891.21730211,0.998699976,8.949994e-4,0,1,0,0,0,0,0,0,0,0
59891.21778386,0.999817238,8.947966e-4,0,1,0,0,0,0,0,0,0,0
59891.21826560,1.001064613,8.950167e-4,0,1,0,0,0,0,0,0,0,0
59891.21874735,1.001479662,8.951631e-4,0,1,0,0,0,0,0,0,0,0
59891.21922910,1.000479994,8.946387e-4,0,1,0,0,0,0,0,0,0,0
59891.21971084,1.000999235,8.946790e-4,0,1,0,0,0,0,0,0,0,0
59891.22019259,1.001746750,8.949848e-4,0,1,0,0,0,0,0,0,0,0
59891.22067433,1.000368746,8.947419e-4,0,1,0,0,0,0,0,0,0,0
59891.22115608,1.000672895,8.948510e-4,0,1,0,0,0,0,0,0,0,0
59891.22163783,0.999189916,8.998238e-4,0,1,0,0,0,0,0,0,0,0
59891.22211957,1.000945106,8.997228e-4,0,1,0,0,0,0,0,0,0,0
59891.22260132,1.001288424,8.946866e-4,0,1,0,0,0,0,0,0,0,0
59891.22308307,0.999745706,8.950538e-4,0,1,0,0,0,0,0,0,0,0
59891.22356481,0.999529906,8.958186e-4,0,1,0,0,0,0,0,0,0,0
59891.22404656,0.999673966,8.947920e-4,0,1,0,0,0,0,0,0,0,0
59891.22452831,1.000832116,8.945384e-4,0,1,0,0,0,0,0,0,0,0
59891.22501005,1.000668131,8.946451e-4,0,1,0,0,0,0,0,0,0,0
59891.22549180,1.001507217,8.950135e-4,0,1,0,0,0,0,0,0,0,0
59891.22597355,1.002527673,8.950103e-4,0,1,0,0,0,0,0,0,0,0
59891.22645529,1.000495559,8.957266e-4,0,1,0,0,0,0,0,0,0,0
59891.22693704,1.001994948,8.947627e-4,0,1,0,0,0,0,0,0,0,0
59891.22741879,1.001819537,8.948484e-4,0,1,0,0,0,0,0,0,0,0
59891.22790053,1.001895760,8.946466e-4,0,1,0,0,0,0,0,0,0,0
59891.22838228,1.000104112,8.959798e-4,0,1,0,0,0,0,0,0,0,0
59891.22886403,0.999972743,8.950217e-4,0,1,0,0,0,0,0,0,0,0
59891.22934577,1.001311615,8.946066e-4,0,1,0,0,0,0,0,0,0,0
59891.22982752,0.999921849,8.946399e-4,0,1,0,0,0,0,0,0,0,0
59891.23030926,1.001901789,8.947006e-4,0,1,0,0,0,0,0,0,0,0
59891.23079101,1.000251903,8.948469e-4,0,1,0,0,0,0,0,0,0,0
59891.23127276,0.999962476,8.989878e-4,0,1,0,0,0,0,0,0,0,0
59891.23175450,1.000912996,8.947972e-4,0,1,0,0,0,0,0,0,0,0
59891.23223625,1.000682837,8.945597e-4,0,1,0,0,0,0,0,0,0,0
59891.23271800,1.001298868,8.950089e-4,0,1,0,0,0,0,0,0,0,0
59891.23319974,1.000021342,8.948332e-4,0,1,0,0,0,0,0,0,0,0
59891.23368149,1.000228184,8.951310e-4,0,1,0,0,0,0,0,0,0,0
59891.23416324,0.998743445,8.946324e-4,0,1,0,0,0,0,0,0,0,0
59891.23464498,1.000486653,8.945292e-4,0,1,0,0,0,0,0,0,0,0
59891.23512673,1.000781244,8.945905e-4,0,1,0,0,0,0,0,0,0,0
59891.23560848,1.001251885,8.946273e-4,0,1,0,0,0,0,0,0,0,0
59891.23609022,1.000533351,8.946656e-4,0,1,0,0,0,0,0,0,0,0
59891.23657197,1.000070182,8.948970e-4,0,1,0,0,0,0,0,0,0,0
59891.23705372,1.000900543,8.950061e-4,0,1,0,0,0,0,0,0,0,0
59891.23753546,0.999465018,8.950406e-4,0,1,0,0,0,0,0,0,0,0
59891.23801721,1.000571315,8.949207e-4,0,1,0,0,0,0,0,0,0,0
59891.23849895,1.000251767,8.945956e-4,0,1,0,0,0,0,0,0,0,0
59891.23898070,1.002019413,8.950605e-4,0,1,0,0,0,0,0,0,0,0
59891.23946245,1.002230566,8.949103e-4,0,1,0,0,0,0,0,0,0,0
59891.23994419,1.000107253,8.950466e-4,0,1,0,0,0,0,0,0,0,0
59891.24042594,1.000956373,8.947745e-4,0,1,0,0,0,0,0,0,0,0
59891.24090769,1.001665880,8.951348e-4,0,1,0,0,0,0,0,0,0,0
59891.24138943,1.001428768,8.949326e-4,0,1,0,0,0,0,0,0,0,0
59891.24187118,0.999944140,8.951018e-4,0,1,0,0,0,0,0,0,0,0
59891.24235293,1.001145187,9.110534e-4,0,1,0,0,0,0,0,0,0,0
59891.24283467,1.000265561,8.949427e-4,0,1,0,0,0,0,0,0,0,0
59891.24331642,1.000739103,8.946335e-4,0,1,0,0,0,0,0,0,0,0
59891.24379817,1.001172800,8.949560e-4,0,1,0,0,0,0,0,0,0,0
59891.24427991,1.001041042,8.963158e-4,0,1,0,0,0,0,0,0,0,0
59891.24476166,1.001376639,8.950583e-4,0,1,0,0,0,0,0,0,0,0
59891.24524341,1.000667541,8.950093e-4,0,1,0,0,0,0,0,0,0,0
59891.24572515,1.000281747,8.947475e-4,0,1,0,0,0,0,0,0,0,0
59891.24620690,1.000967103,8.948400e-4,0,1,0,0,0,0,0,0,0,0
59891.24668865,1.003071748,8.946674e-4,0,1,0,0,0,0,0,0,0,0
59891.24717039,1.000663543,8.950207e-4,0,1,0,0,0,0,0,0,0,0
59891.24765214,1.000967428,8.948305e-4,0,1,0,0,0,0,0,0,0,0
59891.24813388,1.000475980,8.949715e-4,0,1,0,0,0,0,0,0,0,0
59891.24861563,1.001662704,8.952055e-4,0,1,0,0,0,0,0,0,0,0
59891.24909738,1.001358316,8.949140e-4,0,1,0,0,0,0,0,0,0,0
59891.24957912,0.998834444,8.949192e-4,0,1,0,0,0,0,0,0,0,0
59891.25006087,1.000960402,8.947819e-4,0,1,0,0,0,0,0,0,0,0
59891.25054262,1.000771763,8.947568e-4,0,1,0,0,0,0,0,0,0,0
59891.25102436,1.001182289,8.949077e-4,0,1,0,0,0,0,0,0,0,0
59891.25150611,1.000127651,8.950575e-4,0,1,0,0,0,0,0,0,0,0
59891.25198786,1.000614344,8.946180e-4,0,1,0,0,0,0,0,0,0,0
59891.25246960,1.002356547,8.949249e-4,0,1,0,0,0,0,0,0,0,0
59891.25295135,1.001578925,8.951751e-4,0,1,0,0,0,0,0,0,0,0
59891.25343310,0.999601114,8.948738e-4,0,1,0,0,0,0,0,0,0,0
59891.25391484,1.000994082,8.950790e-4,0,1,0,0,0,0,0,0,0,0
59891.25439659,1.000608509,8.946893e-4,0,1,0,0,0,0,0,0,0,0
59891.25487834,1.002010712,8.946568e-4,0,1,0,0,0,0,0,0,0,0
59891.25536008,1.002457208,8.945785e-4,0,1,0,0,0,0,0,0,0,0
59891.25584183,1.001183074,8.945908e-4,0,1,0,0,0,0,0,0,0,0
59891.25632357,1.001202507,9.004355e-4,0,1,0,0,0,0,0,0,0,0
59891.25680532,0.999922883,8.947294e-4,0,1,0,0,0,0,0,0,0,0
59891.25728707,1.000046980,8.946879e-4,0,1,0,0,0,0,0,0,0,0
59891.25776881,1.002820301,8.945038e-4,0,1,0,0,0,0,0,0,0,0
59891.25825056,0.999244905,8.946287e-4,0,1,0,0,0,0,0,0,0,0
59891.25873231,1.000441285,8.947429e-4,0,1,0,0,0,0,0,0,0,0
59891.25921405,1.000477904,8.947653e-4,0,1,0,0,0,0,0,0,0,0
59891.25969580,1.001050166,8.945239e-4,0,1,0,0,0,0,0,0,0,0
59891.26017755,1.000107625,8.947933e-4,0,1,0,0,0,0,0,0,0,0
59891.26065929,0.999464566,8.946169e-4,0,1,0,0,0,0,0,0,0,0
59891.26114104,1.000168458,8.945829e-4,0,1,0,0,0,0,0,0,0,0
59891.26162279,0.997959725,8.949828e-4,0,1,0,0,0,0,0,0,0,0
59891.26210453,1.000600920,8.945200e-4,0,1,0,0,0,0,0,0,0,0
59891.26258628,0.999540377,8.949156e-4,0,1,0,0,0,0,0,0,0,0
59891.26306803,0.999280425,8.942121e-4,0,1,0,0,0,0,0,0,0,0
59891.26354977,0.999748151,8.948373e-4,0,1,0,0,0,0,0,0,0,0
59891.26403152,0.999820638,8.945237e-4,0,1,0,0,0,0,0,0,0,0
59891.26451326,1.000436223,8.946383e-4,0,1,0,0,0,0,0,0,0,0
59891.26499501,1.001883243,8.947291e-4,0,1,0,0,0,0,0,0,0,0
59891.26547676,0.999725876,8.945821e-4,0,1,0,0,0,0,0,0,0,0
59891.26595850,1.000998897,8.943114e-4,0,1,0,0,0,0,0,0,0,0
59891.26644025,1.000640875,8.944936e-4,0,1,0,0,0,0,0,0,0,0
59891.26692200,1.000871294,8.946821e-4,0,1,0,0,0,0,0,0,0,0
59891.26740374,0.999565686,8.947853e-4,0,1,0,0,0,0,0,0,0,0
59891.26788549,1.001657477,8.947482e-4,0,1,0,0,0,0,0,0,0,0
59891.26836724,1.000795664,8.979108e-4,0,1,0,0,0,0,0,0,0,0
59891.26884898,0.998664740,8.947583e-4,0,1,0,0,0,0,0,0,0,0
59891.26933073,0.999011555,8.945299e-4,0,1,0,0,0,0,0,0,0,0
59891.26981248,0.998990985,8.945513e-4,0,1,0,0,0,0,0,0,0,0
59891.27029422,1.000897269,8.949611e-4,0,1,0,0,0,0,0,0,0,0
59891.27077597,0.999099011,8.944689e-4,0,1,0,0,0,0,0,0,0,0
59891.27125772,0.999906749,8.948940e-4,0,1,0,0,0,0,0,0,0,0
59891.27173946,1.000529620,8.946564e-4,0,1,0,0,0,0,0,0,0,0
59891.27222121,0.999885374,8.944105e-4,0,1,0,0,0,0,0,0,0,0
59891.27270295,1.000091920,8.946458e-4,0,1,0,0,0,0,0,0,0,0
59891.27318470,0.998413689,8.943445e-4,0,1,0,0,0,0,0,0,0,0
59891.27366645,1.000277645,8.947574e-4,0,1,0,0,0,0,0,0,0,0
59891.27414819,1.001482092,8.943888e-4,0,1,0,0,0,0,0,0,0,0
59891.27462994,1.000342509,8.947387e-4,0,1,0,0,0,0,0,0,0,0
59891.27511169,0.999488141,8.947495e-4,0,1,0,0,0,0,0,0,0,0
59891.27559343,1.000391493,8.967321e-4,0,1,0,0,0,0,0,0,0,0
59891.27607518,1.000164499,8.944627e-4,0,1,0,0,0,0,0,0,0,0
59891.27655693,1.000729096,8.948676e-4,0,1,0,0,0,0,0,0,0,0
59891.27703867,1.000217514,8.945430e-4,0,1,0,0,0,0,0,0,0,0
59891.27752042,0.999563055,8.945130e-4,0,1,0,0,0,0,0,0,0,0
59891.27800217,0.999447421,8.948714e-4,0,1,0,0,0,0,0,0,0,0
59891.27848391,0.999445173,8.945507e-4,0,1,0,0,0,0,0,0,0,0
59891.27896566,0.997828483,8.945604e-4,0,1,0,0,0,0,0,0,0,0
59891.27944741,0.999398944,8.949184e-4,0,1,0,0,0,0,0,0,0,0
59891.27992915,0.999462863,8.946036e-4,0,1,0,0,0,0,0,0,0,0
59891.28041090,1.000051763,8.951201e-4,0,1,0,0,0,0,0,0,0,0
59891.28089264,0.999311516,8.951316e-4,0,1,0,0,0,0,0,0,0,0
59891.28137439,1.000522375,8.949052e-4,0,1,0,0,0,0,0,0,0,0
59891.28185614,1.000517152,8.945403e-4,0,1,0,0,0,0,0,0,0,0
59891.28233788,1.000448797,9.017142e-4,0,1,0,0,0,0,0,0,0,0
59891.28281963,1.002136180,8.949612e-4,0,1,0,0,0,0,0,0,0,0
59891.28330138,1.000746107,8.947811e-4,0,1,0,0,0,0,0,0,0,0
59891.28378312,1.000415749,8.946469e-4,0,1,0,0,0,0,0,0,0,0
59891.28426487,0.999505474,8.948120e-4,0,1,0,0,0,0,0,0,0,0
59891.28474662,1.000251290,8.964913e-4,0,1,0,0,0,0,0,0,0,0
59891.28522836,1.001980291,8.944621e-4,0,1,0,0,0,0,0,0,0,0
59891.28571011,1.000154784,8.945877e-4,0,1,0,0,0,0,0,0,0,0
59891.28619186,1.001874796,8.950421e-4,0,1,0,0,0,0,0,0,0,0
59891.28667360,1.002348852,8.946612e-4,0,1,0,0,0,0,0,0,0,0
59891.28715535,1.001156632,8.949110e-4,0,1,0,0,0,0,0,0,0,0
59891.28763710,1.001199016,8.946509e-4,0,1,0,0,0,0,0,0,0,0
59891.28811884,1.000714423,8.947417e-4,0,1,0,0,0,0,0,0,0,0
59891.28860059,1.001368432,8.946262e-4,0,1,0,0,0,0,0,0,0,0
59891.28908233,1.000403525,8.946086e-4,0,1,0,0,0,0,0,0,0,0
59891.28956408,1.001155779,8.944818e-4,0,1,0,0,0,0,0,0,0,0
59891.29004583,1.000523628,8.945860e-4,0,1,0,0,0,0,0,0,0,0
59891.29052757,1.001610355,8.946819e-4,0,1,0,0,0,0,0,0,0,0
59891.29100932,0.998860157,8.948910e-4,0,1,0,0,0,0,0,0,0,0
59891.29149107,1.002381483,8.947179e-4,0,1,0,0,0,0,0,0,0,0
59891.29197281,1.001018393,8.948822e-4,0,1,0,0,0,0,0,0,0,0
59891.29245456,1.001000172,8.948560e-4,0,1,0,0,0,0,0,0,0,0
59891.29293631,1.000621067,9.125273e-4,0,1,0,0,0,0,0,0,0,0
59891.29341805,0.999226504,8.950061e-4,0,1,0,0,0,0,0,0,0,0
59891.29389980,1.001565296,8.946752e-4,0,1,0,0,0,0,0,0,0,0
59891.29438155,1.001823302,8.957801e-4,0,1,0,0,0,0,0,0,0,0
59891.29486329,1.000973455,8.948673e-4,0,1,0,0,0,0,0,0,0,0
59891.29534504,1.001581636,8.945125e-4,0,1,0,0,0,0,0,0,0,0
59891.29582678,1.003621322,9.061116e-4,0,1,0,0,0,0,0,0,0,0
59891.29630853,1.001331428,8.946770e-4,0,1,0,0,0,0,0,0,0,0
59891.29679028,1.000260064,8.972023e-4,0,1,0,0,0,0,0,0,0,0
59891.29727202,0.999908125,8.949556e-4,0,1,0,0,0,0,0,0,0,0
59891.29775377,1.002262395,8.945158e-4,0,1,0,0,0,0,0,0,0,0
59891.29823552,0.999029224,8.943677e-4,0,1,0,0,0,0,0,0,0,0
59891.29871726,0.999503195,8.948655e-4,0,1,0,0,0,0,0,0,0,0
59891.29919901,1.001033055,8.945283e-4,0,1,0,0,0,0,0,0,0,0
59891.29968076,1.001097335,8.944739e-4,0,1,0,0,0,0,0,0,0,0
59891.30016250,1.001167019,8.971519e-4,0,1,0,0,0,0,0,0,0,0
59891.30064425,1.001732058,8.945224e-4,0,1,0,0,0,0,0,0,0,0
59891.30112600,0.999553641,8.947543e-4,0,1,0,0,0,0,0,0,0,0
59891.30160774,1.000120001,8.946128e-4,0,1,0,0,0,0,0,0,0,0
59891.30208949,1.001047271,8.947513e-4,0,1,0,0,0,0,0,0,0,0
59891.30257124,0.999909838,8.947103e-4,0,1,0,0,0,0,0,0,0,0
59891.30305298,1.000342947,8.949965e-4,0,1,0,0,0,0,0,0,0,0
59891.30353473,1.001033023,8.947977e-4,0,1,0,0,0,0,0,0,0,0
59891.30401647,1.000780764,8.946256e-4,0,1,0,0,0,0,0,0,0,0
59891.30449822,0.999261295,8.950402e-4,0,1,0,0,0,0,0,0,0,0
59891.30497997,1.001476494,8.944621e-4,0,1,0,0,0,0,0,0,0,0
59891.30546171,0.999587585,8.945174e-4,0,1,0,0,0,0,0,0,0,0
59891.30594346,1.001238628,8.945647e-4,0,1,0,0,0,0,0,0,0,0
59891.30642521,1.001707406,8.946749e-4,0,1,0,0,0,0,0,0,0,0
59891.30690695,1.000112200,8.947824e-4,0,1,0,0,0,0,0,0,0,0
59891.30738870,1.002175326,8.946436e-4,0,1,0,0,0,0,0,0,0,0
59891.30787045,1.000008562,8.945204e-4,0,1,0,0,0,0,0,0,0,0
59891.30835219,1.001556856,8.947540e-4,0,1,0,0,0,0,0,0,0,0
59891.30883394,1.001148257,8.978287e-4,0,1,0,0,0,0,0,0,0,0
59891.30931569,1.000914113,8.945860e-4,0,1,0,0,0,0,0,0,0,0
59891.30979743,1.000630410,8.945819e-4,0,1,0,0,0,0,0,0,0,0
59891.31027918,0.999346902,8.946424e-4,0,1,0,0,0,0,0,0,0,0
59891.31076093,1.000968444,8.944015e-4,0,1,0,0,0,0,0,0,0,0
59891.31124267,1.001354705,8.943565e-4,0,1,0,0,0,0,0,0,0,0
59891.31172442,1.000604778,8.944944e-4,0,1,0,0,0,0,0,0,0,0
59891.31220616,0.999599817,8.943685e-4,0,1,0,0,0,0,0,0,0,0
59891.31268791,0.999678911,8.944976e-4,0,1,0,0,0,0,0,0,0,0
59891.31316966,1.000889115,8.944794e-4,0,1,0,0,0,0,0,0,0,0
59891.31365140,1.000649697,8.943398e-4,0,1,0,0,0,0,0,0,0,0
59891.31413315,1.002409108,8.946833e-4,0,1,0,0,0,0,0,0,0,0
59891.31461490,1.001560554,8.943459e-4,0,1,0,0,0,0,0,0,0,0
59891.31509664,0.999375871,8.947228e-4,0,1,0,0,0,0,0,0,0,0
59891.31557839,1.001952325,8.942060e-4,0,1,0,0,0,0,0,0,0,0
59891.31606014,0.999733835,8.946620e-4,0,1,0,0,0,0,0,0,0,0
59891.31654188,1.001006363,8.945118e-4,0,1,0,0,0,0,0,0,0,0
59891.31702363,1.000412267,8.944805e-4,0,1,0,0,0,0,0,0,0,0
59891.31750538,1.001141035,8.943565e-4,0,1,0,0,0,0,0,0,0,0
59891.31798712,1.002308227,8.943946e-4,0,1,0,0,0,0,0,0,0,0
59891.31846887,1.001227081,8.942489e-4,0,1,0,0,0,0,0,0,0,0
59891.31895061,1.000691062,8.945847e-4,0,1,0,0,0,0,0,0,0,0
59891.31943236,1.001286673,8.946945e-4,0,1,0,0,0,0,0,0,0,0
59891.31991411,1.001053670,8.944549e-4,0,1,0,0,0,0,0,0,0,0
59891.32039585,1.000141755,8.945541e-4,0,1,0,0,0,0,0,0,0,0
59891.32087760,1.000784136,8.948088e-4,0,1,0,0,0,0,0,0,0,0
59891.32135935,1.000902728,8.941551e-4,0,1,0,0,0,0,0,0,0,0
59891.32184109,1.000222943,8.801030e-4,0,1,0,0,0,0,0,0,0,0
59891.32232284,1.001879949,8.966280e-4,0,1,0,0,0,0,0,0,0,0
59891.32280459,1.002157401,8.943117e-4,0,1,0,0,0,0,0,0,0,0
59891.32328633,1.000881996,8.996132e-4,0,1,0,0,0,0,0,0,0,0
59891.32376808,0.999758688,8.944134e-4,0,1,0,0,0,0,0,0,0,0
59891.32424983,1.000504020,8.946906e-4,0,1,0,0,0,0,0,0,0,0
59891.32473157,1.001286283,8.944216e-4,0,1,0,0,0,0,0,0,0,0
59891.32521332,0.999978900,8.946669e-4,0,1,0,0,0,0,0,0,0,0
59891.32569507,1.000195983,8.945973e-4,0,1,0,0,0,0,0,0,0,0
59891.32617681,1.001022246,8.943622e-4,0,1,0,0,0,0,0,0,0,0
59891.32665856,1.000298195,8.942490e-4,0,1,0,0,0,0,0,0,0,0
59891.32714030,1.001073109,8.945415e-4,0,1,0,0,0,0,0,0,0,0
59895.72642585,1.001852125,8.442561e-4,0,0,1,0,0,0,0,0,0,0
59895.72690760,0.999996554,8.444108e-4,0,0,1,0,0,0,0,0,0,0
59895.72738934,1.000957186,8.443920e-4,0,0,1,0,0,0,0,0,0,0
59895.72787109,1.000475487,8.443624e-4,0,0,1,0,0,0,0,0,0,0
59895.72835283,0.999448279,8.446462e-4,0,0,1,0,0,0,0,0,0,0
59895.72883457,0.999923102,8.442592e-4,0,0,1,0,0,0,0,0,0,0
59895.72931632,1.001492907,8.443421e-4,0,0,1,0,0,0,0,0,0,0
59895.72979806,1.002041089,8.444559e-4,0,0,1,0,0,0,0,0,0,0
59895.73027981,1.002356142,8.442565e-4,0,0,1,0,0,0,0,0,0,0
59895.73076155,1.001440366,8.442912e-4,0,0,1,0,0,0,0,0,0,0
59895.73124330,1.001265762,8.446510e-4,0,0,1,0,0,0,0,0,0,0
59895.73172504,1.000079759,8.445707e-4,0,0,1,0,0,0,0,0,0,0
59895.73220679,1.000666628,8.444379e-4,0,0,1,0,0,0,0,0,0,0
59895.73268853,1.001530809,8.444381e-4,0,0,1,0,0,0,0,0,0,0
59895.73317028,1.000657891,8.443736e-4,0,0,1,0,0,0,0,0,0,0
59895.73365202,0.999170041,8.444301e-4,0,0,1,0,0,0,0,0,0,0
59895.73413377,1.000764101,8.444444e-4,0,0,1,0,0,0,0,0,0,0
59895.73461551,1.002022954,8.444471e-4,0,0,1,0,0,0,0,0,0,0
59895.73509726,1.001138669,8.445054e-4,0,0,1,0,0,0,0,0,0,0
59895.73557900,1.000479459,8.442608e-4,0,0,1,0,0,0,0,0,0,0
59895.73606075,1.000506213,8.444673e-4,0,0,1,0,0,0,0,0,0,0
59895.73654249,1.000523531,8.444258e-4,0,0,1,0,0,0,0,0,0,0
59895.73702424,1.002254997,8.445052e-4,0,0,1,0,0,0,0,0,0,0
59895.73750598,1.001793465,8.442370e-4,0,0,1,0,0,0,0,0,0,0
59895.73798773,1.000898819,8.441643e-4,0,0,1,0,0,0,0,0,0,0
59895.73846947,1.001975883,8.443908e-4,0,0,1,0,0,0,0,0,0,0
59895.73895122,1.002036272,8.440229e-4,0,0,1,0,0,0,0,0,0,0
59895.73943296,1.000609187,8.444064e-4,0,0,1,0,0,0,0,0,0,0
59895.73991470,1.000918011,8.444245e-4,0,0,1,0,0,0,0,0,0,0
59895.74039645,1.001174040,8.444079e-4,0,0,1,0,0,0,0,0,0,0
59895.74087819,1.001651986,8.440939e-4,0,0,1,0,0,0,0,0,0,0
59895.74135994,1.000573979,8.444258e-4,0,0,1,0,0,0,0,0,0,0
59895.74184168,1.000046105,8.442631e-4,0,0,1,0,0,0,0,0,0,0
59895.74232343,1.000432794,8.442057e-4,0,0,1,0,0,0,0,0,0,0
59895.74280517,1.001058903,8.441431e-4,0,0,1,0,0,0,0,0,0,0
59895.74328692,1.001122315,8.442540e-4,0,0,1,0,0,0,0,0,0,0
59895.74376866,1.000149520,8.442223e-4,0,0,1,0,0,0,0,0,0,0
59895.74425041,1.001065053,8.444235e-4,0,0,1,0,0,0,0,0,0,0
59895.74473215,0.999799743,8.468660e-4,0,0,1,0,0,0,0,0,0,0
59895.74521390,1.000140127,8.445242e-4,0,0,1,0,0,0,0,0,0,0
59895.74569564,1.001354147,8.441551e-4,0,0,1,0,0,0,0,0,0,0
59895.74617739,1.000262989,8.442397e-4,0,0,1,0,0,0,0,0,0,0
59895.74665913,1.001890208,8.490996e-4,0,0,1,0,0,0,0,0,0,0
59895.74714088,1.000482498,8.441853e-4,0,0,1,0,0,0,0,0,0,0
59895.74762262,1.002044716,8.442372e-4,0,0,1,0,0,0,0,0,0,0
59895.74810437,0.999200708,8.442831e-4,0,0,1,0,0,0,0,0,0,0
59895.74858611,1.001717263,8.442984e-4,0,0,1,0,0,0,0,0,0,0
59895.74906786,1.000879858,8.442215e-4,0,0,1,0,0,0,0,0,0,0
59895.74954960,1.001050264,8.499976e-4,0,0,1,0,0,0,0,0,0,0
59895.75003135,1.000247002,8.442948e-4,0,0,1,0,0,0,0,0,0,0
59895.75051309,0.999339400,8.442584e-4,0,0,1,0,0,0,0,0,0,0
59895.75099483,1.001643793,8.442074e-4,0,0,1,0,0,0,0,0,0,0
59895.75147658,0.998358454,8.530472e-4,0,0,1,0,0,0,0,0,0,0
59895.75195832,1.003199360,8.442863e-4,0,0,1,0,0,0,0,0,0,0
59895.75244007,0.998937367,8.442209e-4,0,0,1,0,0,0,0,0,0,0
59895.75292181,1.000071598,8.442145e-4,0,0,1,0,0,0,0,0,0,0
59895.75340356,1.002020120,8.443032e-4,0,0,1,0,0,0,0,0,0,0
59895.75388530,1.001191998,8.442098e-4,0,0,1,0,0,0,0,0,0,0
59895.75436705,1.000848818,8.443456e-4,0,0,1,0,0,0,0,0,0,0
59895.75484879,1.001198206,8.442082e-4,0,0,1,0,0,0,0,0,0,0
59895.75533054,1.001147644,8.443051e-4,0,0,1,0,0,0,0,0,0,0
59895.75581228,1.000914192,8.443738e-4,0,0,1,0,0,0,0,0,0,0
59895.75629403,1.000947194,8.439386e-4,0,0,1,0,0,0,0,0,0,0
59895.75677577,1.000494736,8.477795e-4,0,0,1,0,0,0,0,0,0,0
59895.75725752,1.001466450,8.441001e-4,0,0,1,0,0,0,0,0,0,0
59895.75773926,1.001610870,8.444239e-4,0,0,1,0,0,0,0,0,0,0
59895.75822101,1.000756703,8.443459e-4,0,0,1,0,0,0,0,0,0,0
59895.75870275,1.001292710,8.443244e-4,0,0,1,0,0,0,0,0,0,0
59895.75918450,1.001369430,8.441382e-4,0,0,1,0,0,0,0,0,0,0
59895.75966624,1.000848701,8.442892e-4,0,0,1,0,0,0,0,0,0,0
59895.76014799,1.002483641,8.441268e-4,0,0,1,0,0,0,0,0,0,0
59895.76062973,1.001197387,8.441582e-4,0,0,1,0,0,0,0,0,0,0
59895.76111148,1.001431320,8.441434e-4,0,0,1,0,0,0,0,0,0,0
59895.76159322,1.000595603,8.441095e-4,0,0,1,0,0,0,0,0,0,0
59895.76207496,0.999954738,8.439885e-4,0,0,1,0,0,0,0,0,0,0
59895.76255671,0.999292183,8.443522e-4,0,0,1,0,0,0,0,0,0,0
59895.76303845,1.000630823,8.440714e-4,0,0,1,0,0,0,0,0,0,0
59895.76352020,1.000578869,8.441844e-4,0,0,1,0,0,0,0,0,0,0
59895.76400194,1.001381825,8.499522e-4,0,0,1,0,0,0,0,0,0,0
59895.76448369,1.000189083,8.443111e-4,0,0,1,0,0,0,0,0,0,0
59895.76496543,1.002271188,8.440089e-4,0,0,1,0,0,0,0,0,0,0
59895.76544718,1.000426201,8.440880e-4,0,0,1,0,0,0,0,0,0,0
59895.76592892,1.001115247,8.441359e-4,0,0,1,0,0,0,0,0,0,0
59895.76641067,1.001408593,8.442038e-4,0,0,1,0,0,0,0,0,0,0
59895.76689241,0.999924453,8.442769e-4,0,0,1,0,0,0,0,0,0,0
59895.76737416,1.001437838,8.441053e-4,0,0,1,0,0,0,0,0,0,0
59895.76785590,1.002046060,8.441287e-4,0,0,1,0,0,0,0,0,0,0
59895.76833765,0.999463897,8.441238e-4,0,0,1,0,0,0,0,0,0,0
59895.76881939,1.001140871,8.443420e-4,0,0,1,0,0,0,0,0,0,0
59895.76930114,0.999894206,8.441719e-4,0,0,1,0,0,0,0,0,0,0
59895.76978288,1.001562667,8.442043e-4,0,0,1,0,0,0,0,0,0,0
59895.77026463,1.000428993,8.442000e-4,0,0,1,0,0,0,0,0,0,0
59895.77074637,1.000804906,8.442448e-4,0,0,1,0,0,0,0,0,0,0
59895.77122812,0.999989806,8.441526e-4,0,0,1,0,0,0,0,0,0,0
59895.77170986,1.000608273,8.441360e-4,0,0,1,0,0,0,0,0,0,0
59895.77219161,0.999937846,8.523293e-4,0,0,1,0,0,0,0,0,0,0
59895.77267335,1.001053165,8.442884e-4,0,0,1,0,0,0,0,0,0,0
59895.77315509,1.001021979,8.440873e-4,0,0,1,0,0,0,0,0,0,0
59895.77363684,1.001553113,8.444799e-4,0,0,1,0,0,0,0,0,0,0
59895.77411858,1.000060302,8.442691e-4,0,0,1,0,0,0,0,0,0,0
59895.77460033,1.000229481,8.441380e-4,0,0,1,0,0,0,0,0,0,0
59895.77508207,1.000889969,8.441134e-4,0,0,1,0,0,0,0,0,0,0
59895.77556382,1.002141942,8.443196e-4,0,0,1,0,0,0,0,0,0,0
59895.77604556,0.999370929,8.449221e-4,0,0,1,0,0,0,0,0,0,0
59895.77652731,1.000645330,8.441030e-4,0,0,1,0,0,0,0,0,0,0
59895.77700905,1.000742293,8.441052e-4,0,0,1,0,0,0,0,0,0,0
59895.77749080,1.000735499,8.580141e-4,0,0,1,0,0,0,0,0,0,0
59895.77797254,1.000773009,8.442564e-4,0,0,1,0,0,0,0,0,0,0
59895.77845429,0.999864050,8.441550e-4,0,0,1,0,0,0,0,0,0,0
59895.77893603,1.001315941,8.442317e-4,0,0,1,0,0,0,0,0,0,0
59895.77941778,0.999977064,8.440523e-4,0,0,1,0,0,0,0,0,0,0
59895.77989952,1.000359672,8.442495e-4,0,0,1,0,0,0,0,0,0,0
59895.78038127,1.001395089,8.441226e-4,0,0,1,0,0,0,0,0,0,0
59895.78086301,1.001133278,8.441649e-4,0,0,1,0,0,0,0,0,0,0
59895.78134476,0.999929236,8.442125e-4,0,0,1,0,0,0,0,0,0,0
59895.78182650,1.002142358,8.443518e-4,0,0,1,0,0,0,0,0,0,0
59895.78230825,0.999578046,8.700463e-4,0,0,1,0,0,0,0,0,0,0
59895.78278999,1.001317646,8.439467e-4,0,0,1,0,0,0,0,0,0,0
59895.78327174,1.001412610,8.441846e-4,0,0,1,0,0,0,0,0,0,0
59895.78375348,1.002050067,8.440463e-4,0,0,1,0,0,0,0,0,0,0
59895.78423522,1.000797849,8.442236e-4,0,0,1,0,0,0,0,0,0,0
59895.78471697,1.000671729,8.456984e-4,0,0,1,0,0,0,0,0,0,0
59895.78519871,1.001184881,8.442527e-4,0,0,1,0,0,0,0,0,0,0
59895.78568046,1.002931656,8.521180e-4,0,0,1,0,0,0,0,0,0,0
59895.78616220,1.001033668,8.440093e-4,0,0,1,0,0,0,0,0,0,0
59895.78664395,1.001430154,8.441528e-4,0,0,1,0,0,0,0,0,0,0
59895.78712569,1.001970175,8.440523e-4,0,0,1,0,0,0,0,0,0,0
59895.78760744,1.001300587,8.442674e-4,0,0,1,0,0,0,0,0,0,0
59895.78808918,0.999037683,8.441358e-4,0,0,1,0,0,0,0,0,0,0
59895.78857093,1.000066609,8.440194e-4,0,0,1,0,0,0,0,0,0,0
59895.78905267,1.001009460,8.441194e-4,0,0,1,0,0,0,0,0,0,0
59895.78953442,1.001188486,8.441404e-4,0,0,1,0,0,0,0,0,0,0
59895.79001616,0.999473769,8.439578e-4,0,0,1,0,0,0,0,0,0,0
59895.79049791,1.001500612,8.439893e-4,0,0,1,0,0,0,0,0,0,0
59895.79097965,1.001033084,8.440825e-4,0,0,1,0,0,0,0,0,0,0
59895.79146140,1.000092957,8.440229e-4,0,0,1,0,0,0,0,0,0,0
59895.79194314,0.999186162,8.441713e-4,0,0,1,0,0,0,0,0,0,0
59895.79242489,0.999985365,8.439660e-4,0,0,1,0,0,0,0,0,0,0
59895.79290663,0.999394721,8.439971e-4,0,0,1,0,0,0,0,0,0,0
59895.79338838,1.000457455,8.440739e-4,0,0,1,0,0,0,0,0,0,0
59895.79387012,0.999832420,8.439312e-4,0,0,1,0,0,0,0,0,0,0
59895.79435186,1.000727134,8.441108e-4,0,0,1,0,0,0,0,0,0,0
59895.79483361,1.000364457,8.438830e-4,0,0,1,0,0,0,0,0,0,0
59895.79531535,0.998954530,8.438885e-4,0,0,1,0,0,0,0,0,0,0
59895.79579710,0.999273585,8.439514e-4,0,0,1,0,0,0,0,0,0,0
59895.79627884,1.000673248,8.438861e-4,0,0,1,0,0,0,0,0,0,0
59895.79676059,1.000283284,8.440496e-4,0,0,1,0,0,0,0,0,0,0
59895.79724233,1.001092530,8.437607e-4,0,0,1,0,0,0,0,0,0,0
59895.79772408,0.999824255,8.441847e-4,0,0,1,0,0,0,0,0,0,0
59895.79820582,1.000791367,8.439180e-4,0,0,1,0,0,0,0,0,0,0
59895.79868757,1.000061059,8.438935e-4,0,0,1,0,0,0,0,0,0,0
59895.79916931,1.000470992,8.440476e-4,0,0,1,0,0,0,0,0,0,0
59895.79965106,0.999356507,8.440215e-4,0,0,1,0,0,0,0,0,0,0
59895.80013280,1.000134825,8.439168e-4,0,0,1,0,0,0,0,0,0,0
59895.80061455,0.999210039,8.441011e-4,0,0,1,0,0,0,0,0,0,0
59895.80109629,0.999318027,8.441065e-4,0,0,1,0,0,0,0,0,0,0
59895.80157804,0.999776670,8.439789e-4,0,0,1,0,0,0,0,0,0,0
59895.80205978,1.001025458,8.440100e-4,0,0,1,0,0,0,0,0,0,0
59895.80254153,0.998929873,8.440827e-4,0,0,1,0,0,0,0,0,0,0
59895.80302327,0.998951869,8.439601e-4,0,0,1,0,0,0,0,0,0,0
59895.80350502,1.000462726,8.440728e-4,0,0,1,0,0,0,0,0,0,0
59895.80398676,1.000095427,8.440434e-4,0,0,1,0,0,0,0,0,0,0
59895.80446851,1.001315175,8.441925e-4,0,0,1,0,0,0,0,0,0,0
59895.80495025,1.001036083,8.439612e-4,0,0,1,0,0,0,0,0,0,0
59895.80543199,0.999409540,8.505371e-4,0,0,1,0,0,0,0,0,0,0
59895.80591374,0.999488717,8.439335e-4,0,0,1,0,0,0,0,0,0,0
59895.80639548,1.000460355,8.440351e-4,0,0,1,0,0,0,0,0,0,0
59895.80687723,0.999449207,8.442050e-4,0,0,1,0,0,0,0,0,0,0
59895.80735897,0.999239415,8.439744e-4,0,0,1,0,0,0,0,0,0,0
59895.80784072,0.999525991,8.438675e-4,0,0,1,0,0,0,0,0,0,0
59895.80832246,1.000701859,8.441431e-4,0,0,1,0,0,0,0,0,0,0
59895.80880421,1.001083388,8.441115e-4,0,0,1,0,0,0,0,0,0,0
59895.80928595,0.998980793,8.438319e-4,0,0,1,0,0,0,0,0,0,0
59895.80976770,1.000669023,8.441451e-4,0,0,1,0,0,0,0,0,0,0
59895.81024944,1.001284807,8.475927e-4,0,0,1,0,0,0,0,0,0,0
59895.81073119,1.001240396,8.439617e-4,0,0,1,0,0,0,0,0,0,0
59895.81121293,0.998771397,8.439227e-4,0,0,1,0,0,0,0,0,0,0
59895.81169468,0.999144360,8.441670e-4,0,0,1,0,0,0,0,0,0,0
59895.81217642,1.000183824,8.441886e-4,0,0,1,0,0,0,0,0,0,0
59895.81265817,1.001008843,8.451906e-4,0,0,1,0,0,0,0,0,0,0
59895.81313991,0.998171373,8.441539e-4,0,0,1,0,0,0,0,0,0,0
59895.81362166,0.999132486,8.440166e-4,0,0,1,0,0,0,0,0,0,0
59895.81410340,0.999321643,8.440995e-4,0,0,1,0,0,0,0,0,0,0
59895.81458515,1.000887767,8.439333e-4,0,0,1,0,0,0,0,0,0,0
59895.81506689,0.999768597,8.440547e-4,0,0,1,0,0,0,0,0,0,0
59895.81554863,1.001333548,8.491807e-4,0,0,1,0,0,0,0,0,0,0
59895.81603038,1.001895438,8.440086e-4,0,0,1,0,0,0,0,0,0,0
59895.81651212,1.000336300,8.440044e-4,0,0,1,0,0,0,0,0,0,0
59895.81699387,1.001057859,8.440566e-4,0,0,1,0,0,0,0,0,0,0
59895.81747561,0.999858038,8.440639e-4,0,0,1,0,0,0,0,0,0,0
59895.81795736,0.999718926,8.442040e-4,0,0,1,0,0,0,0,0,0,0
59895.81843910,1.001410325,8.439030e-4,0,0,1,0,0,0,0,0,0,0
59895.81892085,1.001545518,8.439434e-4,0,0,1,0,0,0,0,0,0,0
59895.81940259,1.001214756,8.439816e-4,0,0,1,0,0,0,0,0,0,0
59895.81988434,1.001112182,8.440318e-4,0,0,1,0,0,0,0,0,0,0
59895.82036608,1.000994275,8.441731e-4,0,0,1,0,0,0,0,0,0,0
59895.82084783,1.000566294,8.439332e-4,0,0,1,0,0,0,0,0,0,0
59895.82132957,1.001168118,8.440446e-4,0,0,1,0,0,0,0,0,0,0
59895.82181132,1.000529885,8.438993e-4,0,0,1,0,0,0,0,0,0,0
59895.82229306,1.001387701,8.440381e-4,0,0,1,0,0,0,0,0,0,0
59895.82277481,1.000019528,8.441093e-4,0,0,1,0,0,0,0,0,0,0
59895.82325655,1.000407224,8.440827e-4,0,0,1,0,0,0,0,0,0,0
59895.82373830,1.001391067,8.441877e-4,0,0,1,0,0,0,0,0,0,0
59895.82422004,1.000762104,8.439753e-4,0,0,1,0,0,0,0,0,0,0
59895.82470179,1.000372215,8.442713e-4,0,0,1,0,0,0,0,0,0,0
59895.82518353,1.002028452,8.441061e-4,0,0,1,0,0,0,0,0,0,0
59895.82566527,1.001315917,8.441322e-4,0,0,1,0,0,0,0,0,0,0
59895.82614702,1.001880863,8.901680e-4,0,0,1,0,0,0,0,0,0,0
59895.82662876,1.000829181,8.442367e-4,0,0,1,0,0,0,0,0,0,0
59895.82711051,1.000312666,8.440627e-4,0,0,1,0,0,0,0,0,0,0
59895.82759225,1.000489684,8.441704e-4,0,0,1,0,0,0,0,0,0,0
59895.82807400,1.000338337,8.440640e-4,0,0,1,0,0,0,0,0,0,0
59895.82855574,0.999876353,8.441718e-4,0,0,1,0,0,0,0,0,0,0
59895.82903749,1.002938439,8.441222e-4,0,0,1,0,0,0,0,0,0,0
59895.82951923,1.001543380,8.441395e-4,0,0,1,0,0,0,0,0,0,0
59895.83000098,0.999874384,8.442228e-4,0,0,1,0,0,0,0,0,0,0
59895.83048272,1.000611115,8.443181e-4,0,0,1,0,0,0,0,0,0,0
59895.83096447,0.999111269,8.441551e-4,0,0,1,0,0,0,0,0,0,0
59895.83144621,1.001157536,8.443208e-4,0,0,1,0,0,0,0,0,0,0
59895.83192796,1.000587875,8.441404e-4,0,0,1,0,0,0,0,0,0,0
59895.83240970,1.001005251,8.442544e-4,0,0,1,0,0,0,0,0,0,0
59895.83289145,1.001080557,8.443341e-4,0,0,1,0,0,0,0,0,0,0
59895.83337319,1.001048540,8.458602e-4,0,0,1,0,0,0,0,0,0,0
59895.83385494,1.001892841,8.443095e-4,0,0,1,0,0,0,0,0,0,0
59895.83433668,1.001713116,8.441705e-4,0,0,1,0,0,0,0,0,0,0
59895.83481842,1.002386274,8.441451e-4,0,0,1,0,0,0,0,0,0,0
59895.83530017,1.000765389,8.442817e-4,0,0,1,0,0,0,0,0,0,0
59895.83578191,1.000132841,8.440442e-4,0,0,1,0,0,0,0,0,0,0
59895.83626366,1.000589773,8.440015e-4,0,0,1,0,0,0,0,0,0,0
59895.83674540,1.000487126,8.440182e-4,0,0,1,0,0,0,0,0,0,0
59895.83722715,0.999658359,8.442229e-4,0,0,1,0,0,0,0,0,0,0
59895.83770889,0.999656073,8.442755e-4,0,0,1,0,0,0,0,0,0,0
59895.83819064,1.000160320,8.442515e-4,0,0,1,0,0,0,0,0,0,0
59895.83867238,1.000210095,8.442992e-4,0,0,1,0,0,0,0,0,0,0
59895.83915413,1.000442499,8.441388e-4,0,0,1,0,0,0,0,0,0,0
59895.83963587,1.000789474,8.443762e-4,0,0,1,0,0,0,0,0,0,0
59895.84011762,1.000942698,8.442442e-4,0,0,1,0,0,0,0,0,0,0
59895.84059936,0.999793027,8.467539e-4,0,0,1,0,0,0,0,0,0,0
59895.84108111,1.001238277,8.442583e-4,0,0,1,0,0,0,0,0,0,0
59895.84156285,1.001486139,8.441994e-4,0,0,1,0,0,0,0,0,0,0
59895.84204460,1.002146957,8.541737e-4,0,0,1,0,0,0,0,0,0,0
59895.84252634,1.000446345,8.445218e-4,0,0,1,0,0,0,0,0,0,0
59895.84300809,1.002185958,8.442578e-4,0,0,1,0,0,0,0,0,0,0
59895.84348983,1.000523846,8.442563e-4,0,0,1,0,0,0,0,0,0,0
59895.84397158,1.001615361,8.443593e-4,0,0,1,0,0,0,0,0,0,0
59895.84445332,1.001189530,8.442456e-4,0,0,1,0,0,0,0,0,0,0
59895.84493506,0.999392226,8.442274e-4,0,0,1,0,0,0,0,0,0,0
59895.84541681,1.000796455,8.441897e-4,0,0,1,0,0,0,0,0,0,0
59895.84589855,1.000568631,8.441570e-4,0,0,1,0,0,0,0,0,0,0
59895.84638030,0.999788549,8.451846e-4,0,0,1,0,0,0,0,0,0,0
59895.84686204,1.000431617,8.443208e-4,0,0,1,0,0,0,0,0,0,0
59895.84734379,1.000048467,8.441926e-4,0,0,1,0,0,0,0,0,0,0
59895.84782553,1.001431691,8.440644e-4,0,0,1,0,0,0,0,0,0,0
59895.84830728,1.000679338,8.441185e-4,0,0,1,0,0,0,0,0,0,0
59895.84878902,1.001020560,8.443256e-4,0,0,1,0,0,0,0,0,0,0
59895.84927077,1.001661964,8.442362e-4,0,0,1,0,0,0,0,0,0,0
59895.84975251,1.001733833,8.442319e-4,0,0,1,0,0,0,0,0,0,0
59895.85023426,1.000636467,8.440790e-4,0,0,1,0,0,0,0,0,0,0
59895.85071600,1.000693874,8.441746e-4,0,0,1,0,0,0,0,0,0,0
59895.85119775,1.001441718,8.441122e-4,0,0,1,0,0,0,0,0,0,0
59895.85167949,0.999470553,8.441303e-4,0,0,1,0,0,0,0,0,0,0
59895.85216124,0.999340043,8.441772e-4,0,0,1,0,0,0,0,0,0,0
59895.85264298,1.000478598,8.441413e-4,0,0,1,0,0,0,0,0,0,0
59895.85312473,0.999834287,8.442464e-4,0,0,1,0,0,0,0,0,0,0
59895.85360647,1.000834514,8.442401e-4,0,0,1,0,0,0,0,0,0,0
59895.85408821,1.000912472,8.443336e-4,0,0,1,0,0,0,0,0,0,0
59895.85456996,1.000714609,8.441958e-4,0,0,1,0,0,0,0,0,0,0
59895.85505170,1.002230239,8.441023e-4,0,0,1,0,0,0,0,0,0,0
59895.85553345,1.001491631,8.442921e-4,0,0,1,0,0,0,0,0,0,0
59895.85601519,0.999167100,8.442659e-4,0,0,1,0,0,0,0,0,0,0
59895.85649694,1.000488433,8.441974e-4,0,0,1,0,0,0,0,0,0,0
59895.85697868,1.001903830,8.442551e-4,0,0,1,0,0,0,0,0,0,0
59895.85746043,1.000183114,8.442981e-4,0,0,1,0,0,0,0,0,0,0
59895.85794217,1.002912098,8.443242e-4,0,0,1,0,0,0,0,0,0,0
59895.85842392,1.001526166,8.442550e-4,0,0,1,0,0,0,0,0,0,0
59895.85890566,1.001317368,8.441940e-4,0,0,1,0,0,0,0,0,0,0
59895.85938741,1.001640779,8.442978e-4,0,0,1,0,0,0,0,0,0,0
59903.28118101,1.002148783,8.623098e-4,0,0,0,1,0,0,0,0,0,0
59903.28166276,1.001878585,8.622383e-4,0,0,0,1,0,0,0,0,0,0
59903.28214450,1.001134014,8.622567e-4,0,0,0,1,0,0,0,0,0,0
59903.28262624,0.999902992,8.620468e-4,0,0,0,1,0,0,0,0,0,0
59903.28310798,1.000549447,8.621702e-4,0,0,0,1,0,0,0,0,0,0
59903.28358972,1.001127994,8.621325e-4,0,0,0,1,0,0,0,0,0,0
59903.28407146,1.001208932,8.622043e-4,0,0,0,1,0,0,0,0,0,0
59903.28455320,1.000196696,8.619776e-4,0,0,0,1,0,0,0,0,0,0
59903.28503494,1.001941894,8.630539e-4,0,0,0,1,0,0,0,0,0,0
59903.28551668,1.000136867,8.617908e-4,0,0,0,1,0,0,0,0,0,0
59903.28599842,1.000815474,8.617329e-4,0,0,0,1,0,0,0,0,0,0
59903.28648016,1.000097885,8.618155e-4,0,0,0,1,0,0,0,0,0,0
59903.28696190,1.000137886,8.682805e-4,0,0,0,1,0,0,0,0,0,0
59903.28744364,1.002667888,8.623948e-4,0,0,0,1,0,0,0,0,0,0
59903.28792538,1.000491291,8.617305e-4,0,0,0,1,0,0,0,0,0,0
59903.28840712,1.001378443,8.615263e-4,0,0,0,1,0,0,0,0,0,0
59903.28888886,1.000612263,8.622678e-4,0,0,0,1,0,0,0,0,0,0
59903.28937060,1.000510770,8.712691e-4,0,0,0,1,0,0,0,0,0,0
59903.28985234,1.000936435,8.618742e-4,0,0,0,1,0,0,0,0,0,0
59903.29033408,1.003005004,8.617207e-4,0,0,0,1,0,0,0,0,0,0
59903.29081582,1.001325508,8.620519e-4,0,0,0,1,0,0,0,0,0,0
59903.29129756,1.000657320,8.621070e-4,0,0,0,1,0,0,0,0,0,0
59903.29177930,1.000565021,8.614454e-4,0,0,0,1,0,0,0,0,0,0
59903.29226104,1.000566016,8.620811e-4,0,0,0,1,0,0,0,0,0,0
59903.29274278,0.998454105,8.799464e-4,0,0,0,1,0,0,0,0,0,0
59903.29322452,1.000962959,8.617908e-4,0,0,0,1,0,0,0,0,0,0
59903.29370626,1.000384285,8.619858e-4,0,0,0,1,0,0,0,0,0,0
59903.29418800,1.000937870,8.617233e-4,0,0,0,1,0,0,0,0,0,0
59903.29466974,1.001202129,8.617512e-4,0,0,0,1,0,0,0,0,0,0
59903.29515148,0.999296135,8.618105e-4,0,0,0,1,0,0,0,0,0,0
59903.29563322,1.003009298,8.620817e-4,0,0,0,1,0,0,0,0,0,0
59903.29611496,0.999838232,8.618471e-4,0,0,0,1,0,0,0,0,0,0
59903.29659670,1.002249207,8.623215e-4,0,0,0,1,0,0,0,0,0,0
59903.29707844,1.001406396,8.617803e-4,0,0,0,1,0,0,0,0,0,0
59903.29756018,1.000420280,8.617193e-4,0,0,0,1,0,0,0,0,0,0
59903.29804192,1.001353298,8.620227e-4,0,0,0,1,0,0,0,0,0,0
59903.29852366,1.002197623,8.622156e-4,0,0,0,1,0,0,0,0,0,0
59903.29900540,1.002015951,8.617651e-4,0,0,0,1,0,0,0,0,0,0
59903.29948715,0.999922108,8.616965e-4,0,0,0,1,0,0,0,0,0,0
59903.29996889,1.000653921,8.620004e-4,0,0,0,1,0,0,0,0,0,0
59903.30045063,1.000785152,8.622734e-4,0,0,0,1,0,0,0,0,0,0
59903.30093237,0.999558309,8.616480e-4,0,0,0,1,0,0,0,0,0,0
59903.30141411,1.001440965,8.617701e-4,0,0,0,1,0,0,0,0,0,0
59903.30189585,1.001506981,8.617875e-4,0,0,0,1,0,0,0,0,0,0
59903.30237759,1.000260452,8.622486e-4,0,0,0,1,0,0,0,0,0,0
59903.30285933,1.000698181,8.614979e-4,0,0,0,1,0,0,0,0,0,0
59903.30334107,1.000486746,8.618247e-4,0,0,0,1,0,0,0,0,0,0
59903.30382281,1.000256614,8.618054e-4,0,0,0,1,0,0,0,0,0,0
59903.30430455,0.999648555,8.618801e-4,0,0,0,1,0,0,0,0,0,0
59903.30478629,1.001729679,8.619802e-4,0,0,0,1,0,0,0,0,0,0
59903.30526803,1.001246026,8.618639e-4,0,0,0,1,0,0,0,0,0,0
59903.30574977,1.000764867,8.621068e-4,0,0,0,1,0,0,0,0,0,0
59903.30623151,1.001472075,8.619038e-4,0,0,0,1,0,0,0,0,0,0
59903.30671325,1.001269625,8.617241e-4,0,0,0,1,0,0,0,0,0,0
59903.30719499,1.000513746,8.616250e-4,0,0,0,1,0,0,0,0,0,0
59903.30767673,1.001462741,8.614389e-4,0,0,0,1,0,0,0,0,0,0
59903.30815847,1.001496449,8.614644e-4,0,0,0,1,0,0,0,0,0,0
59903.30864021,1.001666591,8.629991e-4,0,0,0,1,0,0,0,0,0,0
59903.30912195,1.000911490,8.614952e-4,0,0,0,1,0,0,0,0,0,0
59903.30960369,1.002115685,8.614785e-4,0,0,0,1,0,0,0,0,0,0
59903.31008543,1.000685326,8.621738e-4,0,0,0,1,0,0,0,0,0,0
59903.31056717,1.000126043,8.619821e-4,0,0,0,1,0,0,0,0,0,0
59903.31104891,0.999875991,8.614117e-4,0,0,0,1,0,0,0,0,0,0
59903.31153065,1.000493458,8.617179e-4,0,0,0,1,0,0,0,0,0,0
59903.31201239,1.001176383,8.614589e-4,0,0,0,1,0,0,0,0,0,0
59903.31249413,1.002195017,8.617687e-4,0,0,0,1,0,0,0,0,0,0
59903.31297587,1.002231615,8.615459e-4,0,0,0,1,0,0,0,0,0,0
59903.31345761,0.999853493,8.615629e-4,0,0,0,1,0,0,0,0,0,0
59903.31393935,0.999286488,8.620047e-4,0,0,0,1,0,0,0,0,0,0
59903.31442109,1.000237556,8.618441e-4,0,0,0,1,0,0,0,0,0,0
59903.31490283,1.000350251,8.618790e-4,0,0,0,1,0,0,0,0,0,0
59903.31538457,1.001104215,8.613567e-4,0,0,0,1,0,0,0,0,0,0
59903.31586631,1.001252860,8.615180e-4,0,0,0,1,0,0,0,0,0,0
59903.31634805,1.001751564,8.612953e-4,0,0,0,1,0,0,0,0,0,0
59903.31682979,1.001907415,8.622526e-4,0,0,0,1,0,0,0,0,0,0
59903.31731153,1.000190051,8.691432e-4,0,0,0,1,0,0,0,0,0,0
59903.31779327,0.999941179,8.616429e-4,0,0,0,1,0,0,0,0,0,0
59903.31827502,1.001025339,8.696379e-4,0,0,0,1,0,0,0,0,0,0
59903.31875676,1.000162895,8.618250e-4,0,0,0,1,0,0,0,0,0,0
59903.31923850,1.000374171,8.612899e-4,0,0,0,1,0,0,0,0,0,0
59903.31972024,1.001437335,8.614625e-4,0,0,0,1,0,0,0,0,0,0
59903.32020198,0.999116846,8.617272e-4,0,0,0,1,0,0,0,0,0,0
59903.32068372,1.002367721,8.614681e-4,0,0,0,1,0,0,0,0,0,0
59903.32116546,1.000430687,8.616423e-4,0,0,0,1,0,0,0,0,0,0
59903.32164720,1.001002761,8.610588e-4,0,0,0,1,0,0,0,0,0,0
59903.32212894,0.999831667,8.614348e-4,0,0,0,1,0,0,0,0,0,0
59903.32261068,0.999753822,8.615605e-4,0,0,0,1,0,0,0,0,0,0
59903.32309242,1.000885517,8.621288e-4,0,0,0,1,0,0,0,0,0,0
59903.32357416,1.001244107,8.611972e-4,0,0,0,1,0,0,0,0,0,0
59903.32405590,0.999335678,8.617124e-4,0,0,0,1,0,0,0,0,0,0
59903.32453764,0.999821570,8.611583e-4,0,0,0,1,0,0,0,0,0,0
59903.32501938,1.000067878,8.612865e-4,0,0,0,1,0,0,0,0,0,0
59903.32550112,1.000636036,8.618981e-4,0,0,0,1,0,0,0,0,0,0
59903.32598286,1.001511854,8.615315e-4,0,0,0,1,0,0,0,0,0,0
59903.32646460,1.002105019,8.615503e-4,0,0,0,1,0,0,0,0,0,0
59903.32694634,1.000678926,8.612939e-4,0,0,0,1,0,0,0,0,0,0
59903.32742808,1.001109021,8.616434e-4,0,0,0,1,0,0,0,0,0,0
59903.32790982,1.000618782,8.636396e-4,0,0,0,1,0,0,0,0,0,0
59903.32839156,0.999760561,8.618807e-4,0,0,0,1,0,0,0,0,0,0
59903.32887330,1.000784583,8.612229e-4,0,0,0,1,0,0,0,0,0,0
59903.32935504,1.000867352,8.614628e-4,0,0,0,1,0,0,0,0,0,0
59903.32983678,1.001417725,8.618298e-4,0,0,0,1,0,0,0,0,0,0
59903.33031852,1.001588696,8.619760e-4,0,0,0,1,0,0,0,0,0,0
59903.33080026,0.999071817,8.618168e-4,0,0,0,1,0,0,0,0,0,0
59903.33128200,1.001063762,8.616524e-4,0,0,0,1,0,0,0,0,0,0
59903.33176374,1.001070365,8.615141e-4,0,0,0,1,0,0,0,0,0,0
59903.33224548,1.002027399,8.613853e-4,0,0,0,1,0,0,0,0,0,0
59903.33272722,1.000572484,8.614778e-4,0,0,0,1,0,0,0,0,0,0
59903.33320896,1.001080618,8.612652e-4,0,0,0,1,0,0,0,0,0,0
59903.33369070,1.000975363,8.613651e-4,0,0,0,1,0,0,0,0,0,0
59903.33417244,1.001725302,8.614090e-4,0,0,0,1,0,0,0,0,0,0
59903.33465418,1.000043629,8.618097e-4,0,0,0,1,0,0,0,0,0,0
59903.33513592,1.000575749,8.618435e-4,0,0,0,1,0,0,0,0,0,0
59903.33561766,1.001030144,8.616013e-4,0,0,0,1,0,0,0,0,0,0
59903.33609940,1.002000364,8.617253e-4,0,0,0,1,0,0,0,0,0,0
59903.33658115,1.001161217,8.613692e-4,0,0,0,1,0,0,0,0,0,0
59903.33706289,1.000575648,8.612915e-4,0,0,0,1,0,0,0,0,0,0
59903.33754463,1.000253051,8.614964e-4,0,0,0,1,0,0,0,0,0,0
59903.33802637,1.001564406,8.614840e-4,0,0,0,1,0,0,0,0,0,0
59903.33850811,1.000608950,8.613366e-4,0,0,0,1,0,0,0,0,0,0
59903.33898985,1.001247816,8.616520e-4,0,0,0,1,0,0,0,0,0,0
59903.33947159,1.000703344,8.682864e-4,0,0,0,1,0,0,0,0,0,0
59903.33995333,1.001087782,8.617403e-4,0,0,0,1,0,0,0,0,0,0
59903.34043507,1.000433641,8.663268e-4,0,0,0,1,0,0,0,0,0,0
59903.34091681,1.001070108,8.611489e-4,0,0,0,1,0,0,0,0,0,0
59903.34139855,1.000263601,8.617948e-4,0,0,0,1,0,0,0,0,0,0
59903.34188029,1.002008127,8.617693e-4,0,0,0,1,0,0,0,0,0,0
59903.34236203,1.001952992,8.617051e-4,0,0,0,1,0,0,0,0,0,0
59903.34284377,1.000713207,8.617618e-4,0,0,0,1,0,0,0,0,0,0
59903.34332551,1.000122603,8.614227e-4,0,0,0,1,0,0,0,0,0,0
59903.34380725,1.000416315,8.613979e-4,0,0,0,1,0,0,0,0,0,0
59903.34428899,0.999598350,8.612470e-4,0,0,0,1,0,0,0,0,0,0
59903.34477073,1.000903823,8.611378e-4,0,0,0,1,0,0,0,0,0,0
59903.34525247,1.000820043,8.616644e-4,0,0,0,1,0,0,0,0,0,0
59903.34573421,1.001415060,8.611395e-4,0,0,0,1,0,0,0,0,0,0
59903.34621595,0.998917811,8.676887e-4,0,0,0,1,0,0,0,0,0,0
59903.34669769,1.000418288,8.616133e-4,0,0,0,1,0,0,0,0,0,0
59903.34717943,1.000097918,8.614660e-4,0,0,0,1,0,0,0,0,0,0
59903.34766117,1.000872761,8.611189e-4,0,0,0,1,0,0,0,0,0,0
59903.34814291,1.000070102,8.613377e-4,0,0,0,1,0,0,0,0,0,0
59903.34862465,1.000087262,8.614413e-4,0,0,0,1,0,0,0,0,0,0
59903.34910639,0.997134967,8.613973e-4,0,0,0,1,0,0,0,0,0,0
59903.34958813,0.998732911,8.616983e-4,0,0,0,1,0,0,0,0,0,0
59903.35006987,0.998954984,8.619623e-4,0,0,0,1,0,0,0,0,0,0
59903.35055161,0.999673096,8.616767e-4,0,0,0,1,0,0,0,0,0,0
59903.35103335,0.999985760,8.615341e-4,0,0,0,1,0,0,0,0,0,0
59903.35151509,0.999837465,8.614915e-4,0,0,0,1,0,0,0,0,0,0
59903.35199683,1.000062822,8.615954e-4,0,0,0,1,0,0,0,0,0,0
59903.35247857,1.000874263,8.613861e-4,0,0,0,1,0,0,0,0,0,0
59903.35296031,0.999173516,8.614152e-4,0,0,0,1,0,0,0,0,0,0
59903.35344205,1.000143093,8.611367e-4,0,0,0,1,0,0,0,0,0,0
59903.35392379,1.001357081,8.613334e-4,0,0,0,1,0,0,0,0,0,0
59903.35440553,1.000944738,8.612730e-4,0,0,0,1,0,0,0,0,0,0
59903.35488727,0.998769262,8.615962e-4,0,0,0,1,0,0,0,0,0,0
59903.35536901,1.001853229,8.665514e-4,0,0,0,1,0,0,0,0,0,0
59903.35585076,1.000895423,8.616483e-4,0,0,0,1,0,0,0,0,0,0
59903.35633250,0.999326958,8.638015e-4,0,0,0,1,0,0,0,0,0,0
59903.35681424,0.998255275,8.613612e-4,0,0,0,1,0,0,0,0,0,0
59903.35729598,1.001354764,8.615980e-4,0,0,0,1,0,0,0,0,0,0
59903.35777772,1.000515434,8.614931e-4,0,0,0,1,0,0,0,0,0,0
59903.35825946,1.000890832,8.611925e-4,0,0,0,1,0,0,0,0,0,0
59903.35874120,0.998933676,8.614411e-4,0,0,0,1,0,0,0,0,0,0
59903.35922294,1.000129804,8.613473e-4,0,0,0,1,0,0,0,0,0,0
59903.35970468,1.000931475,8.613420e-4,0,0,0,1,0,0,0,0,0,0
59903.36018642,0.999820706,8.613633e-4,0,0,0,1,0,0,0,0,0,0
59903.36066816,0.998405982,8.613740e-4,0,0,0,1,0,0,0,0,0,0
59903.36114990,1.000859017,8.691887e-4,0,0,0,1,0,0,0,0,0,0
59903.36163164,1.000132049,8.616558e-4,0,0,0,1,0,0,0,0,0,0
59903.36211338,1.000289303,8.619871e-4,0,0,0,1,0,0,0,0,0,0
59903.36259512,1.000577119,8.613018e-4,0,0,0,1,0,0,0,0,0,0
59903.36307686,0.999529760,8.619361e-4,0,0,0,1,0,0,0,0,0,0
59903.36355860,1.001179397,8.617004e-4,0,0,0,1,0,0,0,0,0,0
59903.36404034,1.000672608,8.613177e-4,0,0,0,1,0,0,0,0,0,0
59903.36452208,1.000322445,8.611119e-4,0,0,0,1,0,0,0,0,0,0
59903.36500382,0.998901332,8.616957e-4,0,0,0,1,0,0,0,0,0,0
59903.36548556,1.000998416,8.625581e-4,0,0,0,1,0,0,0,0,0,0
59903.36596730,0.999307837,8.612869e-4,0,0,0,1,0,0,0,0,0,0
59903.36644904,0.999123447,8.620311e-4,0,0,0,1,0,0,0,0,0,0
59903.36693078,1.000685611,8.612104e-4,0,0,0,1,0,0,0,0,0,0
59903.36741252,1.000283030,8.617320e-4,0,0,0,1,0,0,0,0,0,0
59903.36789426,0.998832864,8.620859e-4,0,0,0,1,0,0,0,0,0,0
59903.36837600,1.000483174,8.613881e-4,0,0,0,1,0,0,0,0,0,0
59903.36885774,1.001211109,8.613600e-4,0,0,0,1,0,0,0,0,0,0
59903.36933948,1.000998989,8.615754e-4,0,0,0,1,0,0,0,0,0,0
59903.36982122,1.000292274,8.613349e-4,0,0,0,1,0,0,0,0,0,0
59903.37030296,1.001063631,8.615897e-4,0,0,0,1,0,0,0,0,0,0
59903.37078470,1.002788126,8.618044e-4,0,0,0,1,0,0,0,0,0,0
59903.37126644,1.000200575,8.658981e-4,0,0,0,1,0,0,0,0,0,0
59903.37174818,1.000799976,8.617193e-4,0,0,0,1,0,0,0,0,0,0
59903.37222992,1.001765750,8.614552e-4,0,0,0,1,0,0,0,0,0,0
59903.37271166,0.999450585,8.615684e-4,0,0,0,1,0,0,0,0,0,0
59903.37319340,0.999867396,8.615552e-4,0,0,0,1,0,0,0,0,0,0
59903.37367514,1.000197526,8.616563e-4,0,0,0,1,0,0,0,0,0,0
59903.37415688,0.999180301,8.615056e-4,0,0,0,1,0,0,0,0,0,0
59903.37463862,1.000961370,8.619124e-4,0,0,0,1,0,0,0,0,0,0
59903.37512037,1.001897807,8.615883e-4,0,0,0,1,0,0,0,0,0,0
59903.37560211,1.001125012,8.615601e-4,0,0,0,1,0,0,0,0,0,0
59903.37608385,0.999956548,8.614032e-4,0,0,0,1,0,0,0,0,0,0
59903.37656559,1.000171806,8.618430e-4,0,0,0,1,0,0,0,0,0,0
59903.37704733,1.000931069,8.619644e-4,0,0,0,1,0,0,0,0,0,0
59903.37752907,1.000627071,8.693426e-4,0,0,0,1,0,0,0,0,0,0
59903.37801081,1.001480482,8.613682e-4,0,0,0,1,0,0,0,0,0,0
59903.37849255,0.999580171,8.613404e-4,0,0,0,1,0,0,0,0,0,0
59903.37897429,0.999953887,8.614920e-4,0,0,0,1,0,0,0,0,0,0
59903.37945603,1.000458178,8.617002e-4,0,0,0,1,0,0,0,0,0,0
59903.37993777,1.002786376,8.673919e-4,0,0,0,1,0,0,0,0,0,0
59903.38041951,1.000495701,8.616553e-4,0,0,0,1,0,0,0,0,0,0
59903.38090125,0.999713674,8.618727e-4,0,0,0,1,0,0,0,0,0,0
59903.38138299,1.001050357,8.617627e-4,0,0,0,1,0,0,0,0,0,0
59903.38186473,1.002489190,8.615903e-4,0,0,0,1,0,0,0,0,0,0
59903.38234647,1.001122348,8.619042e-4,0,0,0,1,0,0,0,0,0,0
59903.38282821,0.999930797,8.614247e-4,0,0,0,1,0,0,0,0,0,0
59903.38330995,1.000922518,8.618189e-4,0,0,0,1,0,0,0,0,0,0
59903.38379169,1.001457024,8.616267e-4,0,0,0,1,0,0,0,0,0,0
59903.38427343,1.001074269,8.614147e-4,0,0,0,1,0,0,0,0,0,0
59903.38475517,0.999717478,8.614980e-4,0,0,0,1,0,0,0,0,0,0
59903.38523691,1.001329247,8.614381e-4,0,0,0,1,0,0,0,0,0,0
59903.38571865,1.000833101,8.616540e-4,0,0,0,1,0,0,0,0,0,0
59903.38620039,1.001873550,8.621327e-4,0,0,0,1,0,0,0,0,0,0
59903.38668213,1.001588215,8.614623e-4,0,0,0,1,0,0,0,0,0,0
59903.38716387,1.000447583,8.617136e-4,0,0,0,1,0,0,0,0,0,0
59903.38764561,1.001174598,8.616847e-4,0,0,0,1,0,0,0,0,0,0
59903.38812735,1.001367395,8.615042e-4,0,0,0,1,0,0,0,0,0,0
59903.38860909,1.002816482,8.614586e-4,0,0,0,1,0,0,0,0,0,0
59903.38909083,1.001839353,8.617120e-4,0,0,0,1,0,0,0,0,0,0
59903.38957257,1.000210887,8.616494e-4,0,0,0,1,0,0,0,0,0,0
59903.39005431,1.001874454,8.621140e-4,0,0,0,1,0,0,0,0,0,0
59903.39053605,1.001831831,8.619299e-4,0,0,0,1,0,0,0,0,0,0
59903.39101779,1.000438973,8.622425e-4,0,0,0,1,0,0,0,0,0,0
59903.39149953,1.000433161,8.619583e-4,0,0,0,1,0,0,0,0,0,0
59903.39198127,1.000833788,8.618226e-4,0,0,0,1,0,0,0,0,0,0
59903.39246301,0.999456809,8.617812e-4,0,0,0,1,0,0,0,0,0,0
59903.39294475,1.000474621,8.619628e-4,0,0,0,1,0,0,0,0,0,0
59903.39342649,1.000762913,8.619175e-4,0,0,0,1,0,0,0,0,0,0
59903.39390823,1.000263836,8.619374e-4,0,0,0,1,0,0,0,0,0,0
59903.39438997,0.999813041,8.613749e-4,0,0,0,1,0,0,0,0,0,0
59903.39487171,1.000679970,8.616157e-4,0,0,0,1,0,0,0,0,0,0
59903.39535346,1.000967953,8.621780e-4,0,0,0,1,0,0,0,0,0,0
59903.39583520,1.002050922,8.614453e-4,0,0,0,1,0,0,0,0,0,0
59903.39631694,1.001763329,8.616891e-4,0,0,0,1,0,0,0,0,0,0
59903.39679868,1.000813834,8.614262e-4,0,0,0,1,0,0,0,0,0,0
59903.39728042,1.000499229,8.615544e-4,0,0,0,1,0,0,0,0,0,0
59903.39776216,0.999891591,8.616570e-4,0,0,0,1,0,0,0,0,0,0
59903.39824390,1.001560612,8.613420e-4,0,0,0,1,0,0,0,0,0,0
59903.39872564,1.000088806,8.617008e-4,0,0,0,1,0,0,0,0,0,0
59903.39920738,1.000520938,8.616677e-4,0,0,0,1,0,0,0,0,0,0
59903.39968912,1.001495746,8.621762e-4,0,0,0,1,0,0,0,0,0,0
59903.40017086,1.000677963,8.615210e-4,0,0,0,1,0,0,0,0,0,0
59903.40065260,1.001470344,8.622288e-4,0,0,0,1,0,0,0,0,0,0
59903.40113434,1.000926382,8.621554e-4,0,0,0,1,0,0,0,0,0,0
59903.40161608,1.001090339,8.616135e-4,0,0,0,1,0,0,0,0,0,0
59903.40209782,1.001090650,8.630579e-4,0,0,0,1,0,0,0,0,0,0
59903.40257956,0.999766311,8.613769e-4,0,0,0,1,0,0,0,0,0,0
59903.40306130,1.000817166,8.616362e-4,0,0,0,1,0,0,0,0,0,0
59903.40354304,1.000703886,8.616407e-4,0,0,0,1,0,0,0,0,0,0
59903.40402478,1.001514584,8.615159e-4,0,0,0,1,0,0,0,0,0,0
59903.40450652,1.000635639,8.609412e-4,0,0,0,1,0,0,0,0,0,0
59903.40498826,0.999996407,8.615899e-4,0,0,0,1,0,0,0,0,0,0
59903.40547000,1.001655684,8.617793e-4,0,0,0,1,0,0,0,0,0,0
59903.40595174,1.001203318,8.615684e-4,0,0,0,1,0,0,0,0,0,0
59903.40643348,0.999553125,8.615307e-4,0,0,0,1,0,0,0,0,0,0
59903.40691522,0.999550753,8.614659e-4,0,0,0,1,0,0,0,0,0,0
59903.40739696,1.001281773,8.616536e-4,0,0,0,1,0,0,0,0,0,0
59903.40787870,1.000546155,8.619275e-4,0,0,0,1,0,0,0,0,0,0
59903.40836044,1.003217397,8.617298e-4,0,0,0,1,0,0,0,0,0,0
59903.40884218,1.001464725,8.615975e-4,0,0,0,1,0,0,0,0,0,0
59903.40932392,0.999277510,8.618755e-4,0,0,0,1,0,0,0,0,0,0
59903.40980566,0.999651816,8.614324e-4,0,0,0,1,0,0,0,0,0,0
59903.41028740,1.001281255,8.616947e-4,0,0,0,1,0,0,0,0,0,0
59903.41076914,1.001101467,8.617373e-4,0,0,0,1,0,0,0,0,0,0
59903.41125088,1.001130387,8.614105e-4,0,0,0,1,0,0,0,0,0,0
59903.41173262,1.000801340,8.613549e-4,0,0,0,1,0,0,0,0,0,0
59903.41221436,0.999846433,8.616042e-4,0,0,0,1,0,0,0,0,0,0
59903.41269610,1.000781552,8.615243e-4,0,0,0,1,0,0,0,0,0,0
59903.41317784,1.000694926,8.615783e-4,0,0,0,1,0,0,0,0,0,0
59903.41365958,1.000599814,8.614255e-4,0,0,0,1,0,0,0,0,0,0
59903.41414132,1.001045515,8.616614e-4,0,0,0,1,0,0,0,0,0,0
59907.82698031,1.001991572,1.039220e-3,0,0,0,0,1,0,0,0,0,0
59907.82746206,1.000937477,1.039179e-3,0,0,0,0,1,0,0,0,0,0
59907.82794380,1.001059125,1.039197e-3,0,0,0,0,1,0,0,0,0,0
59907.82842554,0.999914753,1.039319e-3,0,0,0,0,1,0,0,0,0,0
59907.82890728,1.002690045,1.039365e-3,0,0,0,0,1,0,0,0,0,0
59907.82938902,1.000565307,1.039027e-3,0,0,0,0,1,0,0,0,0,0
59907.82987076,1.000603060,1.038820e-3,0,0,0,0,1,0,0,0,0,0
59907.83035250,0.999888374,1.038937e-3,0,0,0,0,1,0,0,0,0,0
59907.83083425,1.001901042,1.038785e-3,0,0,0,0,1,0,0,0,0,0
59907.83131599,1.001268406,1.038719e-3,0,0,0,0,1,0,0,0,0,0
59907.83179773,1.001054568,1.039202e-3,0,0,0,0,1,0,0,0,0,0
59907.83227947,1.001153169,1.039209e-3,0,0,0,0,1,0,0,0,0,0
59907.83276121,0.999909654,1.038806e-3,0,0,0,0,1,0,0,0,0,0
59907.83324295,1.000209190,1.045002e-3,0,0,0,0,1,0,0,0,0,0
59907.83372470,1.000540025,1.038973e-3,0,0,0,0,1,0,0,0,0,0
59907.83420644,1.000461899,1.038943e-3,0,0,0,0,1,0,0,0,0,0
59907.83468818,1.002000217,1.039164e-3,0,0,0,0,1,0,0,0,0,0
59907.83516992,1.001818408,1.038819e-3,0,0,0,0,1,0,0,0,0,0
59907.83565166,1.002279233,1.038764e-3,0,0,0,0,1,0,0,0,0,0
59907.83613340,1.000665559,1.038464e-3,0,0,0,0,1,0,0,0,0,0
59907.83661514,1.001094126,1.038730e-3,0,0,0,0,1,0,0,0,0,0
59907.83709689,0.999220839,1.038875e-3,0,0,0,0,1,0,0,0,0,0
59907.83757863,1.000820516,1.038729e-3,0,0,0,0,1,0,0,0,0,0
59907.83806037,0.999795592,1.039144e-3,0,0,0,0,1,0,0,0,0,0
59907.83854211,1.000284792,1.043357e-3,0,0,0,0,1,0,0,0,0,0
59907.83902385,1.001841721,1.038906e-3,0,0,0,0,1,0,0,0,0,0
59907.83950559,0.999225647,1.038570e-3,0,0,0,0,1,0,0,0,0,0
59907.83998734,1.000329347,1.038679e-3,0,0,0,0,1,0,0,0,0,0
59907.84046908,1.000909305,1.038586e-3,0,0,0,0,1,0,0,0,0,0
59907.84095082,1.001042459,1.038548e-3,0,0,0,0,1,0,0,0,0,0
59907.84143256,1.000671419,1.038591e-3,0,0,0,0,1,0,0,0,0,0
59907.84191430,0.999348547,1.038596e-3,0,0,0,0,1,0,0,0,0,0
59907.84239604,1.001448287,1.038833e-3,0,0,0,0,1,0,0,0,0,0
59907.84287778,1.000155846,1.039145e-3,0,0,0,0,1,0,0,0,0,0
59907.84335953,0.999339793,1.038668e-3,0,0,0,0,1,0,0,0,0,0
59907.84384127,1.003172371,1.038700e-3,0,0,0,0,1,0,0,0,0,0
59907.84432301,1.001786616,1.038884e-3,0,0,0,0,1,0,0,0,0,0
59907.84480475,1.000128720,1.038606e-3,0,0,0,0,1,0,0,0,0,0
59907.84528649,1.001468265,1.038699e-3,0,0,0,0,1,0,0,0,0,0
59907.84576823,1.001080200,1.038648e-3,0,0,0,0,1,0,0,0,0,0
59907.84624997,1.002393569,1.039062e-3,0,0,0,0,1,0,0,0,0,0
59907.84673172,0.999632895,1.038293e-3,0,0,0,0,1,0,0,0,0,0
59907.84721346,1.000517799,1.038819e-3,0,0,0,0,1,0,0,0,0,0
59907.84769520,1.001531912,1.038640e-3,0,0,0,0,1,0,0,0,0,0
59907.84817694,1.001169766,1.038860e-3,0,0,0,0,1,0,0,0,0,0
59907.84865868,1.001638562,1.038796e-3,0,0,0,0,1,0,0,0,0,0
59907.84914042,1.002417834,1.038555e-3,0,0,0,0,1,0,0,0,0,0
59907.84962217,1.000293258,1.038645e-3,0,0,0,0,1,0,0,0,0,0
59907.85010391,1.001714863,1.038640e-3,0,0,0,0,1,0,0,0,0,0
59907.85058565,0.998905882,1.038540e-3,0,0,0,0,1,0,0,0,0,0
59907.85106739,1.000522354,1.038712e-3,0,0,0,0,1,0,0,0,0,0
59907.85154913,1.001100672,1.038645e-3,0,0,0,0,1,0,0,0,0,0
59907.85203087,1.001634636,1.038747e-3,0,0,0,0,1,0,0,0,0,0
59907.85251261,1.001012728,1.049811e-3,0,0,0,0,1,0,0,0,0,0
59907.85299436,1.001821616,1.038401e-3,0,0,0,0,1,0,0,0,0,0
59907.85347610,1.001017549,1.038747e-3,0,0,0,0,1,0,0,0,0,0
59907.85395784,1.001209700,1.039186e-3,0,0,0,0,1,0,0,0,0,0
59907.85443958,1.003314456,1.038841e-3,0,0,0,0,1,0,0,0,0,0
59907.85492132,1.001229363,1.039205e-3,0,0,0,0,1,0,0,0,0,0
59907.85540306,0.998525700,1.038622e-3,0,0,0,0,1,0,0,0,0,0
59907.85588481,1.001987687,1.038884e-3,0,0,0,0,1,0,0,0,0,0
59907.85636655,1.000850469,1.038489e-3,0,0,0,0,1,0,0,0,0,0
59907.85684829,1.001302870,1.038688e-3,0,0,0,0,1,0,0,0,0,0
59907.85733003,1.000353299,1.038726e-3,0,0,0,0,1,0,0,0,0,0
59907.85781177,0.999794328,1.038331e-3,0,0,0,0,1,0,0,0,0,0
59907.85829351,1.004043824,1.059557e-3,0,0,0,0,1,0,0,0,0,0
59907.85877525,1.000943808,1.039039e-3,0,0,0,0,1,0,0,0,0,0
59907.85925700,1.000935725,1.038781e-3,0,0,0,0,1,0,0,0,0,0
59907.85973874,1.000567573,1.038506e-3,0,0,0,0,1,0,0,0,0,0
59907.86022048,1.000389071,1.038267e-3,0,0,0,0,1,0,0,0,0,0
59907.86070222,1.000740086,1.038728e-3,0,0,0,0,1,0,0,0,0,0
59907.86118396,1.000284163,1.039521e-3,0,0,0,0,1,0,0,0,0,0
59907.86166570,0.999733271,1.038622e-3,0,0,0,0,1,0,0,0,0,0
59907.86214744,1.000676461,1.038380e-3,0,0,0,0,1,0,0,0,0,0
59907.86262919,0.999544478,1.040202e-3,0,0,0,0,1,0,0,0,0,0
59907.86311093,1.001129867,1.038148e-3,0,0,0,0,1,0,0,0,0,0
59907.86359267,1.001508697,1.038650e-3,0,0,0,0,1,0,0,0,0,0
59907.86407441,1.001078562,1.038471e-3,0,0,0,0,1,0,0,0,0,0
59907.86455615,1.000672307,1.038615e-3,0,0,0,0,1,0,0,0,0,0
59907.86503789,1.000459776,1.038623e-3,0,0,0,0,1,0,0,0,0,0
59907.86551964,0.999964449,1.038658e-3,0,0,0,0,1,0,0,0,0,0
59907.86600138,1.001448928,1.038525e-3,0,0,0,0,1,0,0,0,0,0
59907.86648312,1.000777798,1.038522e-3,0,0,0,0,1,0,0,0,0,0
59907.86696486,1.002666183,1.038407e-3,0,0,0,0,1,0,0,0,0,0
59907.86744660,1.001421342,1.038395e-3,0,0,0,0,1,0,0,0,0,0
59907.86792834,1.000912493,1.038476e-3,0,0,0,0,1,0,0,0,0,0
59907.86841008,1.002630315,1.038367e-3,0,0,0,0,1,0,0,0,0,0
59907.86889183,1.001471508,1.039002e-3,0,0,0,0,1,0,0,0,0,0
59907.86937357,0.999767635,1.038742e-3,0,0,0,0,1,0,0,0,0,0
59907.86985531,1.001070542,1.038750e-3,0,0,0,0,1,0,0,0,0,0
59907.87033705,1.001770520,1.038456e-3,0,0,0,0,1,0,0,0,0,0
59907.87081879,1.000240983,1.043016e-3,0,0,0,0,1,0,0,0,0,0
59907.87130053,1.001694785,1.038570e-3,0,0,0,0,1,0,0,0,0,0
59907.87178228,0.999377251,1.039246e-3,0,0,0,0,1,0,0,0,0,0
59907.87226402,0.998778327,1.038462e-3,0,0,0,0,1,0,0,0,0,0
59907.87274576,1.000214476,1.038423e-3,0,0,0,0,1,0,0,0,0,0
59907.87322750,0.999834760,1.038284e-3,0,0,0,0,1,0,0,0,0,0
59907.87370924,1.001020151,1.038234e-3,0,0,0,0,1,0,0,0,0,0
59907.87419098,1.000338058,1.038312e-3,0,0,0,0,1,0,0,0,0,0
59907.87467272,1.002022137,1.038102e-3,0,0,0,0,1,0,0,0,0,0
59907.87515447,1.000809448,1.037960e-3,0,0,0,0,1,0,0,0,0,0
59907.87563621,1.001712131,1.038001e-3,0,0,0,0,1,0,0,0,0,0
59907.87611795,1.000224246,1.038091e-3,0,0,0,0,1,0,0,0,0,0
59907.87659969,0.999911014,1.037923e-3,0,0,0,0,1,0,0,0,0,0
59907.87708143,1.000531526,1.038432e-3,0,0,0,0,1,0,0,0,0,0
59907.87756317,1.001722000,1.054829e-3,0,0,0,0,1,0,0,0,0,0
59907.87804491,1.000822645,1.038435e-3,0,0,0,0,1,0,0,0,0,0
59907.87852666,1.000511501,1.038165e-3,0,0,0,0,1,0,0,0,0,0
59907.87900840,1.001876869,1.038084e-3,0,0,0,0,1,0,0,0,0,0
59907.87949014,0.999501805,1.038346e-3,0,0,0,0,1,0,0,0,0,0
59907.87997188,0.999618263,1.038269e-3,0,0,0,0,1,0,0,0,0,0
59907.88045362,0.998818562,1.038173e-3,0,0,0,0,1,0,0,0,0,0
59907.88093536,1.000324714,1.038231e-3,0,0,0,0,1,0,0,0,0,0
59907.88141711,1.000230412,1.038233e-3,0,0,0,0,1,0,0,0,0,0
59907.88189885,1.000639258,1.038443e-3,0,0,0,0,1,0,0,0,0,0
59907.88238059,1.000670522,1.038331e-3,0,0,0,0,1,0,0,0,0,0
59907.88286233,0.999049126,1.038303e-3,0,0,0,0,1,0,0,0,0,0
59907.88334407,0.999892871,1.038584e-3,0,0,0,0,1,0,0,0,0,0
59907.88382581,1.000417472,1.038262e-3,0,0,0,0,1,0,0,0,0,0
59907.88430755,0.999359973,1.038043e-3,0,0,0,0,1,0,0,0,0,0
59907.88478930,0.998124069,1.038659e-3,0,0,0,0,1,0,0,0,0,0
59907.88527104,1.000294173,1.038362e-3,0,0,0,0,1,0,0,0,0,0
59907.88575278,0.998457371,1.038398e-3,0,0,0,0,1,0,0,0,0,0
59907.88623452,0.999097353,1.038510e-3,0,0,0,0,1,0,0,0,0,0
59907.88671626,1.001165652,1.038037e-3,0,0,0,0,1,0,0,0,0,0
59907.88719800,0.999632727,1.038224e-3,0,0,0,0,1,0,0,0,0,0
59907.88767975,0.997892015,1.038353e-3,0,0,0,0,1,0,0,0,0,0
59907.88816149,0.999775085,1.039109e-3,0,0,0,0,1,0,0,0,0,0
59907.88864323,0.998999005,1.038442e-3,0,0,0,0,1,0,0,0,0,0
59907.88912497,1.000077585,1.038653e-3,0,0,0,0,1,0,0,0,0,0
59907.88960671,0.999517625,1.037738e-3,0,0,0,0,1,0,0,0,0,0
59907.89008845,0.998219979,1.038471e-3,0,0,0,0,1,0,0,0,0,0
59907.89057019,0.999369612,1.038339e-3,0,0,0,0,1,0,0,0,0,0
59907.89105194,1.000513535,1.038416e-3,0,0,0,0,1,0,0,0,0,0
59907.89153368,0.998384945,1.037897e-3,0,0,0,0,1,0,0,0,0,0
59907.89201542,0.999800160,1.038307e-3,0,0,0,0,1,0,0,0,0,0
59907.89249716,1.000502996,1.037899e-3,0,0,0,0,1,0,0,0,0,0
59907.89297890,1.000552001,1.037879e-3,0,0,0,0,1,0,0,0,0,0
59907.89346064,1.001271315,1.038479e-3,0,0,0,0,1,0,0,0,0,0
59907.89394238,1.000751797,1.037970e-3,0,0,0,0,1,0,0,0,0,0
59907.89442413,1.000261563,1.038383e-3,0,0,0,0,1,0,0,0,0,0
59907.89490587,1.000045262,1.038509e-3,0,0,0,0,1,0,0,0,0,0
59907.89538761,1.001431095,1.038426e-3,0,0,0,0,1,0,0,0,0,0
59907.89586935,1.001512770,1.047677e-3,0,0,0,0,1,0,0,0,0,0
59907.89635109,1.001036293,1.038360e-3,0,0,0,0,1,0,0,0,0,0
59907.89683283,1.000951342,1.038098e-3,0,0,0,0,1,0,0,0,0,0
59907.89731458,1.002064857,1.038305e-3,0,0,0,0,1,0,0,0,0,0
59907.89779632,0.997982093,1.038429e-3,0,0,0,0,1,0,0,0,0,0
59907.89827806,1.000994622,1.038135e-3,0,0,0,0,1,0,0,0,0,0
59907.89875980,1.000846117,1.038422e-3,0,0,0,0,1,0,0,0,0,0
59907.89924154,1.000452418,1.040129e-3,0,0,0,0,1,0,0,0,0,0
59907.89972328,1.000438923,1.038288e-3,0,0,0,0,1,0,0,0,0,0
59907.90020502,0.999420127,1.038212e-3,0,0,0,0,1,0,0,0,0,0
59907.90068677,0.999622779,1.038425e-3,0,0,0,0,1,0,0,0,0,0
59907.90116851,1.001745343,1.038276e-3,0,0,0,0,1,0,0,0,0,0
59907.90165025,1.000741547,1.038106e-3,0,0,0,0,1,0,0,0,0,0
59907.90213199,0.999496204,1.038335e-3,0,0,0,0,1,0,0,0,0,0
59907.90261373,1.001270525,1.038130e-3,0,0,0,0,1,0,0,0,0,0
59907.90309547,1.001293774,1.037888e-3,0,0,0,0,1,0,0,0,0,0
59907.90357722,1.000183904,1.037766e-3,0,0,0,0,1,0,0,0,0,0
59907.90405896,1.000857889,1.037999e-3,0,0,0,0,1,0,0,0,0,0
59907.90454070,0.999874921,1.038275e-3,0,0,0,0,1,0,0,0,0,0
59907.90502244,1.001545215,1.037930e-3,0,0,0,0,1,0,0,0,0,0
59907.90550418,0.999337610,1.044193e-3,0,0,0,0,1,0,0,0,0,0
59907.90598592,0.999855804,1.038128e-3,0,0,0,0,1,0,0,0,0,0
59907.90646766,0.999948247,1.039845e-3,0,0,0,0,1,0,0,0,0,0
59907.90694941,0.999336260,1.038380e-3,0,0,0,0,1,0,0,0,0,0
59907.90743115,1.002856362,1.038127e-3,0,0,0,0,1,0,0,0,0,0
59907.90791289,1.001891505,1.038106e-3,0,0,0,0,1,0,0,0,0,0
59907.90839463,0.999830457,1.038219e-3,0,0,0,0,1,0,0,0,0,0
59907.90887637,1.002146119,1.038103e-3,0,0,0,0,1,0,0,0,0,0
59907.90935811,1.001697615,1.038377e-3,0,0,0,0,1,0,0,0,0,0
59907.90983985,0.999535070,1.038606e-3,0,0,0,0,1,0,0,0,0,0
59907.91032160,1.001509893,1.038477e-3,0,0,0,0,1,0,0,0,0,0
59907.91080334,1.000811351,1.038419e-3,0,0,0,0,1,0,0,0,0,0
59907.91128508,0.999931960,1.038408e-3,0,0,0,0,1,0,0,0,0,0
59907.91176682,1.000215164,1.038414e-3,0,0,0,0,1,0,0,0,0,0
59907.91224856,0.999817570,1.038119e-3,0,0,0,0,1,0,0,0,0,0
59907.91273030,1.000176444,1.038553e-3,0,0,0,0,1,0,0,0,0,0
59907.91321205,1.002262538,1.055534e-3,0,0,0,0,1,0,0,0,0,0
59907.91369379,1.000231593,1.038374e-3,0,0,0,0,1,0,0,0,0,0
59907.91417553,1.000481924,1.038475e-3,0,0,0,0,1,0,0,0,0,0
59907.91465727,1.000840647,1.038184e-3,0,0,0,0,1,0,0,0,0,0
59907.91513901,1.002857318,1.038017e-3,0,0,0,0,1,0,0,0,0,0
59907.91562075,0.999755805,1.038473e-3,0,0,0,0,1,0,0,0,0,0
59907.91610249,1.001181992,1.038206e-3,0,0,0,0,1,0,0,0,0,0
59907.91658424,1.000017805,1.038151e-3,0,0,0,0,1,0,0,0,0,0
59907.91706598,0.999723127,1.038965e-3,0,0,0,0,1,0,0,0,0,0
59907.91754772,1.003377187,1.038265e-3,0,0,0,0,1,0,0,0,0,0
59907.91802946,1.000309142,1.038226e-3,0,0,0,0,1,0,0,0,0,0
59907.91851120,0.999551263,1.038353e-3,0,0,0,0,1,0,0,0,0,0
59907.91899294,0.998566954,1.038537e-3,0,0,0,0,1,0,0,0,0,0
59907.91947468,1.001775918,1.038455e-3,0,0,0,0,1,0,0,0,0,0
59907.91995643,0.999736330,1.038415e-3,0,0,0,0,1,0,0,0,0,0
59907.92043817,1.000846631,1.038367e-3,0,0,0,0,1,0,0,0,0,0
59907.92091991,1.000487156,1.038500e-3,0,0,0,0,1,0,0,0,0,0
59907.92140165,1.000109988,1.038266e-3,0,0,0,0,1,0,0,0,0,0
59907.92188339,1.001690953,1.038475e-3,0,0,0,0,1,0,0,0,0,0
59907.92236513,0.999464085,1.047794e-3,0,0,0,0,1,0,0,0,0,0
59907.92284688,1.000690035,1.038307e-3,0,0,0,0,1,0,0,0,0,0
59907.92332862,1.001998144,1.040859e-3,0,0,0,0,1,0,0,0,0,0
59907.92381036,1.001078250,1.037953e-3,0,0,0,0,1,0,0,0,0,0
59907.92429210,1.000708661,1.038407e-3,0,0,0,0,1,0,0,0,0,0
59907.92477384,1.001483192,1.038646e-3,0,0,0,0,1,0,0,0,0,0
59907.92525558,1.000985953,1.038866e-3,0,0,0,0,1,0,0,0,0,0
59907.92573732,0.999517583,1.038639e-3,0,0,0,0,1,0,0,0,0,0
59907.92621907,0.999185780,1.038258e-3,0,0,0,0,1,0,0,0,0,0
59907.92670081,1.002037109,1.038781e-3,0,0,0,0,1,0,0,0,0,0
59907.92718255,1.001435441,1.038346e-3,0,0,0,0,1,0,0,0,0,0
59907.92766429,0.999891604,1.038536e-3,0,0,0,0,1,0,0,0,0,0
59907.92814603,1.000538755,1.038448e-3,0,0,0,0,1,0,0,0,0,0
59907.92862777,1.002320832,1.038508e-3,0,0,0,0,1,0,0,0,0,0
59907.92910951,1.004253067,1.054896e-3,0,0,0,0,1,0,0,0,0,0
59907.92959126,1.001281466,1.038514e-3,0,0,0,0,1,0,0,0,0,0
59907.93007300,1.001429452,1.038431e-3,0,0,0,0,1,0,0,0,0,0
59907.93055474,1.000194803,1.038389e-3,0,0,0,0,1,0,0,0,0,0
59907.93103648,1.002021359,1.038319e-3,0,0,0,0,1,0,0,0,0,0
59907.93151822,0.999689880,1.039795e-3,0,0,0,0,1,0,0,0,0,0
59907.93199996,1.002002691,1.038111e-3,0,0,0,0,1,0,0,0,0,0
59907.93248171,1.000618089,1.038381e-3,0,0,0,0,1,0,0,0,0,0
59907.93296345,0.999970952,1.038519e-3,0,0,0,0,1,0,0,0,0,0
59907.93344519,1.001487525,1.038482e-3,0,0,0,0,1,0,0,0,0,0
59907.93392693,1.000974208,1.038613e-3,0,0,0,0,1,0,0,0,0,0
59907.93440867,1.000559484,1.038491e-3,0,0,0,0,1,0,0,0,0,0
59907.93489041,1.000716916,1.096349e-3,0,0,0,0,1,0,0,0,0,0
59907.93537215,1.003363100,1.037965e-3,0,0,0,0,1,0,0,0,0,0
59907.93585390,1.002384488,1.038766e-3,0,0,0,0,1,0,0,0,0,0
59907.93633564,1.001938786,1.051013e-3,0,0,0,0,1,0,0,0,0,0
59907.93681738,1.000008599,1.038977e-3,0,0,0,0,1,0,0,0,0,0
59907.93729912,1.001245987,1.038471e-3,0,0,0,0,1,0,0,0,0,0
59907.93778086,1.002223726,1.038475e-3,0,0,0,0,1,0,0,0,0,0
59907.93826260,0.999990615,1.038015e-3,0,0,0,0,1,0,0,0,0,0
59907.93874435,1.000153387,1.038871e-3,0,0,0,0,1,0,0,0,0,0
59907.93922609,1.000210203,1.038613e-3,0,0,0,0,1,0,0,0,0,0
59907.93970783,1.000381535,1.038708e-3,0,0,0,0,1,0,0,0,0,0
59907.94018957,1.001786990,1.038670e-3,0,0,0,0,1,0,0,0,0,0
59907.94067131,1.001298974,1.038492e-3,0,0,0,0,1,0,0,0,0,0
59907.94115305,0.999292971,1.038592e-3,0,0,0,0,1,0,0,0,0,0
59907.94163479,1.000962899,1.038435e-3,0,0,0,0,1,0,0,0,0,0
59907.94211654,0.999601863,1.042304e-3,0,0,0,0,1,0,0,0,0,0
59907.94259828,0.999283345,1.038184e-3,0,0,0,0,1,0,0,0,0,0
59907.94308002,1.000308425,1.038319e-3,0,0,0,0,1,0,0,0,0,0
59907.94356176,1.001992612,1.037936e-3,0,0,0,0,1,0,0,0,0,0
59907.94404350,1.000599914,1.038548e-3,0,0,0,0,1,0,0,0,0,0
59907.94452524,1.001772519,1.039942e-3,0,0,0,0,1,0,0,0,0,0
59907.94500698,1.001736411,1.038363e-3,0,0,0,0,1,0,0,0,0,0
59907.94548873,1.000416129,1.038374e-3,0,0,0,0,1,0,0,0,0,0
59907.94597047,1.002816814,1.038110e-3,0,0,0,0,1,0,0,0,0,0
59907.94645221,1.000993817,1.038912e-3,0,0,0,0,1,0,0,0,0,0
59907.94693395,1.001583186,1.038363e-3,0,0,0,0,1,0,0,0,0,0
59907.94741569,1.001517694,1.038425e-3,0,0,0,0,1,0,0,0,0,0
59907.94789743,0.999828666,1.038622e-3,0,0,0,0,1,0,0,0,0,0
59907.94837918,1.000378629,1.038454e-3,0,0,0,0,1,0,0,0,0,0
59907.94886092,1.001307972,1.038450e-3,0,0,0,0,1,0,0,0,0,0
59907.94934266,1.000946295,1.038515e-3,0,0,0,0,1,0,0,0,0,0
59907.94982440,1.001021638,1.038253e-3,0,0,0,0,1,0,0,0,0,0
59907.95030614,1.000797524,1.038084e-3,0,0,0,0,1,0,0,0,0,0
59907.95078788,1.001782627,1.038279e-3,0,0,0,0,1,0,0,0,0,0
59907.95126962,0.998601120,1.038499e-3,0,0,0,0,1,0,0,0,0,0
59907.95175137,1.001459509,1.038177e-3,0,0,0,0,1,0,0,0,0,0
59907.95223311,0.999847583,1.038502e-3,0,0,0,0,1,0,0,0,0,0
59907.95271485,0.998615991,1.038464e-3,0,0,0,0,1,0,0,0,0,0
59907.95319659,1.000924719,1.038537e-3,0,0,0,0,1,0,0,0,0,0
59907.95367833,1.002228731,1.038484e-3,0,0,0,0,1,0,0,0,0,0
59907.95416007,1.000870631,1.037966e-3,0,0,0,0,1,0,0,0,0,0
59907.95464181,1.000798726,1.038355e-3,0,0,0,0,1,0,0,0,0,0
59907.95512356,0.999581013,1.038601e-3,0,0,0,0,1,0,0,0,0,0
59907.95560530,0.999396940,1.038623e-3,0,0,0,0,1,0,0,0,0,0
59907.95608704,1.001394034,1.038343e-3,0,0,0,0,1,0,0,0,0,0
59907.95656878,1.001253959,1.038788e-3,0,0,0,0,1,0,0,0,0,0
59907.95705052,0.999603228,1.038105e-3,0,0,0,0,1,0,0,0,0,0
59907.95753226,1.001133538,1.038238e-3,0,0,0,0,1,0,0,0,0,0
59907.95801401,0.999378807,1.038267e-3,0,0,0,0,1,0,0,0,0,0
59907.95849575,1.002829251,1.048109e-3,0,0,0,0,1,0,0,0,0,0
59907.95897749,0.998546450,1.056131e-3,0,0,0,0,1,0,0,0,0,0
59907.95945923,1.001191073,1.038105e-3,0,0,0,0,1,0,0,0,0,0
59907.95994097,1.001428284,1.038490e-3,0,0,0,0,1,0,0,0,0,0
59916.89332680,1.001495307,8.667757e-4,0,0,0,0,0,1,0,0,0,0
59916.89380854,0.999749611,8.771954e-4,0,0,0,0,0,1,0,0,0,0
59916.89429028,1.001615331,8.665444e-4,0,0,0,0,0,1,0,0,0,0
59916.89477202,1.001491656,8.665056e-4,0,0,0,0,0,1,0,0,0,0
59916.89525376,1.002175534,8.665856e-4,0,0,0,0,0,1,0,0,0,0
59916.89573550,1.000979974,8.667197e-4,0,0,0,0,0,1,0,0,0,0
59916.89621724,1.001474685,8.662930e-4,0,0,0,0,0,1,0,0,0,0
59916.89669898,1.001092038,8.663873e-4,0,0,0,0,0,1,0,0,0,0
59916.89718072,1.000389319,8.664603e-4,0,0,0,0,0,1,0,0,0,0
59916.89766247,1.002082388,8.667451e-4,0,0,0,0,0,1,0,0,0,0
59916.89814421,1.000441255,8.668555e-4,0,0,0,0,0,1,0,0,0,0
59916.89862595,0.999293474,8.667291e-4,0,0,0,0,0,1,0,0,0,0
59916.89910769,1.001090526,8.663219e-4,0,0,0,0,0,1,0,0,0,0
59916.89958943,1.001069713,8.664735e-4,0,0,0,0,0,1,0,0,0,0
59916.90007117,0.999784881,8.664940e-4,0,0,0,0,0,1,0,0,0,0
59916.90055291,1.001592159,8.662761e-4,0,0,0,0,0,1,0,0,0,0
59916.90103465,1.003119161,8.694689e-4,0,0,0,0,0,1,0,0,0,0
59916.90151639,0.999554682,8.664814e-4,0,0,0,0,0,1,0,0,0,0
59916.90199813,1.000381461,8.664731e-4,0,0,0,0,0,1,0,0,0,0
59916.90247987,1.000151814,8.664074e-4,0,0,0,0,0,1,0,0,0,0
59916.90296161,1.001934362,8.696605e-4,0,0,0,0,0,1,0,0,0,0
59916.90344335,1.000511098,8.663598e-4,0,0,0,0,0,1,0,0,0,0
59916.90392509,1.000900931,8.669414e-4,0,0,0,0,0,1,0,0,0,0
59916.90440683,0.999378379,8.664174e-4,0,0,0,0,0,1,0,0,0,0
59916.90488857,0.999718920,8.679111e-4,0,0,0,0,0,1,0,0,0,0
59916.90537031,1.000026553,8.660692e-4,0,0,0,0,0,1,0,0,0,0
59916.90585205,1.001934903,8.664097e-4,0,0,0,0,0,1,0,0,0,0
59916.90633379,1.001563896,8.663527e-4,0,0,0,0,0,1,0,0,0,0
59916.90681553,1.000200284,8.661760e-4,0,0,0,0,0,1,0,0,0,0
59916.90729727,0.998431811,8.744969e-4,0,0,0,0,0,1,0,0,0,0
59916.90777901,0.999539344,8.663741e-4,0,0,0,0,0,1,0,0,0,0
59916.90826075,1.003283006,8.667951e-4,0,0,0,0,0,1,0,0,0,0
59916.90874250,1.001582318,8.665713e-4,0,0,0,0,0,1,0,0,0,0
59916.90922424,1.002658571,8.679119e-4,0,0,0,0,0,1,0,0,0,0
59916.90970598,1.001753036,8.661085e-4,0,0,0,0,0,1,0,0,0,0
59916.91018772,1.001619854,8.661043e-4,0,0,0,0,0,1,0,0,0,0
59916.91066946,1.002770302,8.666357e-4,0,0,0,0,0,1,0,0,0,0
59916.91115120,0.999699151,8.663734e-4,0,0,0,0,0,1,0,0,0,0
59916.91163294,1.000881044,8.662556e-4,0,0,0,0,0,1,0,0,0,0
59916.91211468,0.999951890,8.666286e-4,0,0,0,0,0,1,0,0,0,0
59916.91259642,1.001371414,8.662020e-4,0,0,0,0,0,1,0,0,0,0
59916.91307816,1.001280412,8.830288e-4,0,0,0,0,0,1,0,0,0,0
59916.91355990,0.998793647,8.662395e-4,0,0,0,0,0,1,0,0,0,0
59916.91404164,1.000155349,8.665284e-4,0,0,0,0,0,1,0,0,0,0
59916.91452338,1.001145020,8.672349e-4,0,0,0,0,0,1,0,0,0,0
59916.91500512,1.001027724,8.663063e-4,0,0,0,0,0,1,0,0,0,0
59916.91548686,1.000148732,8.660948e-4,0,0,0,0,0,1,0,0,0,0
59916.91596860,1.000439395,8.665235e-4,0,0,0,0,0,1,0,0,0,0
59916.91645034,1.000807124,8.664978e-4,0,0,0,0,0,1,0,0,0,0
59916.91693208,1.001808315,8.662332e-4,0,0,0,0,0,1,0,0,0,0
59916.91741382,1.000466962,8.667731e-4,0,0,0,0,0,1,0,0,0,0
59916.91789556,1.000751706,8.724287e-4,0,0,0,0,0,1,0,0,0,0
59916.91837730,1.002030605,8.663654e-4,0,0,0,0,0,1,0,0,0,0
59916.91885904,1.000496551,8.662425e-4,0,0,0,0,0,1,0,0,0,0
59916.91934078,1.002764676,8.784205e-4,0,0,0,0,0,1,0,0,0,0
59916.91982253,1.000571082,8.664629e-4,0,0,0,0,0,1,0,0,0,0
59916.92030427,0.999878573,8.666388e-4,0,0,0,0,0,1,0,0,0,0
59916.92078601,1.000732283,8.663029e-4,0,0,0,0,0,1,0,0,0,0
59916.92126775,1.001633923,8.664093e-4,0,0,0,0,0,1,0,0,0,0
59916.92174949,0.999432537,8.669251e-4,0,0,0,0,0,1,0,0,0,0
59916.92223123,0.999635040,8.665917e-4,0,0,0,0,0,1,0,0,0,0
59916.92271297,1.001110757,8.666451e-4,0,0,0,0,0,1,0,0,0,0
59916.92319471,1.000854317,8.665319e-4,0,0,0,0,0,1,0,0,0,0
59916.92367645,1.000484727,8.661467e-4,0,0,0,0,0,1,0,0,0,0
59916.92415819,1.000484219,8.662725e-4,0,0,0,0,0,1,0,0,0,0
59916.92463993,1.001028528,8.666561e-4,0,0,0,0,0,1,0,0,0,0
59916.92512167,1.002008354,8.660724e-4,0,0,0,0,0,1,0,0,0,0
59916.92560341,1.000821388,8.665312e-4,0,0,0,0,0,1,0,0,0,0
59916.92608515,1.002099294,8.666523e-4,0,0,0,0,0,1,0,0,0,0
59916.92656689,1.000683550,8.659366e-4,0,0,0,0,0,1,0,0,0,0
59916.92704863,1.001409335,8.664827e-4,0,0,0,0,0,1,0,0,0,0
59916.92753037,1.000286748,8.664763e-4,0,0,0,0,0,1,0,0,0,0
59916.92801211,1.001621998,8.659969e-4,0,0,0,0,0,1,0,0,0,0
59916.92849385,0.999954864,8.664168e-4,0,0,0,0,0,1,0,0,0,0
59916.92897559,1.001593263,8.676413e-4,0,0,0,0,0,1,0,0,0,0
59916.92945733,1.000911641,8.664929e-4,0,0,0,0,0,1,0,0,0,0
59916.92993907,1.001241978,8.665129e-4,0,0,0,0,0,1,0,0,0,0
59916.93042082,1.001261721,8.663825e-4,0,0,0,0,0,1,0,0,0,0
59916.93090256,0.999556122,8.666238e-4,0,0,0,0,0,1,0,0,0,0
59916.93138430,1.001992993,8.666692e-4,0,0,0,0,0,1,0,0,0,0
59916.93186604,1.001005515,8.665870e-4,0,0,0,0,0,1,0,0,0,0
59916.93234778,1.000701335,8.666153e-4,0,0,0,0,0,1,0,0,0,0
59916.93282952,1.001677677,8.666900e-4,0,0,0,0,0,1,0,0,0,0
59916.93331126,1.001688576,8.663562e-4,0,0,0,0,0,1,0,0,0,0
59916.93379300,1.000914519,8.663691e-4,0,0,0,0,0,1,0,0,0,0
59916.93427474,0.999809017,8.667316e-4,0,0,0,0,0,1,0,0,0,0
59916.93475648,1.000830108,8.664789e-4,0,0,0,0,0,1,0,0,0,0
59916.93523822,1.000732536,8.663655e-4,0,0,0,0,0,1,0,0,0,0
59916.93571996,1.001444129,8.663796e-4,0,0,0,0,0,1,0,0,0,0
59916.93620170,1.001456612,8.662946e-4,0,0,0,0,0,1,0,0,0,0
59916.93668344,1.000219195,8.666191e-4,0,0,0,0,0,1,0,0,0,0
59916.93716518,1.001272380,8.663532e-4,0,0,0,0,0,1,0,0,0,0
59916.93764692,0.999763860,8.660953e-4,0,0,0,0,0,1,0,0,0,0
59916.93812866,1.000469027,8.661266e-4,0,0,0,0,0,1,0,0,0,0
59916.93861040,1.001126555,8.665073e-4,0,0,0,0,0,1,0,0,0,0
59916.93909214,0.999151082,8.664040e-4,0,0,0,0,0,1,0,0,0,0
59916.93957388,1.001854453,8.660636e-4,0,0,0,0,0,1,0,0,0,0
59916.94005562,1.001982268,8.661096e-4,0,0,0,0,0,1,0,0,0,0
59916.94053736,1.000195136,8.663031e-4,0,0,0,0,0,1,0,0,0,0
59916.94101910,1.000254918,8.661373e-4,0,0,0,0,0,1,0,0,0,0
59916.94150085,1.000563256,8.659930e-4,0,0,0,0,0,1,0,0,0,0
59916.94198259,1.002118811,8.662704e-4,0,0,0,0,0,1,0,0,0,0
59916.94246433,0.999684053,8.664926e-4,0,0,0,0,0,1,0,0,0,0
59916.94294607,1.000525872,8.660987e-4,0,0,0,0,0,1,0,0,0,0
59916.94342781,1.000219826,8.661294e-4,0,0,0,0,0,1,0,0,0,0
59916.94390955,1.001921480,8.661070e-4,0,0,0,0,0,1,0,0,0,0
59916.94439129,0.999078737,8.658436e-4,0,0,0,0,0,1,0,0,0,0
59916.94487303,1.000449215,8.661585e-4,0,0,0,0,0,1,0,0,0,0
59916.94535477,0.999570275,8.659647e-4,0,0,0,0,0,1,0,0,0,0
59916.94583651,1.000381087,8.671152e-4,0,0,0,0,0,1,0,0,0,0
59916.94631825,0.999300308,8.660619e-4,0,0,0,0,0,1,0,0,0,0
59916.94679999,1.000757205,8.663082e-4,0,0,0,0,0,1,0,0,0,0
59916.94728173,0.999869772,8.703806e-4,0,0,0,0,0,1,0,0,0,0
59916.94776347,1.000175875,8.662534e-4,0,0,0,0,0,1,0,0,0,0
59916.94824521,1.000575577,8.661650e-4,0,0,0,0,0,1,0,0,0,0
59916.94872695,1.001014008,8.660996e-4,0,0,0,0,0,1,0,0,0,0
59916.94920869,0.999244710,8.662555e-4,0,0,0,0,0,1,0,0,0,0
59916.94969043,0.999979742,8.661373e-4,0,0,0,0,0,1,0,0,0,0
59916.95017217,1.000687454,8.662132e-4,0,0,0,0,0,1,0,0,0,0
59916.95065391,1.000031674,8.663170e-4,0,0,0,0,0,1,0,0,0,0
59916.95113565,0.999605215,8.662263e-4,0,0,0,0,0,1,0,0,0,0
59916.95161739,0.999391609,8.659893e-4,0,0,0,0,0,1,0,0,0,0
59916.95209913,1.000175802,8.660734e-4,0,0,0,0,0,1,0,0,0,0
59916.95258088,1.000439025,8.661621e-4,0,0,0,0,0,1,0,0,0,0
59916.95306262,0.999100022,8.658861e-4,0,0,0,0,0,1,0,0,0,0
59916.95354436,1.000910612,8.663434e-4,0,0,0,0,0,1,0,0,0,0
59916.95402610,1.000211415,8.663668e-4,0,0,0,0,0,1,0,0,0,0
59916.95450784,1.000598840,8.662487e-4,0,0,0,0,0,1,0,0,0,0
59916.95498958,0.998874509,8.659761e-4,0,0,0,0,0,1,0,0,0,0
59916.95547132,1.000278117,8.665695e-4,0,0,0,0,0,1,0,0,0,0
59916.95595306,1.001273188,8.661274e-4,0,0,0,0,0,1,0,0,0,0
59916.95643480,1.000490416,8.663736e-4,0,0,0,0,0,1,0,0,0,0
59916.95691654,0.999412228,8.659439e-4,0,0,0,0,0,1,0,0,0,0
59916.95739828,1.000476184,8.660421e-4,0,0,0,0,0,1,0,0,0,0
59916.95788002,0.999394531,8.660978e-4,0,0,0,0,0,1,0,0,0,0
59916.95836176,1.000057092,8.663230e-4,0,0,0,0,0,1,0,0,0,0
59916.95884350,0.999368388,8.660996e-4,0,0,0,0,0,1,0,0,0,0
59916.95932524,0.999042012,8.663359e-4,0,0,0,0,0,1,0,0,0,0
59916.95980698,1.001038304,8.660800e-4,0,0,0,0,0,1,0,0,0,0
59916.96028872,1.000266610,8.662502e-4,0,0,0,0,0,1,0,0,0,0
59916.96077046,1.000991296,8.662140e-4,0,0,0,0,0,1,0,0,0,0
59916.96125220,0.998493183,8.658348e-4,0,0,0,0,0,1,0,0,0,0
59916.96173394,0.999028432,8.662072e-4,0,0,0,0,0,1,0,0,0,0
59916.96221568,0.999523727,8.667726e-4,0,0,0,0,0,1,0,0,0,0
59916.96269742,0.998845955,8.658549e-4,0,0,0,0,0,1,0,0,0,0
59916.96317916,0.999213810,8.660504e-4,0,0,0,0,0,1,0,0,0,0
59916.96366091,1.000861526,8.661772e-4,0,0,0,0,0,1,0,0,0,0
59916.96414265,0.998624147,8.661439e-4,0,0,0,0,0,1,0,0,0,0
59916.96462439,1.001015769,8.661488e-4,0,0,0,0,0,1,0,0,0,0
59916.96510613,0.999277039,8.661756e-4,0,0,0,0,0,1,0,0,0,0
59916.96558787,1.000178791,8.662232e-4,0,0,0,0,0,1,0,0,0,0
59916.96606961,1.001932023,8.659935e-4,0,0,0,0,0,1,0,0,0,0
59916.96655135,0.999387874,8.664477e-4,0,0,0,0,0,1,0,0,0,0
59916.96703309,1.000071949,8.661832e-4,0,0,0,0,0,1,0,0,0,0
59916.96751483,1.000863124,8.665593e-4,0,0,0,0,0,1,0,0,0,0
59916.96799657,1.001528761,8.661975e-4,0,0,0,0,0,1,0,0,0,0
59916.96847831,1.001351289,8.659052e-4,0,0,0,0,0,1,0,0,0,0
59916.96896005,1.000491442,8.661113e-4,0,0,0,0,0,1,0,0,0,0
59916.96944179,1.000874837,8.659704e-4,0,0,0,0,0,1,0,0,0,0
59916.96992353,1.002204488,8.661297e-4,0,0,0,0,0,1,0,0,0,0
59916.97040527,1.001006592,8.663132e-4,0,0,0,0,0,1,0,0,0,0
59916.97088701,1.000410068,8.661556e-4,0,0,0,0,0,1,0,0,0,0
59916.97136875,1.000876996,8.661065e-4,0,0,0,0,0,1,0,0,0,0
59916.97185049,1.000882092,8.661002e-4,0,0,0,0,0,1,0,0,0,0
59916.97233223,1.001958495,8.658682e-4,0,0,0,0,0,1,0,0,0,0
59916.97281397,1.000569966,8.658633e-4,0,0,0,0,0,1,0,0,0,0
59916.97329571,1.000356834,8.678521e-4,0,0,0,0,0,1,0,0,0,0
59916.97377745,0.999706409,8.660078e-4,0,0,0,0,0,1,0,0,0,0
59916.97425919,1.000450358,8.661454e-4,0,0,0,0,0,1,0,0,0,0
59916.97474094,1.000500308,8.664269e-4,0,0,0,0,0,1,0,0,0,0
59916.97522268,1.000497099,8.663393e-4,0,0,0,0,0,1,0,0,0,0
59916.97570442,1.001031771,8.664996e-4,0,0,0,0,0,1,0,0,0,0
59916.97618616,0.999742496,8.661111e-4,0,0,0,0,0,1,0,0,0,0
59916.97666790,1.001475063,8.664138e-4,0,0,0,0,0,1,0,0,0,0
59916.97714964,1.000143008,8.665541e-4,0,0,0,0,0,1,0,0,0,0
59916.97763138,1.001230420,8.661730e-4,0,0,0,0,0,1,0,0,0,0
59916.97811312,1.002783552,8.661481e-4,0,0,0,0,0,1,0,0,0,0
59916.97859486,0.999391266,8.661136e-4,0,0,0,0,0,1,0,0,0,0
59916.97907660,0.999894319,8.662880e-4,0,0,0,0,0,1,0,0,0,0
59916.97955834,1.000256281,8.680926e-4,0,0,0,0,0,1,0,0,0,0
59916.98004008,1.000062203,8.666274e-4,0,0,0,0,0,1,0,0,0,0
59916.98052182,0.999965500,8.660448e-4,0,0,0,0,0,1,0,0,0,0
59916.98100356,1.000616170,8.662220e-4,0,0,0,0,0,1,0,0,0,0
59916.98148530,1.000566798,8.663360e-4,0,0,0,0,0,1,0,0,0,0
59916.98196704,1.000671217,8.662617e-4,0,0,0,0,0,1,0,0,0,0
59916.98244878,1.001177205,8.663258e-4,0,0,0,0,0,1,0,0,0,0
59916.98293052,1.001848240,8.664014e-4,0,0,0,0,0,1,0,0,0,0
59916.98341226,1.000146930,8.662584e-4,0,0,0,0,0,1,0,0,0,0
59916.98389400,1.003527185,8.751200e-4,0,0,0,0,0,1,0,0,0,0
59916.98437574,1.002673707,8.660618e-4,0,0,0,0,0,1,0,0,0,0
59916.98485748,0.999726061,8.668387e-4,0,0,0,0,0,1,0,0,0,0
59916.98533923,1.000633216,8.668561e-4,0,0,0,0,0,1,0,0,0,0
59916.98582097,1.001637092,8.662321e-4,0,0,0,0,0,1,0,0,0,0
59916.98630271,1.000389415,8.663116e-4,0,0,0,0,0,1,0,0,0,0
59916.98678445,0.999944975,8.664349e-4,0,0,0,0,0,1,0,0,0,0
59916.98726619,1.000311620,8.661001e-4,0,0,0,0,0,1,0,0,0,0
59916.98774793,1.000495104,8.657968e-4,0,0,0,0,0,1,0,0,0,0
59916.98822967,0.999926214,8.660741e-4,0,0,0,0,0,1,0,0,0,0
59916.98871141,0.999972483,8.661657e-4,0,0,0,0,0,1,0,0,0,0
59916.98919315,1.000613667,8.665404e-4,0,0,0,0,0,1,0,0,0,0
59916.98967489,1.001514188,8.664575e-4,0,0,0,0,0,1,0,0,0,0
59916.99015663,1.000866708,8.664316e-4,0,0,0,0,0,1,0,0,0,0
59916.99063837,1.001159223,8.667901e-4,0,0,0,0,0,1,0,0,0,0
59916.99112011,1.001262358,8.665279e-4,0,0,0,0,0,1,0,0,0,0
59916.99160185,1.001464200,8.661892e-4,0,0,0,0,0,1,0,0,0,0
59916.99208359,1.000536208,8.661293e-4,0,0,0,0,0,1,0,0,0,0
59916.99256533,0.999349176,8.662756e-4,0,0,0,0,0,1,0,0,0,0
59916.99304707,1.000807490,8.661823e-4,0,0,0,0,0,1,0,0,0,0
59916.99352881,1.000985556,8.664034e-4,0,0,0,0,0,1,0,0,0,0
59916.99401055,1.000876092,8.665272e-4,0,0,0,0,0,1,0,0,0,0
59916.99449229,1.001338334,8.665106e-4,0,0,0,0,0,1,0,0,0,0
59916.99497403,0.999670413,8.663705e-4,0,0,0,0,0,1,0,0,0,0
59916.99545577,1.001002103,8.662788e-4,0,0,0,0,0,1,0,0,0,0
59916.99593751,1.002017676,8.664232e-4,0,0,0,0,0,1,0,0,0,0
59916.99641926,1.001300368,8.663462e-4,0,0,0,0,0,1,0,0,0,0
59916.99690100,0.999362144,8.663266e-4,0,0,0,0,0,1,0,0,0,0
59916.99738274,1.001451210,8.665467e-4,0,0,0,0,0,1,0,0,0,0
59916.99786448,1.001401469,8.665584e-4,0,0,0,0,0,1,0,0,0,0
59916.99834622,1.000717863,8.662388e-4,0,0,0,0,0,1,0,0,0,0
59916.99882796,1.000941918,8.661595e-4,0,0,0,0,0,1,0,0,0,0
59916.99930970,1.000066340,8.661843e-4,0,0,0,0,0,1,0,0,0,0
59916.99979144,1.001669004,8.660519e-4,0,0,0,0,0,1,0,0,0,0
59917.00027318,1.001220673,8.663635e-4,0,0,0,0,0,1,0,0,0,0
59917.00075492,1.001099461,8.664485e-4,0,0,0,0,0,1,0,0,0,0
59917.00123666,1.000799936,8.659433e-4,0,0,0,0,0,1,0,0,0,0
59917.00171840,1.001068373,8.665442e-4,0,0,0,0,0,1,0,0,0,0
59917.00220014,1.000441447,8.663193e-4,0,0,0,0,0,1,0,0,0,0
59917.00268188,1.001028506,8.667579e-4,0,0,0,0,0,1,0,0,0,0
59917.00316362,1.001997952,8.658957e-4,0,0,0,0,0,1,0,0,0,0
59917.00364536,0.998756070,8.674675e-4,0,0,0,0,0,1,0,0,0,0
59917.00412710,0.999045569,8.666885e-4,0,0,0,0,0,1,0,0,0,0
59917.00460884,1.001973442,8.663185e-4,0,0,0,0,0,1,0,0,0,0
59917.00509058,1.002181432,8.660992e-4,0,0,0,0,0,1,0,0,0,0
59917.00557232,1.001778971,8.665399e-4,0,0,0,0,0,1,0,0,0,0
59917.00605406,1.000491491,8.664120e-4,0,0,0,0,0,1,0,0,0,0
59917.00653580,1.001462202,8.663298e-4,0,0,0,0,0,1,0,0,0,0
59917.00701754,1.000675196,8.675940e-4,0,0,0,0,0,1,0,0,0,0
59917.00749929,0.999551782,8.662949e-4,0,0,0,0,0,1,0,0,0,0
59917.00798103,1.002080988,8.663068e-4,0,0,0,0,0,1,0,0,0,0
59917.00846277,1.000814530,8.664865e-4,0,0,0,0,0,1,0,0,0,0
59917.00894451,1.000358716,8.665631e-4,0,0,0,0,0,1,0,0,0,0
59917.00942625,0.999685808,8.665278e-4,0,0,0,0,0,1,0,0,0,0
59917.00990799,1.000666194,8.662660e-4,0,0,0,0,0,1,0,0,0,0
59917.01038973,1.000645899,8.665527e-4,0,0,0,0,0,1,0,0,0,0
59917.01087147,1.000308053,8.663739e-4,0,0,0,0,0,1,0,0,0,0
59917.01135321,1.001629797,8.687687e-4,0,0,0,0,0,1,0,0,0,0
59917.01183495,1.001312455,8.666588e-4,0,0,0,0,0,1,0,0,0,0
59917.01231669,1.001720460,8.668065e-4,0,0,0,0,0,1,0,0,0,0
59917.01279843,1.001079234,8.663919e-4,0,0,0,0,0,1,0,0,0,0
59917.01328017,1.000323902,8.665616e-4,0,0,0,0,0,1,0,0,0,0
59917.01376191,1.000519715,8.664152e-4,0,0,0,0,0,1,0,0,0,0
59917.01424365,1.001087293,8.664779e-4,0,0,0,0,0,1,0,0,0,0
59917.01472539,1.000735746,8.706535e-4,0,0,0,0,0,1,0,0,0,0
59917.01520713,1.002779487,8.668407e-4,0,0,0,0,0,1,0,0,0,0
59917.01568887,0.999961220,8.666467e-4,0,0,0,0,0,1,0,0,0,0
59917.01617061,1.001128002,8.681434e-4,0,0,0,0,0,1,0,0,0,0
59917.01665235,1.001101490,8.664728e-4,0,0,0,0,0,1,0,0,0,0
59917.01713409,1.001019253,8.663001e-4,0,0,0,0,0,1,0,0,0,0
59917.01761583,1.001027429,8.660520e-4,0,0,0,0,0,1,0,0,0,0
59917.01809757,1.000933201,8.662629e-4,0,0,0,0,0,1,0,0,0,0
59917.01857932,1.000679219,8.679149e-4,0,0,0,0,0,1,0,0,0,0
59917.01906106,1.000667728,8.667411e-4,0,0,0,0,0,1,0,0,0,0
59917.01954280,1.001240824,8.665531e-4,0,0,0,0,0,1,0,0,0,0
59917.02002454,1.002401500,8.669033e-4,0,0,0,0,0,1,0,0,0,0
59917.02050628,1.001152537,8.665953e-4,0,0,0,0,0,1,0,0,0,0
59917.02098802,1.001484494,8.663169e-4,0,0,0,0,0,1,0,0,0,0
59917.02146976,1.001417232,8.668077e-4,0,0,0,0,0,1,0,0,0,0
59917.02195150,0.999942365,8.664397e-4,0,0,0,0,0,1,0,0,0,0
59917.02243324,1.000982156,8.666175e-4,0,0,0,0,0,1,0,0,0,0
59917.02291498,1.000186015,8.666875e-4,0,0,0,0,0,1,0,0,0,0
59917.02339672,0.999542621,8.664742e-4,0,0,0,0,0,1,0,0,0,0
59917.02387846,1.001883620,8.664434e-4,0,0,0,0,0,1,0,0,0,0
59917.02436020,1.000774453,8.673344e-4,0,0,0,0,0,1,0,0,0,0
59917.02484194,0.999770492,8.662719e-4,0,0,0,0,0,1,0,0,0,0
59917.02532368,1.000808399,8.662964e-4,0,0,0,0,0,1,0,0,0,0
59917.02580542,0.999796203,8.662673e-4,0,0,0,0,0,1,0,0,0,0
59917.02628716,1.000407482,8.666039e-4,0,0,0,0,0,1,0,0,0,0
59879.63906483,1.001115327,9.450874e-4,0,0,0,0,0,0,1,0,0,0
59879.63951446,0.999566534,9.449959e-4,0,0,0,0,0,0,1,0,0,0
59879.63996410,1.001800253,9.457743e-4,0,0,0,0,0,0,1,0,0,0
59879.64041374,1.001148800,9.449098e-4,0,0,0,0,0,0,1,0,0,0
59879.64086337,1.000627450,9.449804e-4,0,0,0,0,0,0,1,0,0,0
59879.64131301,1.000732467,9.452056e-4,0,0,0,0,0,0,1,0,0,0
59879.64176265,0.998399011,9.446769e-4,0,0,0,0,0,0,1,0,0,0
59879.64221228,1.001912995,9.445263e-4,0,0,0,0,0,0,1,0,0,0
59879.64266192,1.001205413,9.445529e-4,0,0,0,0,0,0,1,0,0,0
59879.64311155,0.999748391,9.451852e-4,0,0,0,0,0,0,1,0,0,0
59879.64356119,0.999757341,9.452129e-4,0,0,0,0,0,0,1,0,0,0
59879.64401083,1.000183541,9.450445e-4,0,0,0,0,0,0,1,0,0,0
59879.64446046,1.000808301,9.445247e-4,0,0,0,0,0,0,1,0,0,0
59879.64491010,1.000016732,9.447399e-4,0,0,0,0,0,0,1,0,0,0
59879.64535974,1.000238108,9.451023e-4,0,0,0,0,0,0,1,0,0,0
59879.64580937,1.000911378,9.447791e-4,0,0,0,0,0,0,1,0,0,0
59879.64625901,0.999730812,9.447579e-4,0,0,0,0,0,0,1,0,0,0
59879.64670865,0.997698881,9.476971e-4,0,0,0,0,0,0,1,0,0,0
59879.64715828,0.999909243,9.449921e-4,0,0,0,0,0,0,1,0,0,0
59879.64760792,1.000560913,9.449472e-4,0,0,0,0,0,0,1,0,0,0
59879.64805756,1.000525642,9.448076e-4,0,0,0,0,0,0,1,0,0,0
59879.64850719,0.997919876,9.449387e-4,0,0,0,0,0,0,1,0,0,0
59879.64895683,1.001939546,9.449551e-4,0,0,0,0,0,0,1,0,0,0
59879.64940647,1.001434223,9.449997e-4,0,0,0,0,0,0,1,0,0,0
59879.64985610,0.999507729,9.448116e-4,0,0,0,0,0,0,1,0,0,0
59879.65030574,1.000679078,9.448515e-4,0,0,0,0,0,0,1,0,0,0
59879.65075537,1.000830330,9.449062e-4,0,0,0,0,0,0,1,0,0,0
59879.65120501,0.998933859,9.561810e-4,0,0,0,0,0,0,1,0,0,0
59879.65165465,1.001418309,9.446203e-4,0,0,0,0,0,0,1,0,0,0
59879.65210428,1.001132313,9.447901e-4,0,0,0,0,0,0,1,0,0,0
59879.65255392,1.000529497,9.449935e-4,0,0,0,0,0,0,1,0,0,0
59879.65300356,1.000399493,9.451622e-4,0,0,0,0,0,0,1,0,0,0
59879.65345319,1.000596955,9.453379e-4,0,0,0,0,0,0,1,0,0,0
59879.65390283,0.999714755,9.448934e-4,0,0,0,0,0,0,1,0,0,0
59879.65435247,1.001669726,9.446614e-4,0,0,0,0,0,0,1,0,0,0
59879.65480210,0.997785412,9.447287e-4,0,0,0,0,0,0,1,0,0,0
59879.65525174,1.001834309,9.446505e-4,0,0,0,0,0,0,1,0,0,0
59879.65570138,1.000889094,9.447839e-4,0,0,0,0,0,0,1,0,0,0
59879.65615101,1.000996133,9.447925e-4,0,0,0,0,0,0,1,0,0,0
59879.65660065,1.000435809,9.446603e-4,0,0,0,0,0,0,1,0,0,0
59879.65705028,1.001192350,9.452091e-4,0,0,0,0,0,0,1,0,0,0
59879.65749992,1.000664018,9.448726e-4,0,0,0,0,0,0,1,0,0,0
59879.65794956,1.000109099,9.448760e-4,0,0,0,0,0,0,1,0,0,0
59879.65839919,1.001249835,9.445702e-4,0,0,0,0,0,0,1,0,0,0
59879.65884883,0.999427635,9.443077e-4,0,0,0,0,0,0,1,0,0,0
59879.65929847,1.000604622,9.446581e-4,0,0,0,0,0,0,1,0,0,0
59879.65974810,0.999117635,9.447226e-4,0,0,0,0,0,0,1,0,0,0
59879.66019774,1.001386758,9.448337e-4,0,0,0,0,0,0,1,0,0,0
59879.66064738,1.000324415,9.446464e-4,0,0,0,0,0,0,1,0,0,0
59879.66109701,1.000499569,9.448999e-4,0,0,0,0,0,0,1,0,0,0
59879.66154665,0.999093281,9.447971e-4,0,0,0,0,0,0,1,0,0,0
59879.66199629,1.001022695,9.449629e-4,0,0,0,0,0,0,1,0,0,0
59879.66244592,0.999640354,9.444635e-4,0,0,0,0,0,0,1,0,0,0
59879.66289556,0.999861291,9.444352e-4,0,0,0,0,0,0,1,0,0,0
59879.66334520,1.001155591,9.445530e-4,0,0,0,0,0,0,1,0,0,0
59879.66379483,1.000462635,9.444373e-4,0,0,0,0,0,0,1,0,0,0
59879.66424447,0.999493090,9.446650e-4,0,0,0,0,0,0,1,0,0,0
59879.66469410,1.000493583,9.443035e-4,0,0,0,0,0,0,1,0,0,0
59879.66514374,1.000201097,9.445616e-4,0,0,0,0,0,0,1,0,0,0
59879.66559338,1.000612703,9.444172e-4,0,0,0,0,0,0,1,0,0,0
59879.66604301,0.999428986,9.447846e-4,0,0,0,0,0,0,1,0,0,0
59879.66649265,0.999172728,9.448051e-4,0,0,0,0,0,0,1,0,0,0
59879.66694229,0.999426134,9.444812e-4,0,0,0,0,0,0,1,0,0,0
59879.66739192,0.999970654,9.453562e-4,0,0,0,0,0,0,1,0,0,0
59879.66784156,0.998479829,9.445680e-4,0,0,0,0,0,0,1,0,0,0
59879.66829120,1.000187283,9.441522e-4,0,0,0,0,0,0,1,0,0,0
59879.66874083,0.999549081,9.445205e-4,0,0,0,0,0,0,1,0,0,0
59879.66919047,1.000449401,9.442543e-4,0,0,0,0,0,0,1,0,0,0
59879.66964011,1.000874046,9.446771e-4,0,0,0,0,0,0,1,0,0,0
59879.67008974,0.998882283,9.443348e-4,0,0,0,0,0,0,1,0,0,0
59879.67053938,1.000788604,9.447544e-4,0,0,0,0,0,0,1,0,0,0
59879.67098901,0.998152937,9.446604e-4,0,0,0,0,0,0,1,0,0,0
59879.67143865,1.002282618,9.446713e-4,0,0,0,0,0,0,1,0,0,0
59879.67188829,0.999422215,9.443732e-4,0,0,0,0,0,0,1,0,0,0
59879.67233792,1.002177243,9.442179e-4,0,0,0,0,0,0,1,0,0,0
59879.67278756,0.999707024,9.445387e-4,0,0,0,0,0,0,1,0,0,0
59879.67323720,1.000241920,9.453305e-4,0,0,0,0,0,0,1,0,0,0
59879.67368683,1.002041265,9.445237e-4,0,0,0,0,0,0,1,0,0,0
59879.67413647,1.000545006,9.444338e-4,0,0,0,0,0,0,1,0,0,0
59879.67458611,1.000093938,9.448135e-4,0,0,0,0,0,0,1,0,0,0
59879.67503574,1.001228758,9.448249e-4,0,0,0,0,0,0,1,0,0,0
59879.67548538,0.998451010,9.446702e-4,0,0,0,0,0,0,1,0,0,0
59879.67593502,0.999185390,9.474632e-4,0,0,0,0,0,0,1,0,0,0
59879.67638465,1.000816903,9.447221e-4,0,0,0,0,0,0,1,0,0,0
59879.67683429,0.999076227,9.469896e-4,0,0,0,0,0,0,1,0,0,0
59879.67728393,1.001454726,9.442564e-4,0,0,0,0,0,0,1,0,0,0
59879.67773356,1.000054036,9.441010e-4,0,0,0,0,0,0,1,0,0,0
59879.67818320,1.001025224,9.475989e-4,0,0,0,0,0,0,1,0,0,0
59879.67863283,1.001454990,9.445496e-4,0,0,0,0,0,0,1,0,0,0
59879.67908247,0.999957836,9.447946e-4,0,0,0,0,0,0,1,0,0,0
59879.67953211,0.999722720,9.444642e-4,0,0,0,0,0,0,1,0,0,0
59879.67998174,1.000435877,9.445828e-4,0,0,0,0,0,0,1,0,0,0
59879.68043138,0.997900891,9.442903e-4,0,0,0,0,0,0,1,0,0,0
59879.68088102,0.999475475,9.444522e-4,0,0,0,0,0,0,1,0,0,0
59879.68133065,0.999738266,9.448276e-4,0,0,0,0,0,0,1,0,0,0
59879.68178029,1.000444186,9.442682e-4,0,0,0,0,0,0,1,0,0,0
59879.68222993,1.000444301,9.442034e-4,0,0,0,0,0,0,1,0,0,0
59879.68267956,1.000713757,9.444369e-4,0,0,0,0,0,0,1,0,0,0
59879.68312920,1.000532154,9.444809e-4,0,0,0,0,0,0,1,0,0,0
59879.68357884,1.001239504,9.445102e-4,0,0,0,0,0,0,1,0,0,0
59879.68402847,1.000703487,9.445242e-4,0,0,0,0,0,0,1,0,0,0
59879.68447811,1.000369362,9.447810e-4,0,0,0,0,0,0,1,0,0,0
59879.68492774,1.000783158,9.443447e-4,0,0,0,0,0,0,1,0,0,0
59879.68537738,1.000630094,9.441991e-4,0,0,0,0,0,0,1,0,0,0
59879.68582702,0.999794461,9.444248e-4,0,0,0,0,0,0,1,0,0,0
59879.68627665,1.000638921,9.447914e-4,0,0,0,0,0,0,1,0,0,0
59879.68672629,1.001064768,9.444374e-4,0,0,0,0,0,0,1,0,0,0
59879.68717593,0.999987733,9.443941e-4,0,0,0,0,0,0,1,0,0,0
59879.68762556,0.998957922,9.445512e-4,0,0,0,0,0,0,1,0,0,0
59879.68807520,1.000223294,9.443964e-4,0,0,0,0,0,0,1,0,0,0
59879.68852484,1.000957400,9.447696e-4,0,0,0,0,0,0,1,0,0,0
59879.68897447,1.001169527,9.442828e-4,0,0,0,0,0,0,1,0,0,0
59879.68942411,0.999361402,9.443534e-4,0,0,0,0,0,0,1,0,0,0
59879.68987375,1.000298727,9.444329e-4,0,0,0,0,0,0,1,0,0,0
59879.69032338,0.998768336,9.444569e-4,0,0,0,0,0,0,1,0,0,0
59879.69077302,1.000530685,9.440095e-4,0,0,0,0,0,0,1,0,0,0
59879.69122265,0.998686721,9.441053e-4,0,0,0,0,0,0,1,0,0,0
59879.69167229,0.999647012,9.446681e-4,0,0,0,0,0,0,1,0,0,0
59879.69212193,1.000091643,9.444451e-4,0,0,0,0,0,0,1,0,0,0
59879.69257156,1.001469765,9.444306e-4,0,0,0,0,0,0,1,0,0,0
59879.69302120,0.999369377,9.446778e-4,0,0,0,0,0,0,1,0,0,0
59879.69347084,0.998828984,9.446810e-4,0,0,0,0,0,0,1,0,0,0
59879.69392047,0.999357904,9.442872e-4,0,0,0,0,0,0,1,0,0,0
59879.69437011,1.002055558,9.444219e-4,0,0,0,0,0,0,1,0,0,0
59879.69481975,1.001201241,9.442970e-4,0,0,0,0,0,0,1,0,0,0
59879.69526938,0.999871631,9.444403e-4,0,0,0,0,0,0,1,0,0,0
59879.69571902,1.001290167,9.443369e-4,0,0,0,0,0,0,1,0,0,0
59879.69616866,1.000812242,9.440964e-4,0,0,0,0,0,0,1,0,0,0
59879.69661829,0.999680384,9.462575e-4,0,0,0,0,0,0,1,0,0,0
59879.69706793,0.999328834,9.443746e-4,0,0,0,0,0,0,1,0,0,0
59879.69751757,1.000323528,9.445350e-4,0,0,0,0,0,0,1,0,0,0
59879.69796720,1.000474897,9.443086e-4,0,0,0,0,0,0,1,0,0,0
59879.69841684,1.000043930,9.442201e-4,0,0,0,0,0,0,1,0,0,0
59879.69886647,1.000550412,9.444102e-4,0,0,0,0,0,0,1,0,0,0
59879.69931611,0.999601814,9.444868e-4,0,0,0,0,0,0,1,0,0,0
59879.69976575,1.002263151,9.441581e-4,0,0,0,0,0,0,1,0,0,0
59879.70021538,1.000361613,9.444929e-4,0,0,0,0,0,0,1,0,0,0
59879.70066502,1.000101305,9.440138e-4,0,0,0,0,0,0,1,0,0,0
59879.70111466,1.000229544,9.447045e-4,0,0,0,0,0,0,1,0,0,0
59879.70156429,1.000039956,9.439636e-4,0,0,0,0,0,0,1,0,0,0
59879.70201393,1.000250539,9.443583e-4,0,0,0,0,0,0,1,0,0,0
59879.70246357,0.999148680,9.442967e-4,0,0,0,0,0,0,1,0,0,0
59879.70291320,0.999722560,9.444240e-4,0,0,0,0,0,0,1,0,0,0
59879.70336284,1.000833299,9.445344e-4,0,0,0,0,0,0,1,0,0,0
59879.70381248,0.999731344,9.441509e-4,0,0,0,0,0,0,1,0,0,0
59879.70426211,0.999765737,9.499715e-4,0,0,0,0,0,0,1,0,0,0
59879.70471175,1.000463437,9.444071e-4,0,0,0,0,0,0,1,0,0,0
59879.70516138,1.001184305,9.446689e-4,0,0,0,0,0,0,1,0,0,0
59879.70561102,1.002137643,9.444946e-4,0,0,0,0,0,0,1,0,0,0
59879.70606066,0.997456907,9.470056e-4,0,0,0,0,0,0,1,0,0,0
59879.70651029,0.999508137,9.447825e-4,0,0,0,0,0,0,1,0,0,0
59879.70695993,0.999297966,9.445203e-4,0,0,0,0,0,0,1,0,0,0
59879.70740957,1.001820573,9.443512e-4,0,0,0,0,0,0,1,0,0,0
59879.70785920,0.999811022,9.475169e-4,0,0,0,0,0,0,1,0,0,0
59879.70830884,1.000076582,9.440682e-4,0,0,0,0,0,0,1,0,0,0
59879.70875848,0.999961466,9.524182e-4,0,0,0,0,0,0,1,0,0,0
59879.70920811,1.001652940,9.443389e-4,0,0,0,0,0,0,1,0,0,0
59879.70965775,0.999550064,9.445512e-4,0,0,0,0,0,0,1,0,0,0
59879.71010739,0.999892826,9.441465e-4,0,0,0,0,0,0,1,0,0,0
59879.71055702,0.999413899,9.445458e-4,0,0,0,0,0,0,1,0,0,0
59879.71100666,0.999615767,9.443092e-4,0,0,0,0,0,0,1,0,0,0
59879.71145629,1.000959221,9.443389e-4,0,0,0,0,0,0,1,0,0,0
59879.71190593,0.999938150,9.442758e-4,0,0,0,0,0,0,1,0,0,0
59879.71235557,1.001879062,9.442028e-4,0,0,0,0,0,0,1,0,0,0
59879.71280520,0.999359725,9.442088e-4,0,0,0,0,0,0,1,0,0,0
59879.71325484,1.000277753,9.438795e-4,0,0,0,0,0,0,1,0,0,0
59879.71370448,0.999522454,9.441214e-4,0,0,0,0,0,0,1,0,0,0
59879.71415411,1.000715946,9.441684e-4,0,0,0,0,0,0,1,0,0,0
59879.71460375,0.999438492,9.445950e-4,0,0,0,0,0,0,1,0,0,0
59879.71505339,0.999301446,9.440941e-4,0,0,0,0,0,0,1,0,0,0
59879.71550302,0.999720870,9.444540e-4,0,0,0,0,0,0,1,0,0,0
59879.71595266,0.998988163,9.437192e-4,0,0,0,0,0,0,1,0,0,0
59879.71640230,1.001094862,9.441027e-4,0,0,0,0,0,0,1,0,0,0
59879.71685193,1.001795316,9.445562e-4,0,0,0,0,0,0,1,0,0,0
59879.71730157,1.001627810,9.442709e-4,0,0,0,0,0,0,1,0,0,0
59879.71775120,0.999987380,9.440546e-4,0,0,0,0,0,0,1,0,0,0
59879.71820084,1.000499262,9.443107e-4,0,0,0,0,0,0,1,0,0,0
59879.71865048,0.999466468,9.442656e-4,0,0,0,0,0,0,1,0,0,0
59879.71910011,1.001095704,9.445497e-4,0,0,0,0,0,0,1,0,0,0
59879.71954975,1.000057004,9.438901e-4,0,0,0,0,0,0,1,0,0,0
59879.71999939,0.999765665,9.445644e-4,0,0,0,0,0,0,1,0,0,0
59879.72044902,0.999195556,9.440994e-4,0,0,0,0,0,0,1,0,0,0
59879.72089866,1.000792876,9.440834e-4,1,0,0,0,0,0,1,0,0,0
59879.72134830,1.000138880,9.442351e-4,1,0,0,0,0,0,1,0,0,0
59879.72179793,1.000255290,9.439758e-4,1,0,0,0,0,0,1,0,0,0
59879.72224757,1.000021755,9.437083e-4,1,0,0,0,0,0,1,0,0,0
59879.72269720,0.998958258,9.439284e-4,1,0,0,0,0,0,1,0,0,0
59879.72314684,0.999827723,9.436436e-4,1,0,0,0,0,0,1,0,0,0
59879.72359648,1.000391570,9.442071e-4,1,0,0,0,0,0,1,0,0,0
59879.72404611,1.001817392,9.510517e-4,1,0,0,0,0,0,1,0,0,0
59879.72449575,1.000084119,9.442423e-4,1,0,0,0,0,0,1,0,0,0
59879.72494539,1.000147415,9.441916e-4,1,0,0,0,0,0,1,0,0,0
59879.72539502,1.000278701,9.441022e-4,1,0,0,0,0,0,1,0,0,0
59879.72584466,1.000021398,9.440891e-4,1,0,0,0,0,0,1,0,0,0
59879.72629430,0.998530306,9.439024e-4,1,0,0,0,0,0,1,0,0,0
59879.72674393,1.000299847,9.437823e-4,1,0,0,0,0,0,1,0,0,0
59879.72719357,0.999660402,9.437051e-4,1,0,0,0,0,0,1,0,0,0
59879.72764321,1.000157266,9.441174e-4,1,0,0,0,0,0,1,0,0,0
59913.53964727,1.001148926,8.994003e-4,0,0,0,0,0,0,0,1,0,0
59913.54009690,1.000862581,8.993248e-4,0,0,0,0,0,0,0,1,0,0
59913.54054652,0.999844455,8.995626e-4,0,0,0,0,0,0,0,1,0,0
59913.54099615,0.999548522,8.990698e-4,0,0,0,0,0,0,0,1,0,0
59913.54144577,1.001349632,8.988059e-4,0,0,0,0,0,0,0,1,0,0
59913.54189540,1.000330143,8.988851e-4,0,0,0,0,0,0,0,1,0,0
59913.54234503,1.000824131,8.993494e-4,0,0,0,0,0,0,0,1,0,0
59913.54279465,1.000366342,8.987030e-4,0,0,0,0,0,0,0,1,0,0
59913.54324428,1.000973988,8.987296e-4,0,0,0,0,0,0,0,1,0,0
59913.54369390,1.000424965,8.987701e-4,0,0,0,0,0,0,0,1,0,0
59913.54414353,1.000493500,8.988804e-4,0,0,0,0,0,0,0,1,0,0
59913.54459316,0.999507591,8.989052e-4,0,0,0,0,0,0,0,1,0,0
59913.54504278,1.000504968,8.990127e-4,0,0,0,0,0,0,0,1,0,0
59913.54549241,1.000441956,8.986901e-4,0,0,0,0,0,0,0,1,0,0
59913.54594203,0.999180874,8.993886e-4,0,0,0,0,0,0,0,1,0,0
59913.54639166,1.001119954,8.993258e-4,0,0,0,0,0,0,0,1,0,0
59913.54684128,0.999849593,8.992249e-4,0,0,0,0,0,0,0,1,0,0
59913.54729091,0.999588668,8.993572e-4,0,0,0,0,0,0,0,1,0,0
59913.54774054,0.999640843,8.997538e-4,0,0,0,0,0,0,0,1,0,0
59913.54819016,0.999045179,8.992726e-4,0,0,0,0,0,0,0,1,0,0
59913.54863979,1.002072902,8.994791e-4,0,0,0,0,0,0,0,1,0,0
59913.54908941,1.000794262,8.991716e-4,0,0,0,0,0,0,0,1,0,0
59913.54953904,0.999912472,8.999011e-4,0,0,0,0,0,0,0,1,0,0
59913.54998866,1.000803554,8.993475e-4,0,0,0,0,0,0,0,1,0,0
59913.55043829,1.001815488,8.989273e-4,0,0,0,0,0,0,0,1,0,0
59913.55088792,1.001937779,8.993107e-4,0,0,0,0,0,0,0,1,0,0
59913.55133754,1.000614760,8.989905e-4,0,0,0,0,0,0,0,1,0,0
59913.55178717,1.000914822,8.992676e-4,0,0,0,0,0,0,0,1,0,0
59913.55223679,0.998775359,8.991798e-4,0,0,0,0,0,0,0,1,0,0
59913.55268642,0.999706969,8.990061e-4,0,0,0,0,0,0,0,1,0,0
59913.55313605,0.999495731,8.990197e-4,0,0,0,0,0,0,0,1,0,0
59913.55358567,0.999874874,8.991930e-4,0,0,0,0,0,0,0,1,0,0
59913.55403530,1.001339904,8.990193e-4,0,0,0,0,0,0,0,1,0,0
59913.55448492,0.999046554,8.987972e-4,0,0,0,0,0,0,0,1,0,0
59913.55493455,0.999656841,8.990855e-4,0,0,0,0,0,0,0,1,0,0
59913.55538417,1.001968376,8.995266e-4,0,0,0,0,0,0,0,1,0,0
59913.55583380,1.000943072,8.990984e-4,0,0,0,0,0,0,0,1,0,0
59913.55628343,0.999726471,8.992244e-4,0,0,0,0,0,0,0,1,0,0
59913.55673305,0.999569192,8.989038e-4,0,0,0,0,0,0,0,1,0,0
59913.55718268,1.000300928,8.988081e-4,0,0,0,0,0,0,0,1,0,0
59913.55763230,1.002693028,9.098810e-4,0,0,0,0,0,0,0,1,0,0
59913.55808193,0.999523596,8.989000e-4,0,0,0,0,0,0,0,1,0,0
59913.55853155,1.000849135,8.997908e-4,0,0,0,0,0,0,0,1,0,0
59913.55898118,0.999588075,8.994916e-4,0,0,0,0,0,0,0,1,0,0
59913.55943081,1.000960027,8.986931e-4,0,0,0,0,0,0,0,1,0,0
59913.55988043,0.999912256,8.990860e-4,0,0,0,0,0,0,0,1,0,0
59913.56033006,1.001639547,8.989688e-4,0,0,0,0,0,0,0,1,0,0
59913.56077968,1.000692423,9.000268e-4,0,0,0,0,0,0,0,1,0,0
59913.56122931,1.000733845,9.014266e-4,0,0,0,0,0,0,0,1,0,0
59913.56167894,1.001087761,8.986826e-4,0,0,0,0,0,0,0,1,0,0
59913.56212856,0.999200199,8.989532e-4,0,0,0,0,0,0,0,1,0,0
59913.56257819,1.000380860,8.988280e-4,0,0,0,0,0,0,0,1,0,0
59913.56302781,0.999981915,8.994332e-4,0,0,0,0,0,0,0,1,0,0
59913.56347744,1.001287693,8.992845e-4,0,0,0,0,0,0,0,1,0,0
59913.56392706,1.000834149,8.992491e-4,0,0,0,0,0,0,0,1,0,0
59913.56437669,0.999243113,8.997478e-4,0,0,0,0,0,0,0,1,0,0
59913.56482632,0.999119688,8.990262e-4,0,0,0,0,0,0,0,1,0,0
59913.56527594,1.000102623,8.993476e-4,0,0,0,0,0,0,0,1,0,0
59913.56572557,1.000844195,8.998501e-4,0,0,0,0,0,0,0,1,0,0
59913.56617519,1.000487943,8.991295e-4,0,0,0,0,0,0,0,1,0,0
59913.56662482,1.001303850,8.992607e-4,0,0,0,0,0,0,0,1,0,0
59913.56707444,1.001099053,8.995053e-4,0,0,0,0,0,0,0,1,0,0
59913.56752407,1.001281140,8.994735e-4,0,0,0,0,0,0,0,1,0,0
59913.56797370,1.000997778,8.993813e-4,0,0,0,0,0,0,0,1,0,0
59913.56842332,1.000430238,8.990106e-4,0,0,0,0,0,0,0,1,0,0
59913.56887295,1.000391024,8.991447e-4,0,0,0,0,0,0,0,1,0,0
59913.56932257,0.999203672,8.992450e-4,0,0,0,0,0,0,0,1,0,0
59913.56977220,1.000185179,8.994776e-4,0,0,0,0,0,0,0,1,0,0
59913.57022183,1.000527160,8.988592e-4,0,0,0,0,0,0,0,1,0,0
59913.57067145,0.998767442,9.033289e-4,0,0,0,0,0,0,0,1,0,0
59913.57112108,1.000222121,8.993954e-4,0,0,0,0,0,0,0,1,0,0
59913.57157070,1.002714978,8.993230e-4,0,0,0,0,0,0,0,1,0,0
59913.57202033,1.001507281,8.988933e-4,0,0,0,0,0,0,0,1,0,0
59913.57246995,1.001135783,8.992184e-4,0,0,0,0,0,0,0,1,0,0
59913.57291958,0.999099341,8.990900e-4,0,0,0,0,0,0,0,1,0,0
59913.57336921,1.000394510,8.991926e-4,0,0,0,0,0,0,0,1,0,0
59913.57381883,1.000266334,8.988457e-4,0,0,0,0,0,0,0,1,0,0
59913.57426846,1.002937575,8.986735e-4,0,0,0,0,0,0,0,1,0,0
59913.57471808,1.000468380,8.993960e-4,0,0,0,0,0,0,0,1,0,0
59913.57516771,1.000063165,8.992190e-4,0,0,0,0,0,0,0,1,0,0
59913.57561733,1.002514105,8.991707e-4,0,0,0,0,0,0,0,1,0,0
59913.57606696,0.999928457,8.991113e-4,0,0,0,0,0,0,0,1,0,0
59913.57651659,1.000408335,9.012677e-4,0,0,0,0,0,0,0,1,0,0
59913.57696621,1.001405080,8.991504e-4,0,0,0,0,0,0,0,1,0,0
59913.57741584,1.000105577,8.988643e-4,0,0,0,0,0,0,0,1,0,0
59913.57786546,1.000767227,8.986881e-4,0,0,0,0,0,0,0,1,0,0
59913.57831509,1.001475342,8.989895e-4,0,0,0,0,0,0,0,1,0,0
59913.57876471,0.999363102,8.993973e-4,0,0,0,0,0,0,0,1,0,0
59913.57921434,1.002127925,8.989894e-4,0,0,0,0,0,0,0,1,0,0
59913.57966397,1.000366231,8.990739e-4,0,0,0,0,0,0,0,1,0,0
59913.58011359,1.001274084,8.986959e-4,0,0,0,0,0,0,0,1,0,0
59913.58056322,1.000221995,8.988903e-4,0,0,0,0,0,0,0,1,0,0
59913.58101284,0.999460093,8.987587e-4,0,0,0,0,0,0,0,1,0,0
59913.58146247,0.999991433,8.990541e-4,0,0,0,0,0,0,0,1,0,0
59913.58191210,0.999864505,8.991087e-4,0,0,0,0,0,0,0,1,0,0
59913.58236172,1.002328699,8.990498e-4,0,0,0,0,0,0,0,1,0,0
59913.58281135,0.999662807,8.987803e-4,0,0,0,0,0,0,0,1,0,0
59913.58326097,0.999997186,8.992642e-4,0,0,0,0,0,0,0,1,0,0
59913.58371060,1.000013937,8.993121e-4,0,0,0,0,0,0,0,1,0,0
59913.58416022,1.000279188,9.002273e-4,0,0,0,0,0,0,0,1,0,0
59913.58460985,0.998808657,9.029110e-4,0,0,0,0,0,0,0,1,0,0
59913.58505948,1.001449312,8.989461e-4,0,0,0,0,0,0,0,1,0,0
59913.58550910,0.999957674,8.987134e-4,0,0,0,0,0,0,0,1,0,0
59913.58595873,0.999800909,8.986010e-4,0,0,0,0,0,0,0,1,0,0
59913.58640835,1.001111230,8.987250e-4,0,0,0,0,0,0,0,1,0,0
59913.58685798,1.000772893,9.091702e-4,0,0,0,0,0,0,0,1,0,0
59913.58730760,1.000665715,8.988812e-4,0,0,0,0,0,0,0,1,0,0
59913.58775723,1.000034164,8.990942e-4,0,0,0,0,0,0,0,1,0,0
59913.58820686,1.000661341,8.993910e-4,0,0,0,0,0,0,0,1,0,0
59913.58865648,0.999675436,8.987126e-4,0,0,0,0,0,0,0,1,0,0
59913.58910611,0.999553054,8.988035e-4,0,0,0,0,0,0,0,1,0,0
59913.58955573,1.000062895,8.988268e-4,0,0,0,0,0,0,0,1,0,0
59913.59000536,0.999659386,8.989284e-4,0,0,0,0,0,0,0,1,0,0
59913.59045499,1.001652615,8.986730e-4,0,0,0,0,0,0,0,1,0,0
59913.59090461,0.998487419,8.984209e-4,0,0,0,0,0,0,0,1,0,0
59913.59135424,0.999902272,8.986445e-4,0,0,0,0,0,0,0,1,0,0
59913.59180386,1.000633375,8.987864e-4,0,0,0,0,0,0,0,1,0,0
59913.59225349,1.001101409,8.984799e-4,0,0,0,0,0,0,0,1,0,0
59913.59270311,0.999910224,8.987349e-4,0,0,0,0,0,0,0,1,0,0
59913.59315274,0.999026963,8.988494e-4,0,0,0,0,0,0,0,1,0,0
59913.59360237,1.000501577,8.985229e-4,0,0,0,0,0,0,0,1,0,0
59913.59405199,0.999359675,8.985779e-4,0,0,0,0,0,0,0,1,0,0
59913.59450162,0.999683130,8.990582e-4,0,0,0,0,0,0,0,1,0,0
59913.59495124,1.001392302,8.986123e-4,0,0,0,0,0,0,0,1,0,0
59913.59540087,1.000245906,8.985376e-4,0,0,0,0,0,0,0,1,0,0
59913.59585049,1.002820245,8.986599e-4,0,0,0,0,0,0,0,1,0,0
59913.59630012,1.000496169,8.992883e-4,0,0,0,0,0,0,0,1,0,0
59913.59674975,1.002130323,9.006778e-4,0,0,0,0,0,0,0,1,0,0
59913.59719937,1.001465163,8.988506e-4,0,0,0,0,0,0,0,1,0,0
59913.59764900,1.001189433,8.988015e-4,0,0,0,0,0,0,0,1,0,0
59913.59809862,1.000652938,8.986968e-4,0,0,0,0,0,0,0,1,0,0
59913.59854825,1.002035384,8.990768e-4,0,0,0,0,0,0,0,1,0,0
59913.59899788,1.001627476,8.992745e-4,0,0,0,0,0,0,0,1,0,0
59913.59944750,0.998863583,8.985929e-4,0,0,0,0,0,0,0,1,0,0
59913.59989713,0.999892360,8.991614e-4,0,0,0,0,0,0,0,1,0,0
59913.60034675,1.000736566,8.989594e-4,0,0,0,0,0,0,0,1,0,0
59913.60079638,1.000655509,8.990927e-4,0,0,0,0,0,0,0,1,0,0
59913.60124600,0.999163004,8.990837e-4,0,0,0,0,0,0,0,1,0,0
59913.60169563,0.999673887,8.993270e-4,0,0,0,0,0,0,0,1,0,0
59913.60214526,1.000218525,8.991579e-4,0,0,0,0,0,0,0,1,0,0
59913.60259488,1.001049244,8.990756e-4,0,0,0,0,0,0,0,1,0,0
59913.60304451,0.999554031,8.989951e-4,0,0,0,0,0,0,0,1,0,0
59913.60349413,1.001269962,8.991354e-4,0,0,0,0,0,0,0,1,0,0
59913.60394376,1.002227547,8.986663e-4,0,0,0,0,0,0,0,1,0,0
59913.60439338,1.000026483,8.984537e-4,0,0,0,0,0,0,0,1,0,0
59913.60484301,1.000307276,8.986897e-4,0,0,0,0,0,0,0,1,0,0
59913.60529264,1.000222938,8.992509e-4,0,0,0,0,0,0,0,1,0,0
59913.60574226,0.999658503,8.993440e-4,0,0,0,0,0,0,0,1,0,0
59913.60619189,1.001331893,8.985684e-4,0,0,0,0,0,0,0,1,0,0
59913.60664151,1.000284976,9.003244e-4,0,0,0,0,0,0,0,1,0,0
59913.60709114,1.000556216,8.987899e-4,0,0,0,0,0,0,0,1,0,0
59913.60754077,1.001395559,8.988241e-4,0,0,0,0,0,0,0,1,0,0
59913.60799039,0.999615909,8.989845e-4,0,0,0,0,0,0,0,1,0,0
59913.60844002,1.000877638,8.993031e-4,0,0,0,0,0,0,0,1,0,0
59913.60888964,1.000874276,8.989154e-4,0,0,0,0,0,0,0,1,0,0
59913.60933927,1.000886160,8.993798e-4,0,0,0,0,0,0,0,1,0,0
59913.60978889,1.001794589,8.988478e-4,0,0,0,0,0,0,0,1,0,0
59913.61023852,1.001038803,8.990763e-4,0,0,0,0,0,0,0,1,0,0
59913.61068815,1.002027217,8.992438e-4,0,0,0,0,0,0,0,1,0,0
59913.61113777,1.000133636,9.074893e-4,0,0,0,0,0,0,0,1,0,0
59913.61158740,0.999962217,8.988242e-4,0,0,0,0,0,0,0,1,0,0
59913.61203702,0.999951026,8.989717e-4,0,0,0,0,0,0,0,1,0,0
59913.61248665,1.000577257,9.092386e-4,0,0,0,0,0,0,0,1,0,0
59913.61293627,1.000689993,8.992789e-4,0,0,0,0,0,0,0,1,0,0
59913.61338590,0.999508063,9.193742e-4,0,0,0,0,0,0,0,1,0,0
59913.61383553,1.000250593,8.987837e-4,0,0,0,0,0,0,0,1,0,0
59913.61428515,1.000282910,8.986503e-4,0,0,0,0,0,0,0,1,0,0
59913.61473478,0.999493298,8.991984e-4,0,0,0,0,0,0,0,1,0,0
59913.61518440,1.000553242,8.994026e-4,0,0,0,0,0,0,0,1,0,0
59913.61563403,1.001183779,8.994339e-4,0,0,0,0,0,0,0,1,0,0
59913.61608366,0.999191724,8.989995e-4,0,0,0,0,0,0,0,1,0,0
59913.61653328,1.000359428,8.988916e-4,0,0,0,0,0,0,0,1,0,0
59913.61698291,1.000412368,8.986506e-4,0,0,0,0,0,0,0,1,0,0
59913.61743253,0.999441182,8.993596e-4,0,0,0,0,0,0,0,1,0,0
59913.61788216,0.999347873,8.988068e-4,0,0,0,0,0,0,0,1,0,0
59913.61833178,1.001042521,8.989431e-4,0,0,0,0,0,0,0,1,0,0
59913.61878141,1.002228369,8.988077e-4,0,0,0,0,0,0,0,1,0,0
59913.61923104,1.001378735,8.990300e-4,0,0,0,0,0,0,0,1,0,0
59913.61968066,0.999970898,8.990059e-4,0,0,0,0,0,0,0,1,0,0
59913.62013029,0.999091154,8.989416e-4,0,0,0,0,0,0,0,1,0,0
59913.62057991,1.001045019,8.991128e-4,0,0,0,0,0,0,0,1,0,0
59913.62102954,1.000750241,8.993786e-4,0,0,0,0,0,0,0,1,0,0
59913.62147916,0.999824718,8.989095e-4,0,0,0,0,0,0,0,1,0,0
59913.62192879,1.001397384,8.988028e-4,0,0,0,0,0,0,0,1,0,0
59913.62237842,1.000740924,8.995125e-4,0,0,0,0,0,0,0,1,0,0
59913.62282804,1.001578594,8.988435e-4,0,0,0,0,0,0,0,1,0,0
59913.62327767,1.000961051,8.985382e-4,0,0,0,0,0,0,0,1,0,0
59913.62372729,1.001258836,8.987967e-4,0,0,0,0,0,0,0,1,0,0
59913.62417692,0.999757063,8.989840e-4,0,0,0,0,0,0,0,1,0,0
59913.62462654,0.999892588,8.986599e-4,0,0,0,0,0,0,0,1,0,0
59913.62507617,0.999777043,8.987518e-4,0,0,0,0,0,0,0,1,0,0
59913.62552580,1.001024235,8.988076e-4,0,0,0,0,0,0,0,1,0,0
59913.62597542,1.000557674,8.997481e-4,0,0,0,0,0,0,0,1,0,0
59913.62642505,1.000381242,8.989787e-4,0,0,0,0,0,0,0,1,0,0
59913.62687467,1.000471399,8.990700e-4,0,0,0,0,0,0,0,1,0,0
59913.62732430,0.999126763,8.990569e-4,0,0,0,0,0,0,0,1,0,0
59913.62777393,1.000760693,8.989141e-4,0,0,0,0,0,0,0,1,0,0
59913.62822355,1.000816566,8.991354e-4,0,0,0,0,0,0,0,1,0,0
59882.05591434,1.000711622,9.084215e-4,0,0,0,0,0,0,0,0,1,0
59882.05636397,1.002220611,9.150490e-4,0,0,0,0,0,0,0,0,1,0
59882.05681360,1.000758324,9.085040e-4,0,0,0,0,0,0,0,0,1,0
59882.05726324,1.001664072,9.086579e-4,0,0,0,0,0,0,0,0,1,0
59882.05771287,1.000785180,9.140869e-4,0,0,0,0,0,0,0,0,1,0
59882.05816250,1.000245891,9.081297e-4,0,0,0,0,0,0,0,0,1,0
59882.05861213,1.001716575,9.083956e-4,0,0,0,0,0,0,0,0,1,0
59882.05906176,1.000696210,9.081331e-4,0,0,0,0,0,0,0,0,1,0
59882.05951140,1.001421572,9.086798e-4,0,0,0,0,0,0,0,0,1,0
59882.05996103,1.001312735,9.084737e-4,0,0,0,0,0,0,0,0,1,0
59882.06041066,0.999511629,9.089644e-4,0,0,0,0,0,0,0,0,1,0
59882.06086029,1.000634404,9.085863e-4,0,0,0,0,0,0,0,0,1,0
59882.06130992,1.001402987,9.091820e-4,0,0,0,0,0,0,0,0,1,0
59882.06175956,1.001323932,9.088845e-4,0,0,0,0,0,0,0,0,1,0
59882.06220919,1.001609541,9.087399e-4,0,0,0,0,0,0,0,0,1,0
59882.06265882,1.000107259,9.088707e-4,0,0,0,0,0,0,0,0,1,0
59882.06310845,1.001915372,9.086182e-4,0,0,0,0,0,0,0,0,1,0
59882.06355809,1.001466655,9.084421e-4,0,0,0,0,0,0,0,0,1,0
59882.06400772,1.000784173,9.084245e-4,0,0,0,0,0,0,0,0,1,0
59882.06445735,0.999279846,9.084556e-4,0,0,0,0,0,0,0,0,1,0
59882.06490698,1.000504925,9.082811e-4,0,0,0,0,0,0,0,0,1,0
59882.06535661,1.000020001,9.087527e-4,0,0,0,0,0,0,0,0,1,0
59882.06580625,1.002635097,9.087200e-4,0,0,0,0,0,0,0,0,1,0
59882.06625588,1.002006296,9.211895e-4,0,0,0,0,0,0,0,0,1,0
59882.06670551,1.000460727,9.085019e-4,0,0,0,0,0,0,0,0,1,0
59882.06715514,1.000877803,9.085081e-4,0,0,0,0,0,0,0,0,1,0
59882.06760478,1.001170110,9.083768e-4,0,0,0,0,0,0,0,0,1,0
59882.06805441,1.000102811,9.087427e-4,0,0,0,0,0,0,0,0,1,0
59882.06850404,1.002051938,9.083115e-4,0,0,0,0,0,0,0,0,1,0
59882.06895367,1.000010061,9.081249e-4,0,0,0,0,0,0,0,0,1,0
59882.06940330,1.000028280,9.081651e-4,0,0,0,0,0,0,0,0,1,0
59882.06985294,0.999221260,9.333425e-4,0,0,0,0,0,0,0,0,1,0
59882.07030257,1.001004681,9.086333e-4,0,0,0,0,0,0,0,0,1,0
59882.07075220,1.000687425,9.086910e-4,0,0,0,0,0,0,0,0,1,0
59882.07120183,1.000541602,9.084455e-4,0,0,0,0,0,0,0,0,1,0
59882.07165146,0.999735224,9.085222e-4,0,0,0,0,0,0,0,0,1,0
59882.07210110,0.999668399,9.086544e-4,0,0,0,0,0,0,0,0,1,0
59882.07255073,1.001500037,9.081903e-4,0,0,0,0,0,0,0,0,1,0
59882.07300036,1.000538554,9.082939e-4,0,0,0,0,0,0,0,0,1,0
59882.07344999,1.002635185,9.082203e-4,0,0,0,0,0,0,0,0,1,0
59882.07389963,1.001392633,9.084313e-4,0,0,0,0,0,0,0,0,1,0
59882.07434926,1.000305814,9.093047e-4,0,0,0,0,0,0,0,0,1,0
59882.07479889,1.002257703,9.084489e-4,0,0,0,0,0,0,0,0,1,0
59882.07524852,1.001547686,9.089030e-4,0,0,0,0,0,0,0,0,1,0
59882.07569815,1.001306303,9.084947e-4,0,0,0,0,0,0,0,0,1,0
59882.07614779,1.000159032,9.113440e-4,0,0,0,0,0,0,0,0,1,0
59882.07659742,1.001047577,9.082211e-4,0,0,0,0,0,0,0,0,1,0
59882.07704705,1.000906865,9.085777e-4,0,0,0,0,0,0,0,0,1,0
59882.07749668,0.999995454,9.083382e-4,0,0,0,0,0,0,0,0,1,0
59882.07794631,1.000843689,9.085952e-4,0,0,0,0,0,0,0,0,1,0
59882.07839595,1.001619424,9.085835e-4,0,0,0,0,0,0,0,0,1,0
59882.07884558,0.999591961,9.087075e-4,0,0,0,0,0,0,0,0,1,0
59882.07929521,1.001046843,9.081664e-4,0,0,0,0,0,0,0,0,1,0
59882.07974484,0.999686500,9.084835e-4,0,0,0,0,0,0,0,0,1,0
59882.08019448,1.000635236,9.082850e-4,0,0,0,0,0,0,0,0,1,0
59882.08064411,1.001075655,9.161560e-4,0,0,0,0,0,0,0,0,1,0
59882.08109374,1.000047725,9.077912e-4,0,0,0,0,0,0,0,0,1,0
59882.08154337,1.001178752,9.092973e-4,0,0,0,0,0,0,0,0,1,0
59882.08199300,0.999741036,9.087518e-4,0,0,0,0,0,0,0,0,1,0
59882.08244264,1.001308654,9.086982e-4,0,0,0,0,0,0,0,0,1,0
59882.08289227,1.000718297,9.078282e-4,0,0,0,0,0,0,0,0,1,0
59882.08334190,1.000333259,9.083735e-4,0,0,0,0,0,0,0,0,1,0
59882.08379153,0.999268090,9.086259e-4,0,0,0,0,0,0,0,0,1,0
59882.08424116,0.999706903,9.099379e-4,0,0,0,0,0,0,0,0,1,0
59882.08469080,1.001477338,9.079276e-4,0,0,0,0,0,0,0,0,1,0
59882.08514043,1.002375863,9.082471e-4,0,0,0,0,0,0,0,0,1,0
59882.08559006,1.000939868,9.085666e-4,0,0,0,0,0,0,0,0,1,0
59882.08603969,1.000669568,9.081488e-4,0,0,0,0,0,0,0,0,1,0
59882.08648933,1.001498548,9.080148e-4,0,0,0,0,0,0,0,0,1,0
59882.08693896,1.000030968,9.084188e-4,0,0,0,0,0,0,0,0,1,0
59882.08738859,1.000597582,9.085770e-4,0,0,0,0,0,0,0,0,1,0
59882.08783822,1.000263325,9.083469e-4,0,0,0,0,0,0,0,0,1,0
59882.08828785,0.999561514,9.088910e-4,0,0,0,0,0,0,0,0,1,0
59882.08873749,1.000672193,9.087944e-4,0,0,0,0,0,0,0,0,1,0
59882.08918712,1.000822397,9.084241e-4,0,0,0,0,0,0,0,0,1,0
59882.08963675,1.000989352,9.088291e-4,0,0,0,0,0,0,0,0,1,0
59882.09008638,1.001529810,9.083881e-4,0,0,0,0,0,0,0,0,1,0
59882.09053601,1.001456392,9.082311e-4,0,0,0,0,0,0,0,0,1,0
59882.09098565,1.000516677,9.079986e-4,0,0,0,0,0,0,0,0,1,0
59882.09143528,1.001623240,9.082484e-4,0,0,0,0,0,0,0,0,1,0
59882.09188491,1.000897222,9.081967e-4,0,0,0,0,0,0,0,0,1,0
59882.09233454,1.001850998,9.079842e-4,0,0,0,0,0,0,0,0,1,0
59882.09278418,0.999706835,9.075907e-4,0,0,0,0,0,0,0,0,1,0
59882.09323381,1.000200136,9.083975e-4,0,0,0,0,0,0,0,0,1,0
59882.09368344,0.999695188,9.086710e-4,0,0,0,0,0,0,0,0,1,0
59882.09413307,1.000029151,9.081241e-4,0,0,0,0,0,0,0,0,1,0
59882.09458270,1.001327831,9.082820e-4,0,0,0,0,0,0,0,0,1,0
59882.09503234,1.000887313,9.083703e-4,0,0,0,0,0,0,0,0,1,0
59882.09548197,1.001503523,9.083986e-4,0,0,0,0,0,0,0,0,1,0
59882.09593160,1.002249434,9.083295e-4,0,0,0,0,0,0,0,0,1,0
59882.09638123,1.000590061,9.084119e-4,0,0,0,0,0,0,0,0,1,0
59882.09683086,1.000786212,9.082534e-4,0,0,0,0,0,0,0,0,1,0
59882.09728050,1.000724112,9.082635e-4,0,0,0,0,0,0,0,0,1,0
59882.09773013,1.001171106,9.083902e-4,0,0,0,0,0,0,0,0,1,0
59882.09817976,1.001100304,9.087653e-4,0,0,0,0,0,0,0,0,1,0
59882.09862939,0.999160623,9.084009e-4,0,0,0,0,0,0,0,0,1,0
59882.09907902,1.001522945,9.083177e-4,0,0,0,0,0,0,0,0,1,0
59882.09952866,1.001014966,9.084069e-4,0,0,0,0,0,0,0,0,1,0
59882.09997829,1.000038900,9.082744e-4,0,0,0,0,0,0,0,0,1,0
59882.10042792,1.000442922,9.083523e-4,0,0,0,0,0,0,0,0,1,0
59882.10087755,1.000130225,9.198947e-4,0,0,0,0,0,0,0,0,1,0
59882.10132719,1.001884912,9.081450e-4,0,0,0,0,0,0,0,0,1,0
59882.10177682,0.999094481,9.083845e-4,0,0,0,0,0,0,0,0,1,0
59882.10222645,1.001760161,9.082720e-4,0,0,0,0,0,0,0,0,1,0
59882.10267608,1.001599735,9.081080e-4,0,0,0,0,0,0,0,0,1,0
59882.10312571,1.001329321,9.079416e-4,0,0,0,0,0,0,0,0,1,0
59882.10357535,1.001697941,9.080593e-4,0,0,0,0,0,0,0,0,1,0
59882.10402498,1.001319304,9.098567e-4,0,0,0,0,0,0,0,0,1,0
59882.10447461,1.002454505,9.083484e-4,0,0,0,0,0,0,0,0,1,0
59882.10492424,1.000456865,9.085849e-4,0,0,0,0,0,0,0,0,1,0
59882.10537387,1.001918376,9.084369e-4,0,0,0,0,0,0,0,0,1,0
59882.10582351,1.000537076,9.149374e-4,0,0,0,0,0,0,0,0,1,0
59882.10627314,1.001567713,9.083400e-4,0,0,0,0,0,0,0,0,1,0
59882.10672277,1.000766331,9.084625e-4,0,0,0,0,0,0,0,0,1,0
59882.10717240,1.000618139,9.083803e-4,0,0,0,0,0,0,0,0,1,0
59882.10762204,1.001075467,9.079381e-4,0,0,0,0,0,0,0,0,1,0
59882.10807167,1.001152185,9.081810e-4,0,0,0,0,0,0,0,0,1,0
59882.10852130,0.998848511,9.081263e-4,0,0,0,0,0,0,0,0,1,0
59882.10897093,1.000188243,9.076814e-4,0,0,0,0,0,0,0,0,1,0
59882.10942056,0.997851489,9.078281e-4,0,0,0,0,0,0,0,0,1,0
59882.10987020,0.999713548,9.115448e-4,0,0,0,0,0,0,0,0,1,0
59882.11031983,0.999913201,9.083895e-4,0,0,0,0,0,0,0,0,1,0
59882.11076946,1.001513092,9.080727e-4,0,0,0,0,0,0,0,0,1,0
59882.11121909,1.000615621,9.082956e-4,0,0,0,0,0,0,0,0,1,0
59882.11166872,0.999328053,9.081542e-4,0,0,0,0,0,0,0,0,1,0
59882.11211836,1.001173385,9.083611e-4,0,0,0,0,0,0,0,0,1,0
59882.11256799,1.002198545,9.083427e-4,0,0,0,0,0,0,0,0,1,0
59882.11301762,1.001641131,9.085351e-4,0,0,0,0,0,0,0,0,1,0
59882.11346725,1.000881785,9.080041e-4,0,0,0,0,0,0,0,0,1,0
59882.11391689,1.000917190,9.088358e-4,0,0,0,0,0,0,0,0,1,0
59882.11436652,1.001806024,9.088483e-4,0,0,0,0,0,0,0,0,1,0
59882.11481615,1.002202982,9.082844e-4,0,0,0,0,0,0,0,0,1,0
59882.11526578,0.998912837,9.084028e-4,0,0,0,0,0,0,0,0,1,0
59882.11571541,1.000664697,9.083468e-4,0,0,0,0,0,0,0,0,1,0
59882.11616505,1.000950279,9.079898e-4,0,0,0,0,0,0,0,0,1,0
59882.11661468,0.999173775,9.084535e-4,0,0,0,0,0,0,0,0,1,0
59882.11706431,0.999423836,9.082151e-4,0,0,0,0,0,0,0,0,1,0
59882.11751394,1.001236473,9.080149e-4,0,0,0,0,0,0,0,0,1,0
59882.11796357,1.001902727,9.084009e-4,0,0,0,0,0,0,0,0,1,0
59882.11841321,0.998925283,9.081164e-4,0,0,0,0,0,0,0,0,1,0
59882.11886284,1.002324365,9.079053e-4,0,0,0,0,0,0,0,0,1,0
59882.11931247,1.002028774,9.084809e-4,0,0,0,0,0,0,0,0,1,0
59882.11976210,1.001552232,9.078016e-4,0,0,0,0,0,0,0,0,1,0
59882.12021173,1.000171999,9.079070e-4,0,0,0,0,0,0,0,0,1,0
59882.12066137,1.001188529,9.121443e-4,0,0,0,0,0,0,0,0,1,0
59882.12111100,1.001570293,9.078794e-4,0,0,0,0,0,0,0,0,1,0
59882.12156063,1.001172004,9.080155e-4,0,0,0,0,0,0,0,0,1,0
59882.12201026,1.001139801,9.081204e-4,0,0,0,0,0,0,0,0,1,0
59882.12245990,1.000156558,9.080698e-4,0,0,0,0,0,0,0,0,1,0
59882.12290953,1.000232882,9.083692e-4,0,0,0,0,0,0,0,0,1,0
59882.12335916,1.001348109,9.083237e-4,0,0,0,0,0,0,0,0,1,0
59882.12380879,1.000269723,9.083471e-4,0,0,0,0,0,0,0,0,1,0
59882.12425842,1.000152510,9.080055e-4,0,0,0,0,0,0,0,0,1,0
59882.12470806,1.001093087,9.082448e-4,0,0,0,0,0,0,0,0,1,0
59882.12515769,1.001677472,9.081500e-4,0,0,0,0,0,0,0,0,1,0
59882.12560732,1.000219928,9.083205e-4,0,0,0,0,0,0,0,0,1,0
59882.12605695,1.001511810,9.077600e-4,0,0,0,0,0,0,0,0,1,0
59882.12650658,1.001554802,9.081143e-4,0,0,0,0,0,0,0,0,1,0
59882.12695622,1.001180134,9.077935e-4,0,0,0,0,0,0,0,0,1,0
59882.12740585,1.000559180,9.080443e-4,0,0,0,0,0,0,0,0,1,0
59882.12785548,0.999371641,9.079717e-4,0,0,0,0,0,0,0,0,1,0
59882.12830511,1.000052857,9.084066e-4,0,0,0,0,0,0,0,0,1,0
59882.12875475,1.001646211,9.083800e-4,0,0,0,0,0,0,0,0,1,0
59882.12920438,1.002048884,9.084183e-4,0,0,0,0,0,0,0,0,1,0
59882.12965401,1.000448179,9.136140e-4,0,0,0,0,0,0,0,0,1,0
59882.13010364,0.998970104,9.080950e-4,0,0,0,0,0,0,0,0,1,0
59882.13055327,1.000798136,9.087215e-4,0,0,0,0,0,0,0,0,1,0
59882.13100291,1.001354316,9.084036e-4,0,0,0,0,0,0,0,0,1,0
59882.13145254,0.999394342,9.082357e-4,0,0,0,0,0,0,0,0,1,0
59882.13190217,0.999823272,9.083052e-4,0,0,0,0,0,0,0,0,1,0
59882.13235180,1.000835031,9.079183e-4,0,0,0,0,0,0,0,0,1,0
59882.13280143,0.998952097,9.080861e-4,0,0,0,0,0,0,0,0,1,0
59882.13325107,1.000887741,9.082682e-4,0,0,0,0,0,0,0,0,1,0
59882.13370070,1.000445165,9.079423e-4,0,0,0,0,0,0,0,0,1,0
59882.13415033,1.000882623,9.081284e-4,0,0,0,0,0,0,0,0,1,0
59882.13459996,0.999285993,9.089250e-4,0,0,0,0,0,0,0,0,1,0
59882.13504959,1.002007407,9.088305e-4,0,0,0,0,0,0,0,0,1,0
59882.13549923,0.998784469,9.205772e-4,0,0,0,0,0,0,0,0,1,0
59882.13594886,1.001093793,9.086214e-4,0,0,0,0,0,0,0,0,1,0
59882.13639849,1.000769880,9.087009e-4,0,0,0,0,0,0,0,0,1,0
59882.13684812,1.002045793,9.091742e-4,0,0,0,0,0,0,0,0,1,0
59882.13729776,1.002543790,9.085067e-4,0,0,0,0,0,0,0,0,1,0
59882.13774739,1.001419164,9.084275e-4,0,0,0,0,0,0,0,0,1,0
59882.13819702,1.000723146,9.083552e-4,0,0,0,0,0,0,0,0,1,0
59882.13864665,1.000962763,9.083872e-4,0,0,0,0,0,0,0,0,1,0
59882.13909628,1.001426934,9.085609e-4,0,0,0,0,0,0,0,0,1,0
59882.13954592,1.001357872,9.081782e-4,0,0,0,0,0,0,0,0,1,0
59882.13999555,1.001328662,9.086016e-4,0,0,0,0,0,0,0,0,1,0
59882.14044518,1.000551663,9.078500e-4,0,0,0,0,0,0,0,0,1,0
59882.14089481,1.002778845,9.086961e-4,0,0,0,0,0,0,0,0,1,0
59882.14134444,1.000606437,9.076622e-4,0,0,0,0,0,0,0,0,1,0
59882.14179408,0.999745242,9.081266e-4,0,0,0,0,0,0,0,0,1,0
59882.14224371,1.001471405,9.080665e-4,0,0,0,0,0,0,0,0,1,0
59882.14269334,1.000248650,9.086242e-4,0,0,0,0,0,0,0,0,1,0
59882.14314297,1.000761005,9.082259e-4,0,0,0,0,0,0,0,0,1,0
59882.14359261,1.000948295,9.082315e-4,0,0,0,0,0,0,0,0,1,0
59882.14404224,1.002022999,9.083478e-4,0,0,0,0,0,0,0,0,1,0
59889.32159018,0.999766528,9.928054e-4,0,0,0,0,0,0,0,0,0,1
59889.32203981,0.998407805,9.935547e-4,0,0,0,0,0,0,0,0,0,1
59889.32248944,0.999666110,9.940376e-4,0,0,0,0,0,0,0,0,0,1
59889.32293906,1.001916989,9.937171e-4,0,0,0,0,0,0,0,0,0,1
59889.32338869,1.000139561,9.959672e-4,0,0,0,0,0,0,0,0,0,1
59889.32383832,1.000069249,9.934889e-4,0,0,0,0,0,0,0,0,0,1
59889.32428795,1.001422828,9.935844e-4,0,0,0,0,0,0,0,0,0,1
59889.32473758,1.000585842,9.934237e-4,0,0,0,0,0,0,0,0,0,1
59889.32518721,0.999506444,9.935257e-4,0,0,0,0,0,0,0,0,0,1
59889.32563684,0.999491309,9.936465e-4,0,0,0,0,0,0,0,0,0,1
59889.32608647,0.999771992,9.934719e-4,0,0,0,0,0,0,0,0,0,1
59889.32653610,1.001354850,9.938739e-4,0,0,0,0,0,0,0,0,0,1
59889.32698573,0.999672554,9.928940e-4,0,0,0,0,0,0,0,0,0,1
59889.32743535,1.000884034,9.932900e-4,0,0,0,0,0,0,0,0,0,1
59889.32788498,1.002186522,9.942444e-4,0,0,0,0,0,0,0,0,0,1
59889.32833461,1.001323389,9.934641e-4,0,0,0,0,0,0,0,0,0,1
59889.32878424,0.999506435,9.934674e-4,0,0,0,0,0,0,0,0,0,1
59889.32923387,1.000230682,9.940967e-4,0,0,0,0,0,0,0,0,0,1
59889.32968350,1.001384529,9.934721e-4,0,0,0,0,0,0,0,0,0,1
59889.33013313,0.999531438,9.947767e-4,0,0,0,0,0,0,0,0,0,1
59889.33058276,1.000378869,9.947815e-4,0,0,0,0,0,0,0,0,0,1
59889.33103239,0.999714815,9.942431e-4,0,0,0,0,0,0,0,0,0,1
59889.33148201,0.999280825,9.931349e-4,0,0,0,0,0,0,0,0,0,1
59889.33193164,1.001173323,9.936552e-4,0,0,0,0,0,0,0,0,0,1
59889.33238127,0.999404820,9.939783e-4,0,0,0,0,0,0,0,0,0,1
59889.33283090,1.000139255,9.932169e-4,0,0,0,0,0,0,0,0,0,1
59889.33328053,1.001587851,9.930862e-4,0,0,0,0,0,0,0,0,0,1
59889.33373016,0.999529253,9.938545e-4,0,0,0,0,0,0,0,0,0,1
59889.33417979,1.002051232,9.931835e-4,0,0,0,0,0,0,0,0,0,1
59889.33462942,0.998526872,9.933624e-4,0,0,0,0,0,0,0,0,0,1
59889.33507905,1.000407848,9.935814e-4,0,0,0,0,0,0,0,0,0,1
59889.33552867,0.999294380,9.936173e-4,0,0,0,0,0,0,0,0,0,1
59889.33597830,0.999907379,9.932886e-4,0,0,0,0,0,0,0,0,0,1
59889.33642793,1.002469417,9.925659e-4,0,0,0,0,0,0,0,0,0,1
59889.33687756,1.002040058,9.937049e-4,0,0,0,0,0,0,0,0,0,1
59889.33732719,0.997966215,9.926610e-4,0,0,0,0,0,0,0,0,0,1
59889.33777682,1.000018072,9.938595e-4,0,0,0,0,0,0,0,0,0,1
59889.33822645,1.000068319,9.932227e-4,0,0,0,0,0,0,0,0,0,1
59889.33867608,1.001663367,1.000565e-3,0,0,0,0,0,0,0,0,0,1
59889.33912571,0.999416523,9.939571e-4,0,0,0,0,0,0,0,0,0,1
59889.33957533,1.000489679,9.940930e-4,0,0,0,0,0,0,0,0,0,1
59889.34002496,1.000983508,9.936583e-4,0,0,0,0,0,0,0,0,0,1
59889.34047459,1.002457821,9.938215e-4,0,0,0,0,0,0,0,0,0,1
59889.34092422,1.001757416,9.944342e-4,0,0,0,0,0,0,0,0,0,1
59889.34137385,1.001375105,9.931282e-4,0,0,0,0,0,0,0,0,0,1
59889.34182348,1.000204267,9.931252e-4,0,0,0,0,0,0,0,0,0,1
59889.34227311,0.999861437,9.923836e-4,0,0,0,0,0,0,0,0,0,1
59889.34272274,1.001288946,9.927206e-4,0,0,0,0,0,0,0,0,0,1
59889.34317237,1.001263396,9.931503e-4,0,0,0,0,0,0,0,0,0,1
59889.34362199,1.000840557,9.929069e-4,0,0,0,0,0,0,0,0,0,1
59889.34407162,1.001474781,9.927161e-4,0,0,0,0,0,0,0,0,0,1
59889.34452125,1.001172766,9.928333e-4,0,0,0,0,0,0,0,0,0,1
59889.34497088,1.000886825,9.938501e-4,0,0,0,0,0,0,0,0,0,1
59889.34542051,0.999660489,1.008726e-3,0,0,0,0,0,0,0,0,0,1
59889.34587014,0.998783523,9.929168e-4,0,0,0,0,0,0,0,0,0,1
59889.34631977,0.999636743,9.929249e-4,0,0,0,0,0,0,0,0,0,1
59889.34676940,1.000884287,9.920369e-4,0,0,0,0,0,0,0,0,0,1
59889.34721903,0.998618803,9.933053e-4,0,0,0,0,0,0,0,0,0,1
59889.34766866,1.000923584,9.929099e-4,0,0,0,0,0,0,0,0,0,1
59889.34811828,0.999895005,9.935586e-4,0,0,0,0,0,0,0,0,0,1
59889.34856791,0.998536062,1.013236e-3,0,0,0,0,0,0,0,0,0,1
59889.34901754,1.001452609,9.924944e-4,0,0,0,0,0,0,0,0,0,1
59889.34946717,0.999426842,9.923139e-4,0,0,0,0,0,0,0,0,0,1
59889.34991680,1.000593933,9.930190e-4,0,0,0,0,0,0,0,0,0,1
59889.35036643,1.000916340,9.929344e-4,0,0,0,0,0,0,0,0,0,1
59889.35081606,0.999821327,9.926447e-4,0,0,0,0,0,0,0,0,0,1
59889.35126569,1.001064172,9.933816e-4,0,0,0,0,0,0,0,0,0,1
59889.35171532,0.999417621,9.929997e-4,0,0,0,0,0,0,0,0,0,1
59889.35216494,0.999791726,9.932277e-4,0,0,0,0,0,0,0,0,0,1
59889.35261457,0.999328285,9.925643e-4,0,0,0,0,0,0,0,0,0,1
59889.35306420,1.001004678,9.924461e-4,0,0,0,0,0,0,0,0,0,1
59889.35351383,1.000103099,9.920273e-4,0,0,0,0,0,0,0,0,0,1
59889.35396346,1.002582115,9.921592e-4,0,0,0,0,0,0,0,0,0,1
59889.35441309,0.998210652,9.936475e-4,0,0,0,0,0,0,0,0,0,1
59889.35486272,1.000225159,9.924210e-4,0,0,0,0,0,0,0,0,0,1
59889.35531235,0.999887573,9.920623e-4,0,0,0,0,0,0,0,0,0,1
59889.35576198,1.001619511,9.926214e-4,0,0,0,0,0,0,0,0,0,1
59889.35621160,1.000672487,9.927842e-4,0,0,0,0,0,0,0,0,0,1
59889.35666123,1.000810488,9.923318e-4,0,0,0,0,0,0,0,0,0,1
59889.35711086,1.000736261,9.925974e-4,0,0,0,0,0,0,0,0,0,1
59889.35756049,1.000963462,9.929356e-4,0,0,0,0,0,0,0,0,0,1
59889.35801012,0.999876430,9.919218e-4,0,0,0,0,0,0,0,0,0,1
59889.35845975,0.998679867,9.928846e-4,0,0,0,0,0,0,0,0,0,1
59889.35890938,1.001314599,9.920193e-4,0,0,0,0,0,0,0,0,0,1
59889.35935901,1.000505569,9.924257e-4,0,0,0,0,0,0,0,0,0,1
59889.35980864,1.001602171,9.924516e-4,0,0,0,0,0,0,0,0,0,1
59889.36025826,1.000495963,9.925210e-4,0,0,0,0,0,0,0,0,0,1
59889.36070789,1.000763210,9.930615e-4,0,0,0,0,0,0,0,0,0,1
59889.36115752,0.999150228,9.928582e-4,0,0,0,0,0,0,0,0,0,1
59889.36160715,0.998486974,9.922491e-4,0,0,0,0,0,0,0,0,0,1
59889.36205678,0.998762612,9.924862e-4,0,0,0,0,0,0,0,0,0,1
59889.36250641,1.002621519,9.918164e-4,0,0,0,0,0,0,0,0,0,1
59889.36295604,1.000660194,9.925314e-4,0,0,0,0,0,0,0,0,0,1
59889.36340567,0.998419828,9.930745e-4,0,0,0,0,0,0,0,0,0,1
59889.36385530,1.001780134,9.921790e-4,0,0,0,0,0,0,0,0,0,1
59889.36430492,0.999674216,9.916578e-4,0,0,0,0,0,0,0,0,0,1
59889.36475455,1.000250769,9.922621e-4,0,0,0,0,0,0,0,0,0,1
59889.36520418,1.000259806,9.921198e-4,0,0,0,0,0,0,0,0,0,1
59889.36565381,1.000791517,9.936232e-4,0,0,0,0,0,0,0,0,0,1
59889.36610344,1.000549219,9.930645e-4,0,0,0,0,0,0,0,0,0,1
59889.36655307,1.000863904,9.917844e-4,0,0,0,0,0,0,0,0,0,1
59889.36700270,1.000818752,9.921271e-4,0,0,0,0,0,0,0,0,0,1
59889.36745233,1.000141433,9.927239e-4,0,0,0,0,0,0,0,0,0,1
59889.36790196,1.001308096,9.925081e-4,0,0,0,0,0,0,0,0,0,1
59889.36835158,1.000249929,9.925588e-4,0,0,0,0,0,0,0,0,0,1
59889.36880121,0.999133993,9.927647e-4,0,0,0,0,0,0,0,0,0,1
59889.36925084,0.999845131,9.924749e-4,0,0,0,0,0,0,0,0,0,1
59889.36970047,1.000557542,9.921592e-4,0,0,0,0,0,0,0,0,0,1
59889.37015010,1.000904145,9.918396e-4,0,0,0,0,0,0,0,0,0,1
59889.37059973,1.001426085,9.922642e-4,0,0,0,0,0,0,0,0,0,1
59889.37104936,1.000016652,9.923929e-4,0,0,0,0,0,0,0,0,0,1
59889.37149899,1.000418079,9.922133e-4,0,0,0,0,0,0,0,0,0,1
59889.37194862,1.000199639,9.925340e-4,0,0,0,0,0,0,0,0,0,1
59889.37239824,1.002035180,9.927378e-4,0,0,0,0,0,0,0,0,0,1
59889.37284787,1.000878040,9.968185e-4,0,0,0,0,0,0,0,0,0,1
59889.37329750,0.999498417,9.922804e-4,0,0,0,0,0,0,0,0,0,1
59889.37374713,1.001466390,9.925902e-4,0,0,0,0,0,0,0,0,0,1
59889.37419676,0.999992958,9.920893e-4,0,0,0,0,0,0,0,0,0,1
59889.37464639,1.000585712,9.926425e-4,0,0,0,0,0,0,0,0,0,1
59889.37509602,1.000838446,9.925739e-4,0,0,0,0,0,0,0,0,0,1
59889.37554565,0.999577303,9.938986e-4,0,0,0,0,0,0,0,0,0,1
59889.37599528,0.999605947,9.924393e-4,0,0,0,0,0,0,0,0,0,1
59889.37644491,0.999753938,9.917901e-4,0,0,0,0,0,0,0,0,0,1
59889.37689453,1.000124801,9.921602e-4,0,0,0,0,0,0,0,0,0,1
59889.37734416,1.000772090,9.922692e-4,0,0,0,0,0,0,0,0,0,1
59889.37779379,0.999158519,9.911326e-4,0,0,0,0,0,0,0,0,0,1
59889.37824342,1.000166887,9.916589e-4,0,0,0,0,0,0,0,0,0,1
59889.37869305,0.999582360,9.928079e-4,0,0,0,0,0,0,0,0,0,1
59889.37914268,0.999396820,9.918668e-4,0,0,0,0,0,0,0,0,0,1
59889.37959231,1.001543987,9.924067e-4,0,0,0,0,0,0,0,0,0,1
59889.38004194,1.001069314,9.920022e-4,0,0,0,0,0,0,0,0,0,1
59889.38049157,0.999965457,9.924103e-4,0,0,0,0,0,0,0,0,0,1
59889.38094119,1.000940869,9.913529e-4,0,0,0,0,0,0,0,0,0,1
59889.38139082,1.000576287,9.927123e-4,0,0,0,0,0,0,0,0,0,1
59889.38184045,0.999625031,9.920525e-4,0,0,0,0,0,0,0,0,0,1
59889.38229008,1.000512203,9.917650e-4,0,0,0,0,0,0,0,0,0,1
59889.38273971,1.000636614,9.930645e-4,0,0,0,0,0,0,0,0,0,1
59889.38318934,1.000040084,9.919452e-4,0,0,0,0,0,0,0,0,0,1
59889.38363897,0.998085585,9.959626e-4,0,0,0,0,0,0,0,0,0,1
59889.38408860,1.002722003,9.945763e-4,0,0,0,0,0,0,0,0,0,1
59889.38453823,0.999604203,9.917446e-4,0,0,0,0,0,0,0,0,0,1
59889.38498785,1.000217799,9.924129e-4,0,0,0,0,0,0,0,0,0,1
59889.38543748,1.000898122,9.918202e-4,0,0,0,0,0,0,0,0,0,1
59889.38588711,0.999554817,9.916226e-4,0,0,0,0,0,0,0,0,0,1
59889.38633674,1.001424474,9.920349e-4,0,0,0,0,0,0,0,0,0,1
59889.38678637,1.001066008,9.921302e-4,0,0,0,0,0,0,0,0,0,1
59889.38723600,1.001080181,9.922436e-4,0,0,0,0,0,0,0,0,0,1
59889.38768563,1.000279616,9.918442e-4,0,0,0,0,0,0,0,0,0,1
59889.38813526,1.002304081,9.925463e-4,0,0,0,0,0,0,0,0,0,1
59889.38858489,1.001704626,9.923716e-4,0,0,0,0,0,0,0,0,0,1
59889.38903451,1.000438410,9.921077e-4,0,0,0,0,0,0,0,0,0,1
59889.38948414,0.999751877,9.925000e-4,0,0,0,0,0,0,0,0,0,1
59889.38993377,0.999241196,9.928033e-4,0,0,0,0,0,0,0,0,0,1
59889.39038340,0.999538244,9.915300e-4,0,0,0,0,0,0,0,0,0,1
59889.39083303,0.998907840,9.920945e-4,0,0,0,0,0,0,0,0,0,1
59889.39128266,1.002063422,9.921564e-4,0,0,0,0,0,0,0,0,0,1
59889.39173229,1.001171047,9.916618e-4,0,0,0,0,0,0,0,0,0,1
59889.39218192,1.001195648,9.917443e-4,0,0,0,0,0,0,0,0,0,1
59889.39263155,0.998535079,9.915056e-4,0,0,0,0,0,0,0,0,0,1
59889.39308117,1.000513726,9.966209e-4,0,0,0,0,0,0,0,0,0,1
59889.39353080,1.000257217,1.000566e-3,0,0,0,0,0,0,0,0,0,1
59889.39398043,0.999836720,9.921328e-4,0,0,0,0,0,0,0,0,0,1
59889.39443006,1.001067149,9.920781e-4,0,0,0,0,0,0,0,0,0,1
59889.39487969,1.000260029,9.954761e-4,0,0,0,0,0,0,0,0,0,1
59889.39532932,1.000835962,9.927354e-4,0,0,0,0,0,0,0,0,0,1
59889.39577895,1.000637098,9.920588e-4,0,0,0,0,0,0,0,0,0,1
59889.39622858,0.999886293,9.923158e-4,0,0,0,0,0,0,0,0,0,1
59889.39667821,1.001046996,9.916194e-4,0,0,0,0,0,0,0,0,0,1
59889.39712783,1.001547550,9.917571e-4,0,0,0,0,0,0,0,0,0,1
59889.39757746,0.999742272,9.922865e-4,0,0,0,0,0,0,0,0,0,1
59889.39802709,1.001755573,9.917383e-4,0,0,0,0,0,0,0,0,0,1
59889.39847672,1.000090769,9.920523e-4,0,0,0,0,0,0,0,0,0,1
59889.39892635,1.002674996,9.917783e-4,0,0,0,0,0,0,0,0,0,1
59889.39937598,1.001656885,9.913038e-4,0,0,0,0,0,0,0,0,0,1
59889.39982561,0.999936483,9.924160e-4,0,0,0,0,0,0,0,0,0,1
59889.40027524,1.001612825,9.932085e-4,0,0,0,0,0,0,0,0,0,1
59889.40072487,1.001437849,9.924257e-4,0,0,0,0,0,0,0,0,0,1
59889.40117449,1.000676936,9.928595e-4,0,0,0,0,0,0,0,0,0,1
59889.40162412,1.000755338,9.924122e-4,0,0,0,0,0,0,0,0,0,1
59889.40207375,0.998843552,9.922026e-4,0,0,0,0,0,0,0,0,0,1
59889.40252338,1.000214868,9.919622e-4,0,0,0,0,0,0,0,0,0,1
59889.40297301,1.000172512,9.924400e-4,0,0,0,0,0,0,0,0,0,1
59889.40342264,0.999623013,9.921735e-4,0,0,0,0,0,0,0,0,0,1
59889.40387227,1.000573727,9.916937e-4,0,0,0,0,0,0,0,0,0,1
59889.40432190,0.999813961,9.919783e-4,0,0,0,0,0,0,0,0,0,1
59889.40477153,1.000477153,9.915068e-4,0,0,0,0,0,0,0,0,0,1
59889.40522115,1.001210779,9.924499e-4,0,0,0,0,0,0,0,0,0,1
59889.40567078,0.999284113,9.917381e-4,0,0,0,0,0,0,0,0,0,1
59889.40612041,1.000071123,9.923597e-4,0,0,0,0,0,0,0,0,0,1
59889.40657004,1.000090962,9.920324e-4,0,0,0,0,0,0,0,0,0,1
59889.40701967,1.001405533,9.914013e-4,0,0,0,0,0,0,0,0,0,1
59889.40746930,0.999510876,9.916515e-4,0,0,0,0,0,0,0,0,0,1
59889.40791893,0.999194023,9.916819e-4,0,0,0,0,0,0,0,0,0,1
59889.40836856,0.999818215,9.923836e-4,0,0,0,0,0,0,0,0,0,1
59889.40881819,1.001562763,9.917223e-4,0,0,0,0,0,0,0,0,0,1
59889.40926781,1.000021781,9.917579e-4,0,0,0,0,0,0,0,0,0,1
59889.40971744,0.999662097,9.919136e-4,0,0,0,0,0,0,0,0,0,1
